year,actor,industry_code,motive,event_subtype,description,country,actor_country
2023,919,51,5,85,9008,154,75
2021,579,46,0,0,7547,111,60
2017,412,22,7,0,11174,154,60
2023,1062,44,8,85,7791,145,75
2022,695,22,4,9,5753,123,74
2021,591,44,0,1,5870,104,75
2022,558,92,4,63,9752,158,60
2023,592,61,0,9,6608,158,75
2021,814,31,0,55,6858,143,60
2021,773,66,0,0,9505,139,72
2021,1062,52,2,85,9875,73,75
2016,135,92,4,72,4537,5,58
2023,1177,42,0,52,8023,143,75
2023,790,51,0,0,9525,158,75
2020,833,49,0,0,2776,95,75
2017,1062,61,0,0,9228,158,75
2020,399,62,8,9,1759,158,78
2022,918,56,0,0,5272,110,75
2023,1062,62,0,85,7220,158,75
2022,410,22,0,0,9675,49,60
2016,759,54,0,9,462,155,75
2021,1062,72,8,9,6397,158,75
2022,777,79,0,28,8586,158,65
2019,1052,62,0,18,2745,152,75
2023,1062,54,3,85,7258,157,75
2015,743,83,8,70,11268,80,36
2023,1062,48,0,9,1188,158,75
2018,1062,61,0,13,3215,158,75
2023,58,47,0,0,8384,18,60
2021,1062,61,0,1,5569,158,75
2016,273,92,4,64,8234,131,61
2022,1062,62,0,0,2528,158,75
2022,1062,85,0,0,7891,157,75
2022,419,55,0,0,5563,158,75
2021,647,38,0,0,2131,32,69
2023,239,52,0,0,1774,158,75
2021,1062,61,6,85,2633,158,75
2022,1062,63,0,85,11138,21,75
2016,545,92,8,9,4864,38,75
2014,1062,81,8,9,4925,158,75
2018,1062,48,8,63,8692,36,75
2022,1062,62,0,85,2944,158,75
2022,1025,60,0,0,5204,146,75
2023,1062,59,0,85,8805,36,75
2020,1062,92,0,68,10753,16,75
2021,953,64,0,2,7746,158,75
2022,1062,81,0,63,1139,155,75
2018,256,61,8,9,2613,158,75
2023,1062,68,3,85,7763,157,75
2022,1079,93,0,0,11743,39,75
2024,427,52,0,9,871,146,75
2024,784,61,0,0,8740,158,75
2020,1062,52,0,63,11711,158,75
2021,1062,92,4,63,9480,107,75
2022,1062,54,8,9,3151,158,75
2018,1062,61,0,9,2569,158,75
2017,10,54,8,9,414,158,75
2021,1154,92,4,72,5355,158,75
2022,1062,62,0,9,2520,158,75
2022,203,52,0,0,2081,68,60
2023,797,46,0,2,2710,100,70
2015,1062,80,6,61,2527,158,75
2018,112,92,4,28,4001,69,75
2020,1062,62,0,9,1506,158,75
2023,884,71,0,0,2287,158,75
2020,1062,92,0,1,7241,158,75
2022,1079,32,0,0,11743,118,75
2019,63,31,1,9,3769,49,81
2020,1062,31,0,0,5007,158,75
2020,955,55,0,1,4583,61,75
2018,1062,62,0,9,1200,158,75
2014,1062,71,8,63,2602,158,75
2023,1062,54,0,85,4334,158,75
2020,851,59,1,6,7751,136,75
2023,754,65,0,4,7585,115,75
2023,1062,67,0,85,6737,158,75
2015,910,63,8,66,11176,158,75
2017,869,92,3,9,895,107,60
2021,936,92,4,72,10415,158,75
2023,1062,67,8,85,2466,85,75
2022,1062,51,8,9,6742,123,75
2021,1062,71,1,0,7381,146,75
2017,412,61,7,0,11174,154,60
2023,1062,35,0,85,6975,158,75
2015,1060,44,0,23,10819,156,75
2016,998,71,8,67,406,9,72
2019,1062,52,0,9,4771,71,75
2020,428,51,7,72,3787,86,8
2016,379,54,8,9,420,49,75
2021,1062,61,4,72,1201,158,75
2022,940,61,0,0,9847,69,60
2021,1062,53,0,0,10055,69,75
2016,702,71,0,9,6616,157,75
2015,1062,51,8,63,12042,158,75
2020,1062,92,3,9,10612,157,75
2023,695,85,0,0,10202,158,75
2022,1070,22,7,85,8562,32,72
2020,773,68,0,16,7979,122,75
2016,387,81,3,13,8718,158,60
2020,800,92,0,1,5018,158,75
2014,1062,51,0,9,10202,158,75
2022,626,51,5,85,11095,39,40
2023,1062,61,1,85,8870,47,75
2016,1062,81,8,63,5638,158,75
2020,1089,61,0,0,3694,158,60
2022,1062,52,8,85,3360,158,75
2022,599,48,0,0,5200,157,75
2023,1062,79,7,85,8939,151,75
2020,1062,52,8,63,680,59,75
2023,1062,58,1,85,6990,157,75
2015,795,44,8,9,6752,25,75
2020,846,99,0,5,1859,56,60
2022,1062,52,5,85,3524,155,75
2022,147,22,4,69,1594,154,60
2022,1062,92,0,85,10448,104,75
2021,1062,52,0,14,4898,158,75
2019,1062,81,3,9,807,28,75
2023,1133,72,0,0,2535,158,60
2022,1062,82,2,85,6759,158,75
2022,480,59,4,69,4289,123,74
2022,1062,53,0,85,4727,158,75
2023,915,74,0,5,9088,100,75
2022,1062,61,0,86,4203,158,75
2016,135,92,4,72,4537,5,58
2020,1037,46,0,1,4401,119,75
2022,743,43,0,0,8302,16,75
2014,850,66,4,72,1413,150,50
2023,1062,52,0,41,2722,158,75
2023,1124,51,0,0,4813,158,61
2023,517,54,3,85,6988,68,29
2014,112,92,4,9,4526,131,75
2022,726,92,4,69,5921,117,60
2022,112,51,4,72,1640,123,75
2022,592,51,0,0,9218,158,75
2023,913,59,0,3,2093,56,75
2023,621,62,0,0,9260,158,75
2021,1037,51,7,72,1281,63,78
2021,1062,74,0,85,3691,109,75
2020,1062,50,3,63,1971,118,75
2019,1062,29,2,21,682,109,75
2021,797,62,0,0,11905,155,75
2022,970,92,6,71,10002,94,70
2019,876,45,0,6,1838,39,75
2022,1062,52,0,85,7636,156,75
2023,1062,44,8,85,2027,69,75
2022,993,70,1,85,7441,146,54
2023,383,71,0,0,8287,99,64
2022,1062,68,6,85,6879,158,75
2023,1133,42,0,0,7373,69,60
2023,975,73,0,0,9456,69,75
2021,362,62,0,1,3031,158,75
2023,1062,31,0,7,4564,158,75
2023,784,44,0,9,9586,103,75
2020,807,56,0,1,11552,75,75
2015,146,92,4,72,990,76,14
2021,1062,57,0,0,6794,105,75
2021,1062,61,0,0,7976,158,75
2016,499,31,7,81,11492,154,62
2024,502,54,0,9,4222,158,75
2022,1062,47,0,0,5659,113,75
2022,665,52,0,0,5215,158,75
2022,1062,31,0,0,1707,6,75
2023,855,61,0,0,10051,158,75
2022,197,51,0,9,897,62,75
2022,1062,48,0,54,1168,104,75
2020,1062,61,0,9,11920,158,75
2023,592,70,0,0,9197,117,75
2020,1062,81,8,9,6168,155,75
2021,1062,61,0,0,6155,158,75
2018,1062,62,0,0,2409,158,75
2016,1062,61,0,9,6382,158,75
2021,381,56,0,54,1268,158,60
2023,1062,65,1,85,8972,157,75
2020,498,51,8,72,6281,109,52
2022,763,92,4,69,9821,154,60
2023,366,54,4,85,582,68,75
2020,805,95,0,0,7827,111,75
2022,680,64,2,85,8492,126,42
2021,1062,51,1,85,10236,88,75
2022,1062,52,0,9,7203,157,75
2021,1062,67,8,85,5627,139,75
2016,1062,22,8,13,652,49,75
2023,1086,57,1,85,8940,155,67
2016,1062,61,0,42,11214,158,75
2020,428,51,7,72,3787,117,8
2018,1062,62,0,9,1818,103,75
2022,983,69,0,16,6625,33,71
2022,1062,62,0,41,5497,158,75
2018,1062,62,0,9,3885,158,75
2024,726,99,4,63,5705,86,60
2018,1031,88,0,0,738,155,71
2020,814,49,0,1,7097,157,60
2022,1062,62,0,85,8868,52,75
2023,1062,54,8,40,1970,158,75
2017,1062,62,0,9,4850,158,75
2014,305,51,8,63,10950,158,75
2018,979,52,0,28,1281,70,66
2022,1062,25,0,85,2248,100,75
2023,639,53,3,85,10643,132,62
2023,412,51,7,0,8649,154,60
2017,1062,62,0,9,11718,158,75
2017,404,44,0,0,3607,61,27
2023,847,54,0,0,9700,69,75
2020,1062,52,5,41,3280,122,75
2019,1062,54,8,67,1874,9,75
2024,1062,92,7,63,1418,13,75
2022,1062,79,0,85,7172,114,75
2023,1062,86,4,85,7866,156,75
2023,1133,54,0,9,7672,158,60
2022,1062,62,0,0,4274,158,75
2016,112,52,4,63,6315,20,75
2022,1062,52,0,9,6081,158,75
2022,1005,74,1,85,7501,144,57
2023,1062,51,0,85,2835,122,75
2023,1062,60,8,85,7881,157,75
2019,805,59,0,33,5025,74,75
2019,1034,71,8,72,2402,49,11
2016,363,81,4,9,10635,158,78
2021,969,64,1,19,6601,123,70
2020,490,71,0,64,11472,158,60
2022,1062,37,0,85,1772,115,75
2022,1062,56,0,85,2741,157,75
2023,267,44,0,0,8741,46,64
2022,726,32,4,69,6032,117,60
2021,1062,33,0,85,4039,80,75
2019,1062,92,8,67,1132,158,75
2020,956,70,0,1,6904,106,75
2023,776,62,0,0,6711,158,75
2022,763,81,4,69,9799,123,60
2023,380,80,0,5,8874,123,68
2023,857,52,0,4,9133,78,75
2022,732,57,0,3,9367,78,75
2023,1062,40,2,85,2274,158,75
2022,888,55,2,35,436,133,67
2018,1062,22,0,0,9519,158,75
2022,947,62,0,0,6206,158,75
2023,51,59,0,5,8164,154,75
2023,1062,74,3,85,2632,156,75
2023,1062,54,8,85,6434,96,75
2023,596,81,0,0,6968,123,75
2019,1062,54,8,9,8889,157,75
2023,1062,52,0,9,11259,158,75
2022,1062,51,4,85,9351,136,75
2022,590,31,0,0,8074,69,60
2022,1062,72,0,85,10771,139,75
2023,1062,55,8,85,2691,125,75
2017,1062,75,3,28,5268,158,75
2021,1062,28,8,85,2363,157,75
2022,1062,68,6,85,871,129,75
2022,1058,57,6,70,9429,144,74
2020,1086,51,0,9,375,158,75
2022,1062,92,8,9,8294,118,75
2023,1062,62,0,9,3633,158,75
2020,738,96,0,0,5565,132,75
2015,1062,51,8,63,6677,49,75
2023,542,54,0,4,11185,130,75
2022,1062,44,0,9,3691,155,75
2022,1062,92,3,63,3831,154,75
2014,586,92,8,72,10782,39,42
2022,558,52,4,69,4948,49,60
2016,653,92,4,72,1729,10,6
2021,812,31,0,0,6714,140,75
2022,1062,51,0,85,1312,156,75
2017,978,58,0,0,311,124,66
2021,902,44,0,9,2136,158,75
2021,955,62,0,9,1715,158,75
2022,1062,52,0,9,2825,155,75
2020,1062,79,4,0,8483,102,75
2023,801,49,2,85,9244,107,75
2023,725,92,0,0,10486,158,75
2023,1062,92,3,85,2493,28,75
2022,778,73,0,0,9966,90,65
2017,1062,52,8,63,2071,28,75
2018,1062,51,8,9,448,158,75
2021,814,51,0,1,6822,136,60
2021,1062,44,0,85,9721,152,75
2022,609,27,2,41,9412,146,65
2022,574,54,0,0,3264,69,75
2023,1062,71,0,9,10664,157,75
2014,769,54,8,72,4571,155,75
2023,1062,38,8,85,3878,156,75
2021,1062,55,0,1,5477,150,75
2022,1062,62,0,69,6595,158,75
2023,1062,54,5,85,7130,100,75
2015,1159,51,8,9,6409,139,75
2022,558,99,4,63,5051,80,60
2022,1062,42,0,85,8423,157,75
2022,147,52,4,69,1576,44,60
2022,1062,21,8,85,5134,51,75
2020,1062,83,6,66,3696,134,75
2018,1062,62,0,42,10279,158,75
2016,1062,81,3,42,11159,155,75
2020,1062,54,0,9,2339,25,75
2020,790,62,6,63,4668,64,62
2021,955,54,0,1,8607,157,75
2015,1062,58,8,63,11159,124,75
2021,1062,58,8,85,3580,97,75
2024,1062,92,0,85,8137,157,75
2022,1062,52,0,72,6185,61,75
2020,1062,81,8,9,7002,155,75
2022,1062,69,0,85,7022,158,75
2021,1062,69,6,85,6412,124,75
2020,1062,71,0,9,3374,158,75
2019,1062,62,0,0,3017,158,75
2023,600,63,0,0,6659,155,75
2022,1062,62,0,85,2247,157,75
2022,1052,82,4,85,9642,88,77
2023,1133,52,0,9,2700,158,60
2021,1062,64,0,85,5492,147,75
2022,736,61,4,85,11776,131,75
2022,806,53,0,0,9656,22,75
2023,1062,61,5,85,9078,90,75
2023,1118,38,0,14,7568,70,62
2022,1020,45,0,86,11030,25,75
2021,1062,55,0,0,5128,158,75
2022,1079,61,0,0,11741,158,75
2022,209,62,0,0,5036,158,60
2022,726,92,4,69,5978,117,60
2015,803,54,6,82,8795,154,61
2018,989,52,0,9,11115,157,77
2023,1062,64,0,85,9434,7,75
2021,1021,48,0,85,9759,32,71
2021,939,51,0,0,8073,158,63
2020,1062,54,8,9,4402,158,75
2020,1062,71,0,0,7348,92,75
2021,1062,94,0,85,1726,8,75
2023,1062,52,0,85,3596,158,75
2024,875,31,0,9,6673,28,75
2023,642,92,3,85,7112,116,16
2021,1062,51,0,9,3431,157,75
2020,1062,62,0,9,6840,158,75
2020,821,48,0,64,2271,45,75
2023,1062,52,7,85,2987,155,75
2021,1062,52,0,85,6170,144,75
2023,939,92,1,68,11073,151,69
2024,148,48,4,63,1600,156,60
2022,567,34,0,0,9054,74,75
2020,1062,62,0,1,7403,158,75
2020,1062,61,8,0,6137,157,75
2021,599,31,0,0,5201,158,75
2023,692,86,0,0,4710,113,72
2023,1017,63,0,85,9106,87,71
2023,1062,62,0,41,3250,158,75
2021,1062,41,0,85,206,86,75
2023,58,22,0,9,3306,158,60
2016,157,92,8,72,4003,7,6
2021,1062,48,6,85,1086,157,75
2019,1062,72,0,0,2877,61,75
2019,1042,79,8,71,2313,26,31
2022,554,89,4,69,4904,27,60
2020,490,54,0,1,8739,158,60
2014,1055,81,7,72,10057,156,74
2015,1062,51,8,63,7264,16,75
2022,58,92,0,0,1908,136,60
2018,1062,52,0,0,10555,158,75
2020,902,44,0,9,543,62,75
2022,147,48,4,69,1566,117,60
2019,1062,81,8,9,6323,158,75
2016,1062,52,0,61,10993,143,75
2023,1062,54,8,70,8290,6,75
2022,695,51,6,72,10491,140,39
2022,1079,59,0,0,11743,92,75
2022,1062,56,8,85,1116,21,75
2017,1062,92,0,9,4653,158,75
2022,1062,92,8,72,10089,69,75
2022,1061,62,0,85,6640,104,75
2022,630,51,3,85,8464,90,38
2023,924,68,0,4,9818,157,75
2016,112,52,4,63,1627,116,75
2023,800,40,6,85,8695,134,52
2014,680,89,4,72,1753,17,10
2023,702,74,6,85,8195,138,55
2021,1062,47,0,85,704,55,75
2022,1062,84,8,85,5801,158,75
2023,560,92,0,9,1404,62,75
2015,1062,51,8,9,11860,25,75
2018,1062,92,0,9,8600,158,75
2023,1062,50,8,85,2683,140,75
2023,1062,78,6,85,8357,124,75
2022,1062,38,4,85,2608,116,75
2015,1062,92,8,9,7949,157,75
2022,1079,61,0,0,11743,158,75
2021,1062,76,1,85,6636,56,75
2017,742,54,8,9,11728,158,62
2018,1062,62,0,0,2614,158,75
2022,1062,97,0,85,1757,12,75
2020,1062,61,8,9,1452,116,75
2022,1062,51,6,85,8344,43,75
2022,1062,54,0,87,6780,158,75
2021,1088,61,0,4,3691,147,75
2014,1062,92,8,9,10378,158,75
2022,983,58,0,0,11827,144,62
2023,13,44,0,0,8151,158,75
2022,683,68,0,0,6247,84,75
2023,1130,61,0,0,6863,158,60
2014,1062,81,8,72,2791,157,75
2023,733,38,0,85,9300,139,75
2015,397,46,5,63,4337,95,75
2022,203,52,0,0,2081,79,60
2014,747,92,4,28,9555,109,52
2018,1062,92,8,9,7080,65,75
2019,1062,52,0,42,2078,131,75
2018,1062,62,0,9,2392,158,75
2023,912,58,1,85,9301,32,62
2016,1062,92,3,13,3484,44,75
2018,1062,44,8,67,1538,135,75
2022,338,63,4,0,8549,127,60
2022,1062,25,0,85,2171,79,75
2020,1062,81,0,1,8419,158,75
2015,977,92,8,72,242,158,2
2014,1062,52,0,61,382,89,75
2022,806,61,0,0,9656,158,75
2022,1062,61,0,85,11871,158,75
2022,266,52,0,0,8006,158,75
2020,1062,25,8,85,1971,146,75
2021,1062,61,8,85,5159,157,75
2016,412,81,7,9,3891,158,60
2017,1062,52,0,42,636,158,75
2017,1062,61,0,0,11571,157,75
2023,1062,61,0,0,4634,158,75
2023,58,81,0,0,8395,71,60
2021,902,44,0,9,4587,158,75
2022,143,51,4,69,7795,128,61
2022,1062,50,0,85,268,125,75
2021,1105,41,0,0,1228,158,65
2022,1062,62,0,0,5232,158,75
2020,1062,87,8,64,8913,60,75
2020,814,62,0,1,11692,158,60
2020,1062,52,0,1,156,158,75
2023,1062,92,0,85,8637,94,75
2020,742,71,8,72,10083,158,62
2022,1019,55,0,0,4407,55,75
2020,1062,62,0,0,3738,16,75
2022,1062,63,8,85,4296,65,75
2015,523,61,8,9,4750,158,75
2021,410,48,0,0,2125,125,63
2020,756,53,0,1,10011,132,75
2023,1062,55,4,85,9226,129,75
2022,1062,51,0,85,5266,116,75
2021,1062,55,0,85,6450,73,75
2017,809,64,2,23,1395,81,49
2022,1062,92,8,69,11108,154,75
2016,1062,51,8,9,10542,69,75
2022,1062,21,0,9,1806,27,75
2016,759,51,0,9,60,158,75
2020,1062,61,0,0,10209,69,75
2022,1062,48,0,0,12030,77,75
2022,97,59,0,0,7934,142,73
2022,953,50,3,85,7083,139,42
2015,1062,51,8,0,5594,158,75
2021,1087,73,0,0,7749,114,69
2017,1062,62,0,0,287,158,75
2017,334,44,0,9,2959,21,75
2023,1133,54,0,85,7509,158,60
2020,803,92,0,6,9402,135,75
2023,523,81,0,0,8286,113,75
2023,208,53,0,0,8375,69,60
2023,388,54,0,0,10958,158,75
2022,1062,54,8,85,6542,158,75
2023,1062,63,8,85,2449,72,75
2020,1062,62,0,9,6123,158,75
2020,1062,61,8,72,931,158,75
2023,670,50,4,77,632,120,74
2021,782,31,0,0,9657,17,74
2022,1089,62,0,1,5214,158,60
2021,413,47,6,0,5592,147,60
2019,969,92,4,72,4828,109,52
2023,1062,61,2,85,8947,142,75
2020,1062,62,8,9,5006,158,75
2018,251,69,2,18,4352,101,69
2022,1062,73,0,85,1484,87,75
2022,539,57,0,0,7173,158,75
2022,1107,33,0,0,8610,157,60
2021,612,97,0,0,9260,31,60
2023,885,51,0,8,9889,47,75
2023,1062,92,0,0,9582,158,75
2023,1062,68,3,85,3508,158,75
2021,783,81,0,0,9584,158,75
2021,1062,53,0,85,6157,148,75
2021,1016,59,0,1,1822,158,72
2019,1062,44,0,9,7886,158,75
2019,1062,61,0,0,7209,158,75
2023,648,92,2,85,8852,46,42
2020,142,59,2,0,3744,146,60
2021,1062,51,0,85,6477,158,75
2023,462,32,0,0,8492,91,71
2014,865,51,8,9,464,158,75
2017,412,44,7,0,11174,154,60
2020,1062,52,8,9,3477,135,75
2023,520,37,0,6,1685,134,75
2021,814,62,0,1,6694,158,60
2023,1062,58,8,85,9220,78,75
2017,620,51,0,9,486,155,75
2016,157,92,8,72,4003,7,6
2021,1062,61,0,0,5187,157,75
2021,172,61,0,4,7796,158,60
2022,1062,66,0,0,8667,139,75
2024,1062,92,8,85,1740,123,75
2020,1062,54,8,72,10794,158,75
2022,203,23,0,0,2081,158,60
2021,450,62,5,67,1257,95,64
2023,873,47,0,0,9836,55,75
2022,1062,64,0,85,1773,101,75
2023,1062,52,8,85,7916,157,75
2014,1062,81,8,63,4102,154,75
2021,1062,51,7,85,2262,43,75
2021,881,52,0,0,3238,128,75
2021,1062,44,6,85,1796,133,75
2020,782,61,8,9,8,116,75
2023,1133,52,0,9,8611,158,60
2023,64,22,0,6,11263,26,60
2023,1062,23,0,85,9467,158,75
2021,1062,62,0,9,2299,158,75
2021,1062,64,5,73,11224,111,75
2022,276,54,0,0,3108,69,75
2023,1062,68,8,85,9075,57,75
2015,1062,52,0,9,8314,8,75
2019,1062,59,0,0,6021,158,75
2021,1062,71,8,85,8706,101,75
2023,1062,61,0,0,8308,104,75
2022,602,79,0,0,5678,28,75
2022,1062,25,6,85,7136,26,75
2019,383,72,8,61,7097,155,75
2021,168,62,0,0,4301,158,75
2023,1127,61,0,0,9285,156,60
2019,842,71,7,47,11289,130,69
2023,930,71,4,69,9606,66,53
2016,225,92,4,63,4480,107,52
2021,1062,54,8,85,605,158,75
2014,107,51,4,72,1159,68,75
2020,1005,62,0,37,11873,158,75
2016,1062,51,8,63,11606,158,75
2020,1062,87,7,57,8505,39,75
2021,1062,62,0,0,2226,158,75
2019,487,54,7,1,4298,158,74
2020,864,47,6,24,818,131,72
2021,1062,51,0,85,5167,129,75
2015,112,92,4,9,4489,135,75
2023,1062,59,8,85,2525,87,75
2014,47,81,8,9,12011,157,75
2022,492,52,4,69,4354,123,74
2022,1062,58,0,85,6598,115,75
2023,311,62,0,0,296,25,16
2021,1009,70,0,1,7819,76,74
2023,1062,62,8,85,7593,158,75
2023,486,68,1,0,8916,37,51
2023,1062,62,0,85,5822,158,75
2014,1062,81,2,42,8829,158,75
2022,908,74,0,0,8631,142,66
2023,1062,51,8,85,2113,83,75
2022,1062,81,3,9,8526,158,75
2020,1065,81,3,42,5188,157,76
2019,1062,62,0,0,7502,158,75
2022,885,31,0,0,2872,158,75
2020,1062,81,8,72,8495,62,75
2014,371,92,4,72,166,158,78
2022,1000,59,0,0,8197,140,75
2022,1062,82,5,0,850,155,75
2022,940,72,0,1,2618,158,60
2022,858,92,4,69,7304,31,60
2023,1062,56,8,85,9187,112,75
2023,1062,58,6,85,3019,155,75
2022,1062,36,0,85,3438,158,75
2021,1062,81,0,9,8627,123,75
2022,1062,24,0,85,2721,97,75
2022,308,52,7,72,6249,154,60
2021,1062,85,1,15,8192,158,75
2014,1062,56,3,9,11475,158,75
2022,1062,61,8,85,9789,27,75
2016,130,92,4,63,4538,106,50
2018,1062,81,0,42,10729,104,75
2021,1062,92,5,85,8703,102,75
2024,58,62,0,7,8168,158,75
2022,1062,51,0,85,8128,11,75
2022,604,62,0,8,6434,158,74
2016,1062,81,3,42,9324,93,75
2021,1062,65,2,85,1346,93,75
2022,1062,62,0,9,5128,158,75
2020,1062,51,0,9,7706,63,75
2022,1062,71,5,85,9007,58,75
2024,869,54,1,9,5507,158,60
2023,1062,62,0,0,7210,158,75
2014,953,51,4,28,9991,158,68
2022,1062,68,1,85,11498,158,75
2022,1062,74,3,85,9680,100,75
2022,433,62,0,0,8869,158,75
2021,1062,92,0,85,9576,20,75
2023,224,51,0,0,7286,69,75
2022,1062,52,0,0,9183,61,74
2022,1062,62,0,41,2719,158,75
2023,592,48,0,0,11235,69,75
2021,1089,62,0,0,4692,65,60
2022,252,59,0,0,7401,130,75
2021,1062,50,0,85,2074,157,75
2023,1062,89,7,85,3167,47,75
2016,1062,51,8,9,6427,109,75
2022,340,54,0,0,7563,158,75
2020,1062,31,1,9,9092,71,75
2022,1079,74,0,0,11743,148,75
2022,592,54,0,0,7668,69,75
2022,596,61,0,0,9204,158,75
2020,1062,54,0,42,11331,158,75
2022,626,60,4,85,8943,87,38
2020,1062,32,1,0,3227,44,75
2014,1087,51,0,9,176,158,60
2020,570,93,0,1,3882,120,62
2021,1062,60,0,0,11296,63,75
2022,726,48,4,69,6024,117,60
2019,1062,61,0,0,3460,158,75
2023,1062,56,0,85,3235,157,75
2019,1062,61,8,0,7703,25,75
2018,1062,52,0,9,2866,61,75
2020,1062,53,0,42,1345,155,75
2016,135,92,4,72,4537,5,58
2022,1062,69,0,85,11219,35,75
2023,58,44,0,0,11366,158,60
2021,1062,45,0,86,10556,25,75
2022,1062,89,8,85,2412,123,75
2023,784,33,0,0,9541,157,75
2016,1062,54,0,9,8103,158,75
2022,726,92,4,69,6044,117,60
2021,1062,61,8,63,607,158,75
2023,727,53,0,0,3612,69,69
2015,304,57,0,63,429,151,49
2022,923,62,0,0,10903,69,75
2014,1062,52,8,63,2065,157,75
2014,764,53,8,70,4462,155,72
2022,1062,76,0,85,1931,73,75
2021,1062,92,3,9,7329,59,75
2021,175,61,0,1,5606,158,75
2022,642,92,3,85,7163,71,16
2020,823,50,0,1,2722,110,68
2021,535,78,0,0,9350,65,60
2022,1062,65,0,85,8961,157,75
2018,1062,57,3,1,3375,158,75
2023,1062,62,8,70,7413,158,75
2022,500,56,0,0,7345,45,75
2021,1062,39,4,85,2390,157,75
2022,1062,64,8,85,2008,59,75
2023,1062,71,0,0,5125,158,75
2020,1062,62,8,54,6629,158,75
2022,1062,61,2,85,483,158,75
2023,203,52,0,0,1088,158,60
2020,1062,72,8,9,2477,158,75
2022,1062,52,0,0,3124,158,75
2022,203,54,0,0,2081,158,60
2023,1062,61,3,85,8947,141,75
2017,691,51,0,0,898,59,38
2022,1062,28,0,85,3240,137,75
2021,599,31,0,0,5201,158,75
2022,1062,62,0,9,5024,158,75
2022,112,92,4,72,4464,123,75
2019,1062,61,0,0,8036,158,75
2021,331,51,0,9,3055,89,75
2018,1062,79,0,28,6552,158,75
2020,1040,42,0,0,11914,150,74
2019,1062,62,8,1,353,158,75
2023,1062,62,0,85,9113,89,75
2021,101,54,0,0,1395,158,62
2019,1062,62,0,42,2519,158,75
2020,1062,52,0,61,1681,16,75
2020,428,51,7,72,3787,117,8
2022,1062,38,2,85,8423,156,75
2022,188,92,4,9,8350,15,8
2022,806,34,0,0,9656,38,75
2022,1062,61,0,0,2866,158,75
2022,1062,47,2,85,3208,88,75
2015,995,51,8,63,11310,121,71
2023,1062,54,0,9,5159,158,75
2016,545,92,8,9,4988,122,75
2020,1062,61,8,63,276,158,75
2022,473,61,0,1,8958,158,60
2023,1062,84,5,85,7941,155,75
2023,252,61,0,9,8502,158,60
2022,156,44,0,0,11962,30,75
2022,1062,55,6,85,2391,87,75
2016,1062,81,3,42,9307,93,75
2021,1062,49,3,85,6288,110,75
2021,1062,92,0,85,9626,23,75
2021,930,42,5,77,9595,128,68
2023,1062,42,0,9,6611,158,75
2024,1062,99,3,42,3826,158,78
2017,255,73,5,67,4195,139,44
2016,516,90,4,72,1337,111,53
2018,16,51,0,9,563,158,75
2019,1062,44,0,0,213,98,75
2023,193,62,0,0,6124,158,75
2016,977,92,8,72,8056,158,2
2023,1062,69,8,85,2709,156,75
2016,1062,62,0,9,12020,158,75
2023,1062,51,5,85,1398,158,75
2014,613,47,8,69,9667,87,58
2016,316,83,4,63,8314,132,75
2019,1062,61,8,13,4960,157,75
2021,1062,92,0,0,8557,45,75
2020,956,86,7,0,5493,101,72
2019,746,52,0,9,2365,158,75
2023,1062,51,3,53,2498,28,75
2023,1062,52,8,9,548,155,75
2020,830,55,0,1,1629,158,61
2020,1062,61,0,9,3224,158,75
2018,409,87,0,7,8487,158,52
2022,930,61,0,0,11336,120,72
2022,505,55,6,13,3977,132,37
2022,917,70,6,85,7792,142,68
2022,112,92,4,85,1634,123,75
2018,176,81,8,72,10056,158,77
2023,1133,72,8,0,2808,8,60
2015,550,60,7,28,4796,146,75
2022,1062,56,0,85,2394,142,75
2015,978,48,0,9,512,61,75
2020,714,22,0,25,4831,109,75
2023,497,67,4,85,9012,111,27
2019,735,62,1,85,1662,48,49
2022,91,52,0,0,1297,158,62
2020,1062,61,0,9,2979,157,75
2023,1018,50,7,0,5234,158,75
2014,112,62,4,63,4507,158,75
2023,1072,92,3,69,9723,152,60
2016,513,81,3,12,4665,63,29
2021,1062,61,3,85,3328,158,75
2020,1062,61,8,9,7439,158,75
2023,502,54,0,9,11404,158,75
2022,1062,61,0,9,59,158,75
2015,518,92,8,72,10096,158,35
2022,1062,48,0,85,3390,157,75
2021,1062,92,0,85,3836,75,75
2023,1062,54,0,0,111,25,75
2023,1052,92,1,85,8361,155,68
2023,592,62,0,0,9192,158,75
2023,1062,51,0,85,3689,158,75
2021,1062,28,8,85,3982,85,75
2021,1062,92,8,85,8714,8,75
2019,1062,62,0,0,6219,158,75
2017,1062,53,0,52,1940,128,75
2021,1062,92,8,9,8883,49,75
2022,1079,61,0,0,11743,157,75
2022,1062,92,3,70,7803,136,75
2024,1062,62,0,72,3654,45,75
2022,826,92,0,0,6814,69,75
2023,737,73,0,0,9501,38,75
2020,1062,62,0,1,10831,151,75
2021,1062,62,0,0,7855,158,75
2023,1062,66,8,85,3006,156,75
2016,101,61,8,72,1534,158,75
2016,716,61,4,28,5837,135,75
2021,276,31,0,0,3108,158,75
2022,858,22,4,69,7303,45,60
2021,1062,56,0,85,6221,36,75
2023,1062,59,0,85,2965,151,75
2020,1062,92,0,64,10998,158,75
2022,1062,59,0,85,9206,157,75
2023,775,38,0,85,9582,128,75
2023,1062,49,1,85,3367,158,75
2022,1062,39,3,85,3222,156,75
2019,1062,54,0,0,3105,158,75
2022,1079,53,3,85,9261,154,60
2018,1062,51,8,72,10349,158,75
2022,1062,58,1,85,5267,125,75
2022,1062,56,0,9,6595,158,75
2021,1062,62,0,9,11686,158,75
2017,1062,52,0,9,5751,102,75
2022,983,61,0,0,4995,105,75
2019,1062,62,0,0,9161,25,75
2022,1062,97,0,85,1690,10,75
2020,335,52,2,9,482,129,75
2019,421,51,6,71,3803,81,9
2021,1062,61,7,85,11592,158,75
2019,1062,62,0,0,1987,158,75
2022,1062,29,0,85,2957,146,75
2017,112,62,4,9,621,157,75
2020,607,62,0,1,3139,158,75
2019,1087,98,0,11,3307,81,75
2020,606,69,0,0,6210,155,75
2022,837,42,0,85,9872,109,75
2017,1062,72,0,42,6620,158,75
2021,740,31,4,69,11049,45,60
2015,1062,81,8,63,11207,28,75
2018,1062,61,2,17,5220,157,75
2023,1062,43,8,85,6644,98,75
2023,592,59,0,9,4131,36,75
2021,1108,62,0,0,5974,158,60
2019,1062,52,0,42,11454,158,75
2023,1133,62,0,9,5393,158,60
2023,446,38,0,0,8933,158,68
2018,1062,72,0,42,3562,158,75
2022,763,92,4,69,9826,154,60
2020,1062,71,0,5,4419,157,75
2023,960,41,7,85,8528,147,66
2015,1182,81,8,9,12103,146,75
2022,1062,61,0,85,11127,21,75
2014,112,61,4,72,3384,158,75
2023,1062,80,7,85,8933,153,75
2023,497,92,4,85,9014,111,27
2020,1062,71,8,0,4719,158,75
2022,1062,62,0,85,8510,158,75
2023,1062,54,8,41,2540,158,75
2020,284,32,0,0,3113,157,74
2017,691,52,0,42,7466,157,38
2021,1062,62,0,0,7535,139,75
2022,726,92,4,69,5976,44,60
2019,1062,92,0,9,1841,158,75
2023,1062,61,0,41,5316,158,75
2020,589,61,0,16,11876,158,65
2022,1062,61,5,85,4245,158,75
2018,1062,51,0,9,6643,25,75
2021,1062,39,1,85,159,61,75
2022,1079,31,0,0,11743,158,75
2020,1062,62,0,1,11451,158,75
2022,706,92,4,65,5858,82,67
2023,568,69,0,6,8925,158,75
2022,203,39,0,0,2081,125,60
2018,83,51,4,72,10058,52,71
2020,643,55,0,1,2493,158,75
2021,490,31,0,0,4322,158,60
2022,1050,87,8,85,10571,126,77
2017,1062,44,0,61,8429,158,75
2022,1062,74,5,85,2016,60,75
2017,395,88,7,10,11257,141,62
2022,1062,32,8,85,2556,152,75
2022,1062,84,1,85,10086,113,75
2014,465,51,8,71,4116,72,53
2021,1062,61,0,0,9260,158,75
2017,1068,68,0,0,10989,72,75
2021,683,84,3,67,272,103,63
2017,1062,54,0,9,4065,158,75
2021,1062,45,4,85,6407,107,75
2022,1062,61,0,85,5761,158,75
2021,758,92,0,6,10720,158,75
2020,116,92,8,9,8411,21,11
2022,1017,50,0,0,6076,68,73
2016,996,71,0,9,1494,158,75
2020,895,67,0,10,4035,158,75
2022,1079,52,0,0,11743,158,75
2022,868,60,7,85,7527,144,75
2022,1062,81,4,63,7704,155,75
2017,1062,51,0,63,9114,28,75
2024,112,51,4,63,8233,12,60
2023,1062,62,0,85,7784,158,75
2017,1062,51,0,14,6164,49,75
2022,766,45,4,69,9816,155,63
2023,726,92,4,63,9750,69,60
2023,252,61,0,9,10238,158,60
2016,1062,51,0,42,7654,158,75
2022,1062,51,0,86,10346,81,75
2022,1062,79,4,41,10237,103,75
2020,1062,52,0,0,7491,136,75
2022,1087,36,5,85,10628,154,67
2022,203,25,0,0,2081,83,60
2020,1062,54,4,1,11534,122,75
2022,1062,50,0,85,266,124,75
2020,1062,62,8,9,2354,158,75
2021,588,58,0,1,11872,110,75
2017,869,64,3,1,5879,158,60
2022,147,92,4,69,1595,73,60
2021,1062,92,1,85,9589,38,75
2022,1062,32,7,85,2242,146,75
2023,635,61,3,85,7093,158,32
2024,810,92,0,9,10987,146,75
2020,1062,92,0,64,8538,158,75
2021,1062,67,2,85,5625,158,75
2015,107,61,4,72,4496,158,75
2016,695,32,0,1,886,158,38
2022,592,52,0,0,3627,21,75
2022,368,41,0,0,4617,158,64
2022,726,86,4,69,5926,42,60
2024,148,51,4,63,1608,157,60
2022,496,61,0,7,4061,158,75
2023,1062,56,2,85,7121,157,75
2022,1062,59,1,52,5299,149,75
2021,1062,48,7,85,894,157,75
2022,1062,89,8,85,10225,158,75
2020,754,61,0,0,9269,158,75
2021,1075,92,4,9,6645,21,78
2021,1062,46,6,85,2129,55,75
2023,1027,59,0,7,5824,147,75
2020,1062,30,5,85,2027,157,75
2022,1062,84,2,85,5505,56,75
2022,1062,28,8,85,8417,20,75
2016,1062,71,8,63,4566,28,75
2023,946,46,0,6,11812,89,75
2022,338,85,0,0,8494,79,65
2016,363,81,4,9,4521,8,78
2023,58,62,0,0,8156,158,60
2020,1015,92,0,9,6996,143,75
2020,706,52,0,0,7417,119,65
2017,1062,51,0,9,2016,25,75
2022,817,29,4,69,6894,66,60
2022,512,92,4,85,9004,108,28
2020,1062,71,0,0,3601,158,75
2020,1062,61,0,9,855,21,75
2021,706,52,0,0,8387,119,75
2021,792,53,0,1,4205,35,60
2022,874,54,0,0,3310,158,75
2020,1062,98,0,0,11479,158,75
2024,1062,52,0,42,8967,58,75
2022,726,52,4,69,5940,80,60
2018,1062,62,0,9,1658,89,75
2022,726,31,4,69,6042,157,60
2022,1004,33,0,0,1000,97,75
2022,1062,42,0,85,8424,157,75
2022,1062,51,0,85,3541,158,75
2015,790,92,8,63,11038,157,75
2022,692,52,0,41,2120,71,38
2015,1159,42,8,9,254,139,75
2020,1062,61,8,72,5288,158,75
2015,138,89,4,63,4476,28,75
2022,1062,52,0,9,2126,158,75
2023,1062,92,0,0,8581,158,75
2022,1062,56,0,0,11963,158,75
2015,416,61,8,72,11363,158,28
2016,157,92,8,72,4003,7,6
2022,1061,63,0,85,7932,11,75
2022,1062,44,0,0,63,36,75
2015,1062,81,0,1,7628,157,75
2018,647,54,1,13,8176,71,16
2021,1062,68,8,85,8900,110,75
2023,831,19,1,0,2561,84,75
2016,1062,72,0,61,4632,158,75
2022,1062,60,0,85,2877,158,75
2022,918,49,0,0,2375,112,75
2020,1062,81,0,9,7452,8,75
2016,735,75,4,72,177,158,78
2022,1062,54,3,85,2854,158,75
2021,1062,62,0,42,2311,158,75
2022,58,92,0,0,8172,158,60
2015,1126,42,8,9,468,69,75
2022,1062,58,0,85,7441,13,75
2014,1062,72,0,9,4067,158,75
2023,1062,61,2,85,7470,57,75
2020,411,21,3,13,6964,154,60
2022,1062,44,0,85,3190,144,75
2020,1062,62,0,9,5637,158,75
2023,1062,65,8,85,9093,61,75
2020,61,92,8,42,7073,163,16
2020,1062,44,8,85,2150,77,75
2021,1062,73,3,85,10514,149,75
2022,1064,87,0,0,10867,38,75
2023,841,74,4,0,8540,127,75
2022,1062,52,8,85,6255,149,75
2017,869,92,3,9,895,107,60
2023,1062,62,0,85,7263,158,75
2015,107,92,8,72,8227,45,75
2023,894,58,6,85,9913,143,60
2021,814,67,0,6,1710,17,60
2024,927,62,0,9,875,146,75
2024,1062,48,0,42,11377,158,75
2022,164,37,0,0,2166,158,60
2021,1062,54,0,0,1607,104,75
2016,1062,51,8,72,1496,62,75
2022,1062,51,5,85,6636,55,75
2022,918,56,0,0,10020,158,75
2016,605,54,4,9,4440,69,34
2021,1062,63,0,72,7833,29,76
2020,1149,92,0,9,177,93,60
2022,180,86,4,69,1941,85,60
2022,1062,80,1,85,5547,75,75
2023,622,61,0,0,9285,33,75
2020,1062,54,0,9,4633,158,75
2014,953,44,4,42,4022,61,68
2020,1062,92,8,9,7514,8,75
2019,1062,61,0,0,5352,158,75
2019,1074,61,8,63,261,108,77
2021,1062,62,0,42,10841,158,75
2022,726,31,4,69,5955,86,60
2023,1133,52,0,9,6765,158,60
2019,1066,27,0,0,11691,86,75
2015,1062,92,8,72,11604,158,75
2022,732,46,0,0,5260,158,75
2022,1091,50,2,85,9103,155,66
2023,628,61,0,3,8092,153,74
2016,269,81,8,72,10980,158,78
2015,725,72,1,32,3807,61,48
2022,112,52,4,85,1743,123,75
2020,907,58,0,10,7626,157,65
2019,709,51,3,42,11545,160,79
2020,1062,52,0,9,6402,8,75
2021,746,58,0,3,4348,61,70
2022,1036,34,0,0,1728,12,75
2016,112,92,4,63,8280,146,75
2020,1062,61,8,9,6294,61,75
2018,1062,92,0,0,10081,158,75
2018,109,92,4,72,11074,69,34
2023,1062,99,8,69,10639,155,75
2021,963,53,0,1,6442,157,69
2023,1062,62,8,85,1299,158,75
2023,1062,80,8,85,9902,157,75
2018,1062,81,0,13,4385,158,75
2021,990,61,0,0,9106,158,60
2021,182,92,0,1,9302,158,75
2020,949,95,0,0,4479,90,75
2021,1062,69,3,85,10728,157,75
2022,1062,50,0,85,1830,158,75
2024,84,92,0,0,8196,139,75
2023,1133,54,0,9,4857,158,60
2022,1062,89,0,0,10115,152,75
2022,1062,90,7,82,9910,161,75
2022,605,65,4,67,5149,137,60
2021,1062,81,6,85,9627,120,75
2021,941,62,0,3,5741,158,75
2023,1062,75,8,85,2497,107,75
2022,763,46,4,69,9795,154,60
2021,591,22,0,0,4733,69,75
2023,1136,51,0,9,877,61,75
2022,726,92,4,69,6030,117,60
2018,1062,52,0,9,4722,69,75
2022,784,92,0,0,8653,93,75
2023,869,92,3,41,10178,52,60
2022,826,92,0,0,6814,69,75
2021,1062,79,0,85,6749,33,75
2019,1062,92,3,13,2893,35,75
2020,395,62,8,9,3512,158,75
2023,652,51,1,85,10115,148,75
2023,1062,61,8,85,859,158,75
2021,1062,48,0,9,243,158,75
2022,351,61,5,0,8567,132,60
2022,1062,62,0,0,4569,158,75
2022,1062,48,8,85,8411,118,75
2022,1080,40,6,85,10905,154,69
2021,846,62,0,1,7826,158,69
2022,1062,92,7,63,127,44,75
2020,1062,52,0,9,323,61,75
2022,1062,52,0,9,3924,155,75
2024,1062,92,0,9,56,62,75
2023,347,62,0,9,3144,158,75
2023,1062,62,0,9,4196,158,75
2022,1062,56,4,85,9824,132,75
2021,1062,92,0,6,2142,45,75
2021,814,54,0,1,7170,158,60
2020,490,92,0,1,8597,158,60
2023,1062,71,3,85,8859,23,75
2020,1062,52,0,9,5799,135,75
2022,1062,54,0,85,5023,158,75
2022,1062,44,0,9,6377,158,75
2023,1133,61,0,9,5499,158,60
2014,1062,81,0,9,11642,8,75
2020,839,81,3,13,8488,28,16
2022,1062,27,0,85,2251,121,75
2021,1062,56,1,85,5555,158,75
2022,1062,61,0,85,5746,158,75
2023,1062,55,2,85,7162,157,75
2022,1062,92,8,85,11098,153,75
2014,1062,71,0,9,4310,158,75
2021,1062,25,2,85,2350,69,75
2019,1062,54,8,69,10860,82,75
2014,579,92,4,63,4467,111,61
2023,691,71,0,9,6292,158,38
2021,1062,69,8,85,8721,95,75
2022,1062,56,0,9,2025,158,75
2022,1081,50,0,0,7776,45,70
2022,1062,77,6,85,8032,150,75
2022,724,39,0,0,1943,94,75
2023,880,44,3,32,9583,110,75
2021,1062,47,5,85,6363,87,75
2017,1062,52,0,9,11526,69,75
2015,251,60,7,27,6468,158,75
2022,1062,61,8,85,9786,26,75
2022,492,76,1,85,11665,107,75
2023,58,45,0,9,7422,27,60
2023,1062,48,8,69,11762,44,75
2023,13,54,0,0,5099,69,75
2022,1062,61,0,85,2908,155,75
2022,751,51,0,85,10623,130,75
2022,1062,76,0,85,9520,13,75
2023,1062,52,8,85,2814,153,75
2022,1062,81,0,72,10076,158,75
2016,982,54,8,9,523,158,75
2021,1062,88,0,85,4036,81,75
2020,1062,62,8,0,4616,163,75
2023,1062,75,0,85,7697,158,75
2022,1087,22,5,85,9072,84,67
2019,1061,62,0,0,2285,8,74
2022,763,25,4,69,9817,154,60
2022,1056,73,3,85,8130,111,76
2016,1062,81,3,42,9329,93,75
2023,1062,62,0,9,2415,158,75
2022,1062,54,0,1,6446,157,75
2017,1062,51,8,63,11725,158,75
2021,1062,45,5,85,6388,112,75
2021,1062,81,0,1,8215,158,75
2021,1062,52,0,0,2537,156,75
2021,1062,89,8,85,4837,158,75
2015,948,52,8,9,6473,158,75
2022,1079,62,0,0,11743,140,75
2023,1062,38,1,85,2476,158,75
2014,701,51,0,9,3605,158,78
2019,1062,92,8,9,3930,157,75
2023,1062,65,8,85,2731,156,75
2024,1062,31,0,9,6579,158,75
2023,1062,92,8,85,10117,158,75
2022,1062,62,0,1,5821,158,75
2016,120,55,4,63,4495,35,19
2022,1062,61,0,85,2964,157,75
2023,233,53,0,9,8445,157,75
2022,147,56,4,69,1563,117,60
2015,1062,92,8,72,9468,106,75
2017,1062,92,8,63,8813,158,75
2023,58,54,0,0,5896,35,60
2020,1062,52,0,42,1054,49,75
2022,739,50,4,65,9795,154,60
2020,1062,91,0,5,10617,74,75
2021,1062,92,0,85,7395,34,75
2023,1062,62,0,41,11681,158,75
2016,112,92,4,63,8275,126,75
2022,1062,75,8,85,6234,121,75
2023,1062,31,0,9,7240,158,75
2019,432,54,0,9,2358,8,75
2022,1062,51,4,85,7859,147,75
2023,1062,42,0,9,5364,158,75
2022,1062,91,0,85,9052,157,75
2014,1062,52,0,9,2109,158,75
2021,1079,61,0,1,5570,158,75
2022,763,92,5,85,8872,62,49
2022,375,50,4,69,832,129,60
2023,288,92,4,41,416,123,74
2022,1062,48,0,85,6264,158,75
2021,1015,55,0,0,10392,158,75
2022,726,62,4,69,6060,117,60
2024,1062,92,0,0,1655,158,75
2022,1062,72,0,0,8210,158,75
2023,1127,79,0,0,1719,19,61
2022,1062,76,0,85,10531,138,75
2020,1062,99,8,9,7998,158,75
2023,1062,58,8,85,6695,146,75
2015,113,89,4,69,226,43,33
2020,490,52,0,25,289,158,60
2022,112,92,4,72,8266,123,75
2021,276,54,0,0,3108,158,75
2023,470,56,0,29,7891,158,66
2020,1062,63,2,18,1877,158,75
2016,131,92,4,73,4523,13,60
2015,1062,81,8,9,5147,8,75
2020,1062,92,8,63,182,124,75
2023,1062,58,2,85,6755,132,75
2021,250,61,0,1,5683,158,75
2023,84,48,0,0,2019,158,75
2021,1062,43,4,85,1607,21,75
2021,1062,53,0,47,6729,137,75
2023,1062,81,2,85,9050,156,75
2022,1062,39,1,85,3388,158,75
2014,1062,81,2,9,8827,158,75
2019,1062,92,0,42,10360,158,75
2022,206,51,4,0,4658,63,75
2023,549,62,0,9,6492,158,75
2018,1062,80,0,0,8792,158,75
2024,726,21,4,63,10874,154,60
2022,1062,70,8,85,5140,28,75
2016,581,89,3,72,3924,38,77
2022,1062,92,0,72,10740,158,75
2023,390,48,0,3,7581,158,75
2017,1062,51,0,9,2210,158,75
2021,1062,92,0,42,6552,158,75
2022,1062,70,2,85,4011,158,75
2023,1062,63,0,0,9482,156,75
2022,1062,62,0,0,11992,158,75
2022,688,51,4,9,4453,123,75
2023,1062,64,6,85,5510,27,75
2024,1062,92,0,85,3127,157,75
2020,1062,62,8,9,11587,158,75
2023,1062,70,4,85,8890,104,75
2023,759,81,0,0,8719,125,75
2021,1032,46,2,6,5556,155,75
2018,1062,72,0,9,6308,61,75
2021,599,42,0,0,5201,8,75
2019,1062,62,0,0,1267,158,75
2017,112,92,4,9,4437,68,75
2020,112,92,4,9,595,158,75
2021,1062,55,4,85,2716,158,75
2020,1062,56,0,9,11248,158,75
2019,691,61,3,42,889,158,38
2024,1062,71,0,42,11182,16,75
2020,1062,92,8,9,10663,154,75
2022,762,64,0,6,7434,70,69
2021,873,84,0,0,11809,158,69
2017,1062,92,3,42,10347,158,75
2020,814,62,0,1,3043,158,60
2019,1062,22,0,0,2579,133,75
2020,1062,92,0,0,10462,158,75
2015,151,81,4,80,6359,68,33
2016,112,52,8,70,4500,157,75
2015,151,31,4,80,6359,68,33
2021,1062,60,3,85,5866,158,75
2015,67,51,4,72,1339,158,78
2020,1062,62,0,0,9980,123,75
2020,742,71,8,72,8817,158,62
2018,1062,81,2,42,3,157,75
2019,1014,81,3,42,4083,147,70
2014,953,92,4,72,9990,126,68
2015,112,52,4,63,1615,151,75
2015,1062,44,0,24,10826,157,75
2014,1062,61,8,9,6551,158,75
2022,1007,36,5,85,7803,72,58
2023,413,51,6,84,9766,153,60
2019,691,92,3,42,889,45,38
2023,1133,52,0,9,7794,158,60
2021,1062,76,8,26,10988,103,75
2021,1062,51,8,63,5872,104,75
2019,1062,54,0,0,7644,158,75
2020,1062,92,0,0,4023,109,75
2020,682,50,0,15,2389,158,68
2021,1062,99,8,9,9055,65,75
2022,1050,25,7,85,8206,22,71
2020,638,61,0,1,4301,158,75
2021,996,73,0,5,6867,30,68
2023,412,51,3,0,747,154,60
2020,189,54,0,0,1949,157,75
2022,1061,55,0,4,8250,33,74
2022,1062,92,7,85,8711,116,75
2022,1062,54,2,85,6709,71,75
2018,126,62,4,28,4448,69,34
2022,1062,61,0,42,2977,158,75
2022,1062,56,0,86,11077,21,75
2022,779,38,0,2,4980,102,69
2016,1062,44,0,9,13,158,75
2022,1062,58,4,85,1655,79,75
2023,1062,86,8,85,8911,85,75
2020,1062,62,8,9,4146,158,75
2022,1079,61,0,0,11743,77,75
2022,1062,36,6,85,4667,158,75
2022,1062,42,8,85,10538,106,75
2016,653,92,4,72,1729,10,6
2023,1062,61,8,85,2481,77,75
2020,1062,48,8,1,11271,92,75
2022,1062,52,0,9,3079,155,75
2023,1062,87,0,85,2345,157,75
2021,1062,61,0,28,8492,158,75
2018,1062,92,0,42,10481,158,75
2022,1003,36,5,85,6845,86,57
2022,1052,83,5,85,10141,90,77
2023,874,55,0,0,9794,152,75
2020,714,92,0,0,8321,9,75
2020,1062,54,0,9,6444,158,75
2023,1062,84,5,85,7960,155,75
2022,642,92,3,85,7163,8,16
2019,1062,54,0,0,11295,158,75
2017,1062,61,0,0,6720,158,75
2021,1062,67,0,85,4416,158,75
2019,1062,52,0,42,10403,158,75
2023,1062,80,0,0,3928,158,75
2020,1071,54,0,70,8312,8,4
2022,488,65,2,43,1273,68,65
2021,1062,62,0,85,2352,8,75
2022,1062,89,8,85,2391,118,75
2022,777,92,4,69,6591,154,74
2016,112,52,4,63,1626,152,75
2016,112,92,4,72,1741,45,75
2021,1022,61,0,85,7693,133,73
2016,1062,92,8,42,4044,158,75
2019,1065,81,3,42,3586,108,76
2022,558,48,4,63,10880,35,60
2016,1062,52,8,63,585,157,75
2023,725,62,0,9,2393,158,75
2020,1062,51,8,63,3405,45,75
2021,480,92,0,0,739,38,75
2021,1062,41,2,85,2141,157,75
2023,1062,57,8,85,2178,93,75
2018,1062,62,0,9,4314,158,75
2021,1063,61,0,0,2261,157,74
2023,1062,92,8,0,10847,158,75
2015,1062,81,0,1,7628,157,75
2016,742,51,8,72,6368,158,62
2023,1062,22,0,9,2118,158,75
2022,726,92,4,69,5979,41,60
2020,1062,54,0,0,11344,25,75
2019,1062,62,0,13,11405,158,75
2023,1101,78,0,3,5170,158,66
2020,1062,51,0,9,1248,158,75
2017,1062,92,7,9,1044,158,75
2023,252,61,0,9,8925,158,60
2022,726,60,4,69,5992,80,60
2017,1062,52,0,76,3977,158,75
2022,1062,89,0,85,6880,158,75
2023,1062,54,0,0,9148,158,75
2021,995,50,1,22,7402,156,70
2023,1062,90,8,85,3020,157,75
2023,1122,77,0,0,12032,46,62
2022,592,62,0,0,10490,69,75
2023,1062,57,0,5,2616,103,75
2024,412,51,7,85,9772,154,60
2023,1133,54,0,9,10697,157,60
2019,1062,81,8,72,8072,61,75
2021,182,62,0,0,8330,45,75
2022,849,26,4,69,7220,49,60
2023,784,72,0,0,9601,157,75
2022,1062,46,6,85,2988,155,75
2023,1062,54,0,85,3506,158,75
2021,484,41,7,76,6078,122,45
2023,252,61,0,9,11841,158,60
2021,1062,65,8,85,5695,132,75
2022,1062,99,0,63,3829,155,75
2019,1062,62,0,0,10682,158,75
2022,348,92,4,72,9253,61,43
2014,474,54,8,72,455,133,75
2020,716,66,2,0,2190,66,60
2021,319,31,0,1,1084,64,74
2022,827,92,0,0,6849,21,75
2023,1015,64,0,85,7938,16,71
2023,731,61,0,0,9463,158,75
2021,1062,46,8,85,2358,152,75
2023,805,92,0,7,1846,8,75
2021,1062,44,7,85,1990,40,75
2022,806,51,0,0,9656,158,75
2022,813,65,2,85,7408,133,64
2022,1062,52,4,85,7111,74,75
2023,592,62,0,0,7343,158,75
2018,176,81,4,72,3584,158,77
2021,1062,62,8,9,5013,158,75
2015,851,92,8,72,10620,158,60
2017,691,52,0,40,576,143,38
2022,459,92,2,0,11325,155,60
2021,1062,63,8,85,2431,158,75
2022,1062,62,0,0,2540,158,75
2022,1062,62,8,85,6235,158,75
2019,1062,62,8,42,5787,158,75
2014,1062,81,3,42,6939,28,75
2021,1062,62,0,1,11391,158,75
2022,1062,62,7,85,1237,151,75
2019,1062,31,0,42,5240,158,75
2020,939,62,0,1,5519,158,75
2022,753,95,4,66,9751,98,67
2022,1062,92,8,0,208,154,75
2022,1062,90,0,85,6824,158,75
2021,1062,62,0,85,5812,158,75
2021,588,31,0,0,5133,158,75
2021,1062,88,0,1,3419,158,75
2016,818,92,8,9,526,151,75
2023,1060,51,0,71,10078,61,74
2022,806,23,0,0,9656,25,75
2022,923,54,0,0,7361,158,75
2023,1062,51,0,9,995,158,75
2020,527,61,0,23,11828,158,60
2014,817,51,7,70,670,52,70
2020,821,31,0,1,2942,45,75
2023,1062,54,0,9,5048,158,75
2022,1062,86,6,85,10461,158,75
2023,1062,52,0,9,5514,158,75
2023,784,52,0,7,9600,145,75
2023,1062,48,0,9,198,158,75
2018,1062,81,0,42,4380,158,75
2018,469,92,8,72,11054,61,75
2022,979,92,6,28,11363,133,69
2022,1062,56,8,85,11118,150,75
2022,682,45,0,0,5757,157,75
2022,1062,55,0,85,9610,103,75
2017,450,55,2,85,1770,28,27
2023,1051,61,0,85,10186,71,75
2021,410,48,0,0,9675,158,60
2021,1062,25,1,85,2495,82,75
2021,1062,57,8,85,3494,101,75
2021,844,55,0,85,10378,55,75
2022,1035,52,0,9,11360,155,75
2015,1062,61,0,9,9404,131,75
2023,1062,69,8,85,8059,155,75
2022,641,61,0,9,8967,158,75
2021,1062,51,0,37,3919,158,75
2023,1133,52,0,9,6467,158,60
2018,1062,48,8,67,1779,158,75
2018,1062,44,0,42,2859,103,75
2023,1062,54,0,9,1375,158,75
2021,570,61,0,1,3677,158,75
2024,203,22,0,7,7783,157,60
2018,1062,61,0,42,10256,158,75
2023,1062,50,4,85,2681,103,75
2018,1062,48,0,9,10955,8,75
2024,1062,62,0,72,3655,45,75
2021,835,22,7,84,5741,61,16
2021,1062,92,0,42,7368,158,75
2021,1062,92,0,85,9830,111,75
2019,127,51,4,9,4513,69,34
2016,1062,81,3,42,11162,155,75
2022,613,48,0,0,10008,93,68
2021,1062,61,0,0,6195,158,75
2022,1062,52,0,85,6898,22,75
2020,1062,62,0,9,1763,158,75
2022,577,31,0,1,9146,77,75
2022,463,31,4,69,10190,123,74
2014,950,92,8,72,1141,158,78
2022,1062,61,0,9,2083,158,75
2022,1062,54,0,85,6126,158,75
2024,58,62,0,0,8811,158,60
2022,1062,61,0,85,9306,158,75
2022,58,61,0,0,10204,29,60
2015,360,51,8,9,3234,158,75
2022,726,80,4,64,6061,63,60
2015,63,92,3,13,11759,79,81
2023,1062,31,0,9,1238,158,75
2021,832,34,0,0,9750,144,75
2021,1062,61,0,0,8633,157,75
2020,1062,62,0,9,4153,158,75
2019,1062,54,8,20,1897,35,75
2018,1062,61,0,64,733,158,75
2014,1062,31,1,9,10499,158,75
2022,495,66,0,0,9184,158,72
2022,1062,52,0,41,3270,158,75
2022,1079,61,0,0,10331,158,75
2021,1062,52,0,9,3724,158,75
2021,1062,52,0,85,6570,20,75
2020,958,59,0,4,4696,141,68
2021,1062,49,5,85,1262,157,75
2022,1062,55,1,85,2832,157,75
2023,1003,33,7,85,8483,150,70
2019,1062,54,0,0,3364,16,75
2020,862,62,0,1,325,158,62
2018,1062,92,0,9,9883,158,75
2022,1062,92,4,85,9918,101,75
2018,1062,51,3,9,6914,45,75
2015,994,86,8,72,163,61,65
2024,1062,48,7,63,11499,154,75
2022,1062,63,0,85,2222,148,75
2022,726,49,4,69,5989,107,60
2016,742,51,8,72,3824,158,62
2014,1062,92,8,9,2517,158,75
2022,726,92,4,69,5959,117,60
2022,558,92,4,63,10880,35,60
2019,1062,44,0,13,3440,71,75
2018,850,77,3,63,2612,84,75
2023,1033,89,7,85,9007,24,74
2022,1062,71,0,63,11213,158,75
2022,1062,77,0,85,9597,86,75
2022,1062,62,0,0,9439,155,75
2023,1011,76,1,85,7734,156,59
2020,843,74,2,39,7613,61,72
2023,193,81,0,0,10594,61,75
2023,860,61,8,85,7561,158,75
2019,1062,92,4,42,4561,49,75
2020,828,51,0,5,6827,135,60
2021,1062,81,0,9,924,155,75
2022,657,57,0,0,8321,114,75
2020,1062,44,0,1,3734,158,75
2020,1062,54,8,85,1332,157,75
2022,597,85,0,2,9049,87,75
2019,1062,51,3,42,5712,152,75
2021,1062,56,1,85,8370,29,75
2022,1062,79,6,85,2757,158,75
2019,1062,51,8,13,7939,157,75
2023,1062,51,0,0,2936,36,75
2014,1007,39,8,68,8394,100,62
2023,820,74,1,85,9071,96,54
2019,764,48,8,9,909,62,16
2022,1079,81,0,0,11743,157,75
2020,628,61,0,1,1426,158,75
2021,1062,71,0,6,9691,25,75
2023,1032,68,0,8,2179,43,75
2023,1061,91,4,69,11290,157,74
2021,1062,31,0,1,5784,158,75
2023,847,62,0,0,9702,69,75
2020,1062,81,8,72,10079,8,75
2022,1062,92,3,9,10563,94,75
2020,1062,61,0,9,3376,158,75
2023,1062,90,0,85,7601,158,75
2019,1062,61,0,0,7873,158,75
2022,1079,62,0,0,11743,158,75
2021,1062,54,0,0,2184,158,75
2017,863,76,4,42,11320,157,75
2023,58,53,0,0,6751,158,60
2023,349,48,0,8,2533,156,75
2017,857,79,3,27,627,61,55
2021,1062,61,0,42,6897,158,75
2021,1062,92,8,0,2767,158,75
2023,1062,60,0,62,6644,158,75
2023,1133,62,0,9,2624,158,60
2021,1062,64,2,85,1338,94,75
2022,1062,92,4,85,10487,97,75
2021,1062,53,1,85,9552,45,75
2021,806,31,0,0,9656,73,75
2022,1062,48,0,85,254,116,75
2016,1062,51,8,9,11339,8,75
2024,1062,61,0,0,8861,158,75
2022,492,54,4,69,4370,123,74
2022,693,61,0,7,9148,157,75
2022,1062,90,7,85,8756,112,75
2018,1062,92,1,9,2505,158,75
2023,347,71,0,9,9512,158,75
2018,1062,92,3,42,1308,157,75
2023,1062,71,0,85,10282,97,75
2020,437,51,0,28,657,158,75
2021,1062,70,8,85,8158,158,75
2016,1062,71,0,9,1012,157,75
2019,1062,61,0,9,3758,8,75
2019,911,52,0,61,11202,13,75
2021,1062,62,0,85,9047,68,75
2023,1062,48,7,84,5,67,75
2023,597,86,0,1,8463,158,75
2023,1062,62,0,9,5121,158,75
2019,1062,61,0,5,5289,158,75
2023,1062,92,3,9,7111,24,75
2018,412,54,8,42,10969,140,60
2022,203,23,0,0,2081,103,60
2022,1062,53,8,85,1573,101,75
2020,1062,52,0,9,4697,71,75
2022,1062,55,0,85,6126,158,75
2022,1062,78,0,85,10430,117,75
2023,1133,52,0,9,3469,158,60
2015,1062,53,8,63,587,149,75
2022,1062,62,0,0,3501,158,75
2014,729,51,8,9,6155,158,75
2023,1062,75,3,85,9578,155,75
2021,410,54,0,0,9675,158,60
2017,1062,62,0,9,6719,158,75
2023,626,63,0,0,9267,81,75
2014,1062,56,0,9,1023,158,75
2022,763,92,4,69,9825,154,60
2022,558,52,4,63,10879,41,60
2022,592,56,0,0,9182,29,75
2015,1062,51,8,9,5898,158,75
2022,1062,65,2,85,11323,60,75
2023,1062,87,6,85,9069,157,75
2019,1062,77,0,0,9836,158,75
2019,1062,61,0,0,11949,158,75
2023,50,63,0,4,8173,106,75
2020,742,78,8,72,10070,158,62
2018,1062,31,0,42,2515,28,75
2022,1062,46,5,85,3000,155,75
2022,412,22,3,85,7090,154,60
2023,592,87,0,0,9216,158,75
2022,940,84,7,85,10519,99,68
2021,273,73,0,0,4928,97,70
2021,1062,57,8,85,6227,132,75
2020,1062,92,0,42,10454,158,75
2021,1062,92,0,37,3550,158,75
2022,112,92,4,9,8535,123,75
2022,726,22,4,69,5983,117,60
2023,1133,54,0,0,8084,158,60
2018,1062,61,0,0,5562,158,75
2023,1062,61,0,0,8387,126,75
2022,1062,92,4,85,4816,72,75
2022,1079,81,0,0,11743,29,75
2023,1062,32,8,85,3184,158,75
2023,1080,61,0,0,9271,158,61
2014,1087,92,0,9,11818,158,60
2022,1062,44,0,9,1376,155,75
2022,1062,52,0,85,7273,158,75
2020,828,54,0,1,2478,158,75
2019,1062,92,7,60,10446,158,75
2020,1062,92,8,0,2020,158,75
2022,1062,92,7,0,207,154,75
2023,726,92,4,63,9779,154,60
2021,1062,44,6,85,3595,157,75
2023,1062,62,8,0,3851,158,75
2016,411,92,3,9,7471,49,60
2023,1133,52,0,9,7791,158,60
2023,1062,78,8,85,8083,155,75
2019,1062,72,0,61,4699,158,75
2023,1133,54,0,0,2882,158,60
2022,1062,54,0,85,8662,156,75
2020,833,92,0,1,8204,45,75
2020,1062,61,0,0,10221,158,75
2021,1062,61,0,1,5489,158,75
2017,412,21,7,0,11174,154,60
2023,468,83,0,0,8585,77,75
2022,1062,83,0,85,8864,87,75
2023,1062,61,8,85,679,158,75
2020,1062,61,8,9,3899,158,75
2021,1062,60,0,85,6134,157,75
2021,1062,57,4,85,1098,122,75
2022,1079,51,0,0,11743,157,75
2016,1062,51,0,9,5142,158,75
2021,1062,22,0,85,2415,23,75
2022,1062,62,0,41,3629,158,75
2021,1062,62,0,41,2740,158,75
2022,485,59,0,0,8829,88,72
2023,497,77,4,85,9012,111,27
2022,1062,92,4,85,4846,69,75
2015,1062,92,8,67,1231,158,75
2020,824,31,0,1,5913,37,75
2023,1017,62,0,9,11540,158,75
2023,1062,61,0,0,8501,158,75
2018,1062,81,8,63,8374,157,75
2023,1109,92,3,41,6979,155,75
2022,112,48,4,9,8257,123,75
2021,1062,78,2,85,6365,67,75
2023,1062,62,0,0,8029,158,75
2022,1062,46,0,85,2393,104,75
2022,112,52,4,9,4473,123,75
2022,1029,54,0,9,5248,158,75
2020,616,62,0,7,5538,158,63
2018,1062,62,0,9,7927,158,75
2022,1062,52,4,63,7423,123,75
2024,1062,92,0,0,4756,158,75
2023,1062,84,5,85,2518,158,75
2021,843,67,0,1,2594,141,60
2017,1062,81,0,0,678,61,75
2023,592,58,0,0,9200,124,75
2023,774,61,0,0,9464,69,75
2017,1062,62,0,0,5750,157,75
2023,1062,52,0,9,11308,158,75
2020,1062,52,0,9,6423,158,75
2019,1062,48,0,42,6464,158,75
2020,1062,92,0,0,8661,158,75
2022,726,73,4,69,6029,101,60
2021,1062,61,0,85,4399,157,75
2022,203,42,0,0,2081,150,60
2023,622,42,0,0,4874,61,75
2021,1062,92,0,85,3296,158,75
2018,1062,48,0,9,11908,158,75
2022,203,31,0,0,2081,25,60
2023,58,72,0,0,8165,49,60
2022,1062,38,6,85,6873,52,75
2016,653,92,4,80,4528,10,6
2019,1062,54,0,9,7440,158,75
2023,250,54,0,8,8438,154,75
2022,193,62,0,85,598,158,75
2023,647,53,3,85,10619,129,62
2014,112,92,4,63,4484,68,75
2023,252,33,0,9,3173,103,60
2023,174,61,0,72,8401,158,75
2023,383,44,0,4,10931,67,64
2022,1062,63,0,85,4695,158,75
2022,760,52,0,4,6562,157,75
2022,203,31,0,0,2081,158,60
2022,1048,92,4,85,8925,146,65
2019,1062,59,0,1,4628,157,75
2015,33,51,8,9,4093,104,75
2024,1062,92,5,64,1655,16,75
2015,1062,92,8,84,3777,49,75
2014,655,92,6,72,916,133,65
2016,892,51,3,34,880,131,58
2015,244,61,8,9,2525,8,4
2020,821,71,0,1,4776,71,75
2014,730,51,8,9,6154,156,76
2022,732,79,0,0,9477,75,75
2018,1062,61,0,9,11901,158,75
2017,411,81,3,9,11288,49,60
2023,145,61,4,66,10592,120,76
2020,1062,61,0,9,10271,157,75
2022,1062,64,0,85,6389,105,75
2017,488,48,7,7,11023,101,61
2018,1062,48,4,83,3974,63,75
2019,1062,81,8,72,4802,158,75
2023,918,36,6,85,8572,143,62
2022,1062,76,4,85,3919,158,75
2022,1079,61,1,0,5137,158,75
2021,685,81,0,1,1437,68,75
2021,1062,61,0,0,3074,158,75
2021,720,61,2,19,7981,121,64
2022,1062,62,0,85,5388,158,75
2023,1062,46,4,85,2747,112,75
2023,659,54,0,4,8612,109,75
2022,203,31,0,0,2081,64,60
2022,607,88,4,69,10491,146,61
2022,1062,35,3,85,2431,33,75
2021,1062,54,0,42,11152,158,75
2023,610,55,0,5,9734,128,75
2022,583,23,0,0,7551,30,73
2016,1062,54,0,13,3404,158,75
2021,1062,51,0,85,10683,107,75
2015,506,51,2,63,6138,156,75
2020,827,99,0,0,4979,71,75
2023,710,54,0,85,906,45,75
2023,1062,58,2,85,7474,130,75
2021,1062,61,0,9,5776,158,75
2017,691,99,0,0,898,122,38
2021,1062,61,0,85,4365,157,75
2017,1062,54,8,9,5660,68,75
2021,1062,61,0,0,11943,158,75
2019,637,92,3,9,7110,151,29
2017,1062,52,0,9,9924,77,75
2022,203,44,0,0,2081,158,60
2023,1062,62,0,9,2694,158,75
2023,1062,49,5,85,2260,157,75
2023,708,69,1,1,9656,86,75
2023,1062,81,8,9,4329,158,75
2021,1062,57,4,85,1195,99,75
2022,650,46,0,0,2135,158,67
2017,721,68,6,22,4504,158,75
2022,1062,60,7,85,9190,122,75
2023,989,80,6,85,8717,155,75
2017,1062,92,7,72,11514,154,75
2023,616,34,0,7,9219,80,75
2022,1079,54,0,0,11743,69,75
2023,726,92,4,63,1814,45,60
2022,471,89,3,0,4580,25,75
2016,1023,92,8,63,3997,63,71
2022,1062,92,3,85,9251,60,75
2023,1062,50,8,85,6877,76,75
2022,463,31,4,69,10190,123,74
2020,1062,92,3,13,4086,155,75
2022,203,54,0,0,2081,25,60
2022,1062,62,0,85,297,158,75
2023,1062,92,0,0,10698,158,75
2015,108,51,4,9,4504,61,27
2021,1062,71,0,0,5056,136,75
2022,209,71,0,1,9397,158,60
2022,1062,67,3,85,4885,158,75
2019,563,57,0,17,513,114,70
2023,1062,52,0,9,1382,125,75
2020,837,48,0,0,1062,138,61
2016,1031,84,6,66,5840,158,48
2023,426,92,0,9,5792,136,75
2023,233,42,0,0,8443,69,75
2022,745,66,0,0,6328,158,75
2022,1062,50,0,85,2027,158,75
2024,1062,62,0,9,6078,158,75
2023,231,62,4,72,10636,69,75
2022,1062,73,5,85,1006,109,75
2023,488,56,0,0,4018,125,68
2023,1062,31,8,41,6714,158,75
2016,157,92,8,9,1911,7,6
2020,829,72,0,1,2124,92,75
2020,714,52,0,1,6547,104,75
2023,1062,52,0,9,4804,155,75
2022,1062,83,0,85,8885,86,75
2023,599,62,0,0,1209,158,75
2021,1062,35,0,85,311,48,75
2023,1062,90,7,85,8892,17,75
2021,955,61,0,9,7993,158,75
2021,182,54,0,0,1937,157,75
2021,1062,61,8,85,11203,158,75
2023,784,51,0,0,9550,158,75
2023,1062,62,0,85,7154,158,75
2014,451,61,8,9,3916,61,75
2023,1085,59,0,0,2998,158,70
2022,1062,72,8,85,514,158,75
2021,1062,73,4,85,10790,102,75
2015,1062,48,0,61,2786,158,75
2021,1062,52,8,0,975,103,75
2021,1062,51,1,85,10167,118,75
2022,1062,84,0,85,4588,158,75
2022,558,92,4,63,11111,69,60
2023,1062,52,8,85,1809,155,75
2018,1062,52,0,9,14,61,75
2023,1062,51,0,72,10080,61,75
2021,1062,48,6,85,714,154,75
2022,590,31,0,0,8074,69,60
2024,1062,92,0,85,11168,158,75
2015,1062,44,8,9,6700,8,75
2021,347,57,0,4,2373,141,63
2023,1062,75,3,85,3077,156,75
2022,1062,61,8,0,5646,158,75
2023,1062,62,0,85,6984,158,75
2023,1062,61,0,9,2396,158,75
2022,726,38,4,69,5999,83,60
2015,294,51,8,72,2871,158,75
2020,1062,48,8,9,1167,103,75
2023,1062,85,1,85,2119,131,75
2021,1062,61,0,85,4382,157,75
2020,1062,65,0,5,4596,58,75
2022,203,31,0,0,2081,49,60
2021,1062,46,4,85,11123,78,75
2023,1062,62,0,85,11478,158,75
2014,1062,61,8,42,10248,158,75
2020,1005,35,0,3,9476,58,75
2022,147,45,4,69,1576,154,60
2023,1062,99,0,85,1902,158,75
2022,1062,54,0,1,7676,158,75
2021,748,61,0,1,8200,158,75
2023,855,92,0,0,8540,158,75
2019,1062,62,0,9,3120,158,75
2022,1104,22,4,85,9581,135,61
2020,1062,52,0,0,8500,129,75
2015,1062,51,8,42,3575,158,75
2023,542,52,3,85,9041,102,30
2017,1062,44,0,61,11385,158,75
2023,805,62,0,9,5815,158,75
2022,1062,62,0,0,8208,61,75
2014,122,92,8,72,10743,38,21
2023,992,85,6,1,9058,158,75
2022,1062,53,3,85,7187,106,75
2021,904,77,0,51,2506,103,75
2023,1133,52,0,9,2191,158,60
2022,1062,30,0,85,2199,150,75
2022,726,49,4,69,5982,86,60
2022,1062,22,0,85,7519,45,75
2020,955,87,6,20,3261,89,75
2018,1062,44,0,9,2124,158,75
2023,784,44,0,0,9612,45,75
2022,638,37,0,0,9226,28,75
2020,497,98,0,0,3639,46,60
2022,1062,58,6,85,6714,125,75
2022,1062,43,0,5,1444,158,75
2022,1062,51,4,85,6571,49,75
2020,1062,88,0,0,5225,53,75
2024,1062,71,0,9,911,61,75
2020,921,84,5,18,3228,96,75
2019,1062,68,0,0,1909,158,75
2023,1079,61,0,0,10325,157,75
2018,1062,62,0,9,6875,25,75
2022,1062,46,6,85,2993,155,75
2017,1062,81,4,72,2194,157,75
2022,1062,46,4,85,3343,158,75
2020,59,52,0,1,2261,146,75
2023,58,54,8,0,3412,112,60
2020,729,63,0,20,4256,158,75
2018,1062,92,1,10,10955,147,75
2023,509,52,0,9,11157,63,75
2022,581,70,0,0,8346,158,75
2023,1062,60,8,85,5857,143,75
2021,989,46,0,1,6848,152,60
2014,1062,62,8,9,5620,158,75
2021,502,31,0,0,5036,68,60
2020,1062,92,8,2,2711,61,75
2022,492,52,4,69,11503,123,74
2023,1062,62,0,85,6684,158,75
2022,1062,52,0,0,2905,89,75
2022,1062,32,6,85,8422,155,75
2020,1062,69,1,78,5757,158,75
2024,590,62,0,0,3346,158,60
2024,1062,52,0,9,5779,158,75
2023,1043,81,2,85,8483,137,62
2021,1062,45,0,0,7933,79,75
2016,1062,44,0,9,1483,69,75
2023,288,53,0,0,4549,89,66
2020,1062,92,8,13,10009,158,75
2018,1062,52,0,9,12009,71,75
2020,994,61,0,1,5971,158,73
2022,492,92,4,85,4355,123,74
2021,1161,51,8,9,502,158,75
2015,1062,52,0,9,11418,157,75
2018,1062,81,0,42,2854,158,75
2021,1062,51,0,37,6660,155,75
2022,1079,98,0,0,11743,44,75
2022,254,62,4,69,2611,154,75
2022,1062,48,0,85,11248,156,75
2024,1062,92,0,9,3801,25,75
2023,1062,46,8,85,7484,121,75
2023,1062,65,5,85,6887,158,75
2023,1062,56,0,9,5362,158,75
2022,1054,71,4,63,7533,123,74
2017,1062,71,0,46,2814,158,75
2023,411,22,3,41,11494,154,60
2020,1062,61,0,0,10041,158,75
2020,778,92,4,63,7528,52,71
2017,989,71,0,9,5138,158,77
2021,544,51,1,34,6080,73,67
2016,1019,92,2,42,11311,158,78
2021,1062,61,0,85,1216,64,75
2022,1062,69,0,85,2453,157,75
2024,1062,92,3,42,1777,157,83
2022,1005,65,0,0,5738,158,75
2021,490,92,0,6,10801,158,60
2022,1062,71,2,85,8982,60,75
2021,1062,92,0,1,3755,158,75
2022,1062,35,0,85,6478,158,75
2016,459,70,5,67,3996,88,44
2022,1062,77,5,85,9024,90,75
2021,991,74,0,4,9446,58,75
2023,592,62,0,9,7918,158,75
2022,1062,54,0,85,6126,158,75
2024,1062,62,0,9,3287,158,75
2014,887,44,8,9,1472,157,75
2022,492,51,4,69,4368,123,74
2015,1025,92,6,66,9972,147,72
2017,1062,51,0,9,619,158,75
2022,558,52,4,69,4931,158,60
2021,1062,50,0,85,805,57,75
2023,1062,62,0,9,8977,69,75
2022,117,50,3,66,1668,116,75
2021,175,31,0,1,8020,143,75
2017,1062,54,0,13,1690,158,75
2023,910,92,4,85,9482,61,75
2023,1062,51,7,85,9402,97,75
2014,1062,51,8,42,10718,158,75
2022,558,92,4,69,2901,80,60
2022,445,92,4,9,4517,29,75
2016,1063,92,8,66,420,70,72
2021,1062,62,8,9,5346,158,75
2022,923,48,0,0,7361,158,75
2022,655,60,0,85,10555,148,75
2024,592,92,0,7,10707,9,75
2022,519,69,4,69,4603,81,68
2023,1073,48,4,63,10297,157,60
2023,1047,68,4,85,8541,105,64
2021,1062,92,6,85,9398,116,75
2023,644,76,0,0,10460,92,67
2023,1062,62,0,9,11169,8,75
2023,896,59,0,2,9026,109,75
2022,1062,61,8,9,11678,25,75
2014,457,88,3,66,4639,100,75
2023,1062,76,8,85,3997,158,75
2022,1062,53,2,8,5553,154,75
2023,1062,61,8,85,969,158,75
2023,1062,53,8,85,7910,157,75
2024,622,48,0,7,9110,158,75
2020,1062,61,0,1,9620,117,75
2022,1062,35,7,85,2226,158,75
2022,806,52,0,0,9656,19,75
2021,1062,92,8,85,9194,37,75
2020,1062,92,0,9,8473,25,75
2017,691,31,0,0,898,158,38
2023,1062,35,7,85,2230,157,75
2022,923,51,0,0,7361,157,75
2021,1062,51,4,63,7328,123,75
2022,1062,92,0,85,8554,22,75
2019,1062,61,8,42,3844,158,75
2023,1062,64,2,85,8866,73,75
2014,364,82,5,72,5029,108,76
2021,1062,59,0,85,5060,158,75
2022,1062,61,0,85,9498,158,75
2022,1043,63,0,0,2314,24,73
2020,1075,61,4,32,4967,112,67
2022,1100,32,3,85,9597,154,60
2020,1062,61,0,0,694,158,75
2023,1062,52,0,9,3001,158,75
2023,906,81,6,85,9812,145,61
2016,1062,52,0,9,3060,61,75
2023,1062,56,3,85,9193,133,75
2023,1062,60,1,85,740,142,75
2022,1062,51,0,0,11180,151,75
2022,1062,91,0,85,3193,158,75
2020,1062,81,0,28,6167,155,75
2019,1062,92,0,0,8593,158,75
2023,1062,63,0,85,2386,158,75
2021,368,58,0,4,1251,158,68
2016,157,92,8,72,4003,7,6
2022,1062,92,0,41,3202,158,75
2022,1062,71,0,9,11210,157,75
2023,412,51,3,0,747,154,60
2022,203,48,0,0,2081,158,60
2023,775,84,2,0,9166,155,75
2023,1062,62,8,85,1788,158,75
2019,1088,92,3,42,7174,155,75
2022,426,22,4,84,1397,123,75
2020,1062,61,8,72,11772,158,75
2019,1062,31,0,0,6606,49,75
2022,1062,55,3,85,6711,88,75
2018,1028,81,8,72,11031,24,13
2019,1062,92,0,0,9954,158,75
2021,1062,61,2,85,8603,100,75
2023,1062,71,0,63,2096,103,75
2022,1062,57,0,85,6716,46,75
2017,1062,51,8,63,23,157,75
2024,1062,99,0,9,10804,146,75
2022,726,92,4,69,5968,54,60
2020,1062,51,8,63,2607,158,75
2023,1062,62,0,9,4791,158,75
2021,1062,52,0,1,7576,156,75
2021,599,51,0,0,5201,158,75
2018,236,52,0,13,7101,122,65
2023,592,52,0,0,1495,49,75
2021,1062,92,8,85,8763,28,75
2023,1062,52,8,40,9091,71,75
2022,1062,79,3,85,6753,158,75
2023,1062,62,0,9,6753,158,75
2024,1062,92,0,85,2443,157,75
2022,1062,52,3,85,2441,107,75
2021,1062,58,4,85,11241,83,75
2023,1062,62,0,0,5718,158,75
2023,1062,53,0,85,666,142,75
2023,784,44,0,9,9598,157,75
2022,763,92,4,69,9737,154,60
2015,1062,62,8,9,4204,158,75
2022,1062,80,2,45,8316,155,75
2022,266,31,0,0,5129,158,75
2022,558,92,4,63,10889,80,60
2020,814,99,0,1,9666,158,60
2022,253,92,3,9,10519,94,75
2023,624,71,0,9,9237,158,75
2021,1062,79,3,85,2017,100,75
2022,1062,63,0,85,6726,64,75
2021,473,62,0,1,5564,158,60
2023,1062,60,0,85,2993,157,75
2022,923,52,0,0,7361,102,75
2018,1062,61,0,42,3134,158,75
2014,986,81,8,72,6972,148,75
2022,1062,25,0,85,3452,60,75
2022,1062,54,0,9,7386,158,75
2021,1062,62,0,9,2368,158,75
2022,112,31,4,9,4451,123,75
2018,1062,44,0,42,1999,158,75
2020,869,92,3,9,8716,158,60
2022,1062,62,0,9,3407,158,75
2022,1062,64,0,48,5539,157,75
2022,97,54,0,0,5103,76,75
2022,1062,48,6,85,2757,143,75
2022,1062,92,0,0,8766,25,75
2020,1062,38,2,12,1716,111,75
2020,1062,52,8,85,8849,48,75
2023,1062,52,0,85,9362,155,75
2021,1062,61,3,85,8510,106,75
2023,875,48,0,5,9779,68,75
2020,636,51,3,42,7107,155,29
2016,444,92,7,72,10774,78,40
2021,1062,47,0,85,9815,33,75
2020,742,81,8,72,10061,158,62
2022,1062,31,0,85,3506,158,75
2020,827,92,0,0,641,158,75
2016,1173,31,8,9,12097,158,75
2022,1062,48,8,85,6237,158,75
2022,1050,82,1,85,9834,92,66
2023,1062,26,8,85,6587,44,75
2022,1062,79,6,85,2527,142,75
2022,793,55,0,0,8185,82,75
2023,1062,55,2,85,7838,157,75
2014,1114,51,8,9,12039,141,68
2022,203,54,0,0,2081,49,60
2022,112,92,4,9,8261,101,75
2022,726,45,4,69,6027,117,60
2022,763,92,4,69,9738,154,60
2023,1062,62,5,85,6062,158,75
2017,691,52,0,0,898,123,38
2021,867,54,0,0,11603,111,75
2022,1011,35,1,85,7368,90,59
2018,1062,52,0,13,246,158,75
2022,1062,92,0,85,7739,111,75
2016,1062,81,8,72,1386,157,75
2023,837,98,0,0,9710,158,75
2022,923,70,0,0,7361,112,75
2023,1062,53,0,85,5528,158,75
2022,763,92,4,69,9802,154,60
2022,1079,53,0,0,11743,94,75
2022,1062,31,0,85,3517,158,75
2023,1062,62,0,85,6819,158,75
2022,1001,37,5,85,7748,79,56
2021,1062,92,4,72,10749,158,75
2019,1062,44,8,0,4788,56,75
2023,233,54,0,0,8450,69,75
2020,1062,54,5,85,9447,47,75
2022,1062,56,0,85,3165,158,75
2023,1062,62,8,85,9028,93,75
2018,1062,51,0,72,3837,158,75
2021,556,39,0,2,2366,93,66
2022,1013,34,6,85,6799,76,60
2023,1062,39,0,85,2764,85,75
2022,58,92,0,0,3639,158,60
2022,294,62,0,0,6170,158,24
2023,1062,57,6,85,10477,157,75
2014,1062,31,0,9,10672,158,75
2020,713,76,6,67,9113,110,59
2017,691,22,0,0,898,61,38
2022,112,81,4,9,4467,123,75
2023,1105,76,0,0,5445,158,65
2022,1062,62,0,0,5825,158,75
2022,1062,26,1,13,3178,67,75
2022,692,52,0,41,2120,163,38
2021,1062,64,2,85,4843,158,75
2020,1071,38,0,0,11711,61,75
2022,1062,65,0,85,11159,21,75
2016,1062,81,0,9,536,158,75
2022,1062,92,0,0,9553,158,75
2022,1079,61,0,0,10320,157,75
2021,1062,92,2,85,7833,57,75
2022,983,37,0,0,8358,70,64
2021,1062,59,8,85,6192,143,75
2022,276,53,0,0,3108,110,75
2022,1062,30,0,85,2723,89,75
2023,743,72,0,2,9510,63,75
2022,1062,89,7,85,415,148,75
2023,568,70,0,0,9183,127,75
2021,1062,54,0,85,10548,96,75
2021,1020,44,0,0,6217,138,75
2019,1062,60,7,78,2108,158,75
2023,1059,92,0,85,8205,156,72
2023,1017,88,7,85,10029,154,71
2015,869,51,7,84,8844,157,60
2021,1062,92,0,0,2974,158,75
2022,592,62,0,0,7588,25,75
2021,1062,72,0,85,11089,28,75
2015,1040,67,7,64,9660,151,73
2021,1062,61,0,42,5698,158,75
2016,1062,81,8,63,5638,158,75
2023,1062,34,0,85,6964,158,75
2022,558,92,4,63,6737,22,60
2018,112,92,4,63,10631,47,75
2022,1061,62,0,85,6687,104,75
2022,1062,69,0,85,4500,121,75
2014,1062,61,8,9,10282,158,75
2021,1062,62,0,37,4816,158,75
2022,1062,64,0,85,9584,158,75
2022,592,54,0,0,9219,45,75
2022,1062,76,4,85,1094,96,75
2018,1062,92,4,72,7701,158,75
2021,1062,56,8,85,2284,157,75
2022,1049,90,6,85,10284,116,77
2022,577,51,0,9,11488,45,75
2021,1062,51,0,85,2291,120,75
2019,709,51,3,42,11542,160,79
2020,1062,54,0,63,11511,154,75
2021,1062,62,0,85,171,118,75
2021,814,52,0,1,6437,158,60
2022,1062,60,0,85,9206,74,75
2022,1062,54,0,9,6470,103,75
2023,754,67,0,4,5225,31,75
2022,1062,71,0,42,9942,136,75
2015,730,53,7,71,11152,86,10
2022,691,99,3,85,7075,158,38
2022,576,31,0,9,11460,158,75
2018,1062,71,0,13,7542,158,75
2021,1062,61,8,63,278,158,75
2023,1062,92,0,72,3375,16,75
2023,303,31,0,4,8665,69,75
2014,1062,51,0,9,10901,158,75
2022,1062,63,8,85,2789,59,75
2022,1062,52,0,85,4802,157,75
2024,1062,62,0,9,3050,158,75
2016,1062,51,8,63,7482,158,75
2022,1062,85,4,85,5714,54,75
2017,987,92,2,25,11074,123,57
2023,925,69,0,0,11304,138,75
2020,1062,67,8,66,1133,158,75
2020,1062,62,0,0,9491,158,75
2015,1062,71,0,42,3791,158,75
2021,59,54,0,37,7613,131,75
2017,1062,92,0,0,10336,158,75
2022,1062,51,0,85,10614,157,75
2022,1079,59,0,0,11743,52,75
2022,1062,40,0,85,3196,110,75
2022,1062,92,7,85,10451,156,75
2015,363,81,4,9,75,157,78
2023,1062,33,0,9,5423,158,75
2020,825,98,0,2,9623,155,60
2022,1062,92,0,85,10449,109,75
2020,402,62,8,9,10057,151,75
2019,1062,61,0,0,5600,158,75
2016,1062,62,0,9,7772,158,75
2021,1062,92,8,37,9005,158,75
2023,1062,48,0,85,7802,136,75
2022,826,54,0,0,6814,49,75
2023,1062,55,0,85,3279,157,75
2023,733,42,5,85,8765,129,47
2022,1062,92,8,69,5052,80,75
2023,1062,62,0,85,5668,158,75
2019,911,96,1,30,1726,66,65
2016,1062,92,8,80,4553,116,75
2022,1079,61,0,0,11743,158,75
2022,1062,44,0,0,7820,156,75
2022,866,51,0,0,7044,117,75
2023,1062,63,0,85,10115,70,75
2020,1062,71,0,9,6529,158,75
2021,1062,62,0,9,4919,158,75
2022,726,69,4,69,5961,61,60
2023,592,31,0,0,9176,69,75
2020,1062,61,0,0,5146,158,75
2023,985,53,5,0,8661,158,75
2022,599,31,0,0,5201,158,75
2022,1062,64,0,85,2853,148,75
2023,998,58,0,0,5056,151,73
2022,567,56,4,85,9193,112,33
2022,1062,52,7,0,3192,154,75
2022,681,55,4,69,5774,124,60
2022,1054,71,4,63,7533,123,74
2023,1062,44,8,9,4323,45,75
2022,1100,28,4,85,10147,154,63
2022,412,52,7,0,11406,154,60
2021,1062,61,8,85,1202,157,75
2020,740,77,2,13,10936,132,75
2015,1062,44,8,9,1358,154,75
2021,806,38,0,0,9656,158,75
2015,1062,61,0,9,11408,158,75
2017,1062,61,8,9,9929,158,75
2022,534,53,0,0,11827,124,65
2021,175,52,0,9,2294,158,75
2023,784,54,0,9,9594,158,75
2022,1062,52,0,85,8203,15,75
2022,688,52,4,9,4454,123,75
2020,606,31,8,9,7638,158,75
2022,1062,81,0,72,11634,8,75
2018,411,81,3,13,823,25,60
2023,1062,62,0,0,2844,158,75
2020,814,62,0,1,11265,157,60
2023,888,85,0,0,9302,72,75
2022,1062,86,5,85,610,135,75
2019,1062,52,0,42,2868,157,75
2024,412,51,7,85,9774,154,60
2021,1062,87,0,85,3801,82,75
2019,1062,92,0,9,11777,158,75
2017,1062,51,8,72,6835,158,75
2019,1062,55,0,0,3286,158,75
2022,1062,86,0,85,9521,33,75
2015,989,53,7,72,4040,18,75
2024,676,62,0,42,10113,158,75
2018,1062,31,0,9,3028,158,75
2021,1062,62,0,85,7883,158,75
2020,742,71,8,72,10963,158,62
2021,1062,54,4,71,993,158,75
2023,1062,71,0,9,719,155,75
2022,1062,71,0,9,5065,158,75
2021,1062,68,8,85,5040,158,75
2018,534,44,0,61,7187,25,75
2022,1079,34,0,0,11743,157,75
2020,1062,52,0,9,520,155,75
2023,1062,92,0,0,10046,149,75
2021,381,92,0,54,11276,8,60
2022,1062,52,7,63,6276,154,75
2022,1062,80,8,85,8143,151,75
2020,1062,52,0,28,3931,69,75
2018,1062,72,0,61,2491,158,75
2019,1062,62,0,9,5156,65,75
2021,1062,44,0,85,6542,116,75
2023,1062,61,0,85,8179,158,75
2015,694,67,8,72,4440,70,61
2022,1062,38,6,85,2616,158,75
2023,1133,48,0,0,5487,93,60
2019,1062,72,0,61,3371,158,75
2017,412,52,7,0,11174,154,60
2015,138,81,4,72,235,39,22
2021,1062,52,8,85,2729,157,75
2020,985,62,0,1,12008,47,75
2023,1062,52,0,41,5133,158,75
2016,1155,71,8,72,1316,122,75
2022,1062,56,4,85,7915,107,75
2023,141,92,4,63,10750,68,67
2023,212,52,0,7,1150,157,60
2021,1062,44,0,37,3059,158,75
2022,961,56,3,85,7133,87,75
2022,1062,50,5,85,8348,48,75
2019,1062,48,0,0,9230,158,75
2022,1062,77,0,85,9703,129,75
2022,1062,62,0,9,4976,71,75
2016,1062,61,0,42,666,158,75
2018,370,51,0,9,483,163,75
2015,1062,71,8,72,8821,139,75
2023,60,53,0,0,2370,158,61
2015,1062,61,8,9,11580,158,75
2022,1062,86,6,85,8874,124,75
2022,1062,33,2,85,2373,69,75
2023,1062,22,8,0,6143,107,75
2017,1062,52,0,23,4881,73,75
2015,553,92,8,9,4900,162,75
2023,141,61,4,72,11104,68,67
2022,870,51,1,85,7485,54,58
2022,726,92,4,69,6055,117,60
2019,1062,92,0,72,8576,158,75
2018,644,92,3,13,841,24,16
2021,1062,58,5,85,7830,118,75
2024,478,92,4,9,4262,1,75
2017,1062,51,8,72,685,139,75
2023,1062,75,8,85,9122,52,75
2022,749,32,0,0,9026,97,70
2021,1062,22,8,85,4564,61,75
2022,1062,48,0,85,2253,157,75
2023,1062,56,8,85,7899,157,75
2023,1062,45,8,85,7661,135,75
2021,790,68,4,0,10450,68,75
2021,1062,54,3,85,4224,157,75
2014,447,51,4,72,10763,109,52
2021,1062,62,0,42,6326,158,75
2023,1133,52,0,0,11519,158,60
2021,1062,82,6,85,9647,121,75
2021,591,54,0,1,5869,104,75
2019,1062,54,8,9,7677,158,75
2023,1133,52,0,9,11562,158,60
2017,1062,61,1,14,7354,158,75
2014,655,54,8,72,1336,114,29
2023,1062,92,0,41,1390,158,75
2023,1062,78,0,85,3168,136,75
2020,1062,36,8,85,1621,157,75
2019,1062,62,0,42,7222,158,75
2023,742,78,2,85,9057,100,47
2023,549,62,0,0,9112,158,75
2023,1062,45,0,85,12098,69,75
2015,363,81,4,28,6360,155,78
2019,1062,61,0,0,5909,158,75
2016,1062,92,8,59,4575,98,75
2018,851,41,3,0,4942,85,52
2017,412,48,7,0,11174,103,60
2015,912,44,8,9,7600,8,75
2023,1062,62,0,85,7274,158,75
2018,1062,81,8,9,11151,155,75
2016,977,92,8,72,8056,158,2
2016,157,92,8,72,4003,7,6
2023,1042,61,0,0,9154,149,75
2022,763,72,4,69,9810,154,60
2016,1062,92,7,0,1338,126,75
2021,1062,44,8,85,6061,157,75
2023,305,43,0,9,8397,58,63
2020,490,62,0,1,1687,158,60
2015,416,92,8,72,11047,74,28
2014,112,92,4,63,4484,68,75
2023,1062,58,8,85,3002,155,75
2023,1062,54,0,85,6348,158,75
2022,276,48,0,0,3108,158,75
2020,1062,54,8,28,1862,8,75
2019,1062,92,8,63,4661,63,75
2022,1062,86,1,85,7992,129,75
2021,1062,67,4,85,1281,157,75
2022,1054,31,4,63,7265,123,74
2023,1062,92,0,72,10097,158,75
2023,1062,57,0,85,8838,35,75
2023,1062,52,0,85,1715,152,75
2021,1062,56,8,85,3356,107,75
2021,1025,89,0,85,7516,155,71
2023,338,49,3,49,1844,137,63
2023,681,61,0,0,9367,158,75
2022,1062,56,0,85,3884,158,75
2022,203,28,0,0,2081,85,60
2017,1062,44,7,63,7751,77,75
2016,8,71,0,9,3461,158,75
2016,691,52,0,9,7364,163,38
2023,1062,87,6,85,8810,144,75
2016,1062,52,0,9,10862,28,75
2020,1062,63,8,85,8765,79,75
2022,285,54,0,5,4272,99,66
2019,1062,44,0,13,1259,158,75
2021,936,49,0,0,1613,157,75
2020,1058,90,0,5,2154,43,75
2017,1062,51,8,9,1498,28,75
2022,96,48,4,63,9635,157,29
2022,1062,30,1,85,3277,62,75
2022,222,62,0,0,5515,158,72
2021,234,41,0,0,2586,157,75
2022,1062,69,6,85,6973,152,75
2021,1062,25,8,85,4291,73,75
2023,1062,67,3,85,6999,158,75
2022,599,61,0,2,8860,158,63
2020,1062,31,1,9,9093,71,75
2019,1062,62,8,42,11720,158,75
2021,675,57,0,0,7913,158,68
2020,983,56,0,1,11233,157,70
2018,1145,44,0,9,4749,25,75
2021,814,14,0,1,7170,158,60
2023,784,33,0,0,9605,69,75
2022,1062,40,0,85,3266,77,75
2017,1062,54,8,9,357,158,75
2022,1055,76,3,85,8893,154,60
2022,1062,61,5,85,812,158,75
2022,203,44,0,0,2081,158,60
2019,1062,92,0,0,11761,158,75
2023,1062,61,8,85,1205,158,75
2023,1062,52,0,85,3005,155,75
2021,269,52,0,5,2025,158,61
2020,513,81,3,14,9052,49,29
2022,809,48,0,0,237,158,75
2019,1066,72,0,36,8418,80,38
2015,988,81,8,72,6784,141,68
2016,1172,81,8,9,6558,28,75
2021,58,44,0,9,4725,69,60
2023,1062,61,0,0,9981,158,75
2022,1062,41,2,85,2272,128,75
2016,1107,71,7,71,1503,156,74
2022,1049,92,7,85,10426,123,78
2019,465,51,7,71,3724,90,11
2022,1062,67,0,85,11241,65,75
2023,1062,92,8,85,9261,158,75
2019,1062,62,8,9,7258,158,75
2021,1062,75,8,85,782,157,75
2022,1062,44,0,86,10974,21,75
2022,592,33,0,0,4726,69,75
2020,1062,62,0,9,11300,158,75
2023,1133,44,0,9,1886,158,60
2021,1062,91,0,85,7395,158,75
2017,112,81,4,63,4433,136,75
2023,1062,92,0,72,786,69,75
2023,1133,92,0,0,9299,25,60
2015,658,62,8,72,433,158,78
2015,293,92,4,28,1623,27,15
2023,1055,60,0,0,8959,158,75
2023,1062,74,3,85,280,158,75
2020,172,51,0,1,1266,158,60
2015,1062,53,3,57,6892,86,75
2022,203,47,0,0,2081,158,60
2022,1062,21,8,85,5367,46,75
2016,257,87,4,63,4297,128,62
2020,1062,61,8,9,8743,158,75
2023,784,92,0,0,2928,158,75
2016,112,61,4,63,1637,25,75
2023,1062,67,8,85,3007,156,75
2023,1062,61,8,85,5767,150,75
2023,145,61,4,70,1551,32,18
2022,1062,92,0,0,8574,114,75
2022,1062,47,0,85,1429,146,75
2021,673,71,0,0,9662,152,69
2023,880,71,1,85,9584,47,60
2023,1062,72,8,85,2486,99,75
2021,1062,61,8,85,10349,158,75
2022,1062,42,0,8,1120,158,75
2022,558,48,4,63,10880,35,60
2018,385,92,3,42,8647,154,60
2022,1062,42,8,85,8627,46,75
2022,1062,58,0,85,8244,34,75
2020,1062,31,0,0,6489,54,75
2022,492,51,4,69,4352,123,74
2022,819,32,0,0,1556,121,60
2023,1062,32,0,85,6679,158,75
2020,1062,62,0,9,7261,158,75
2022,1062,87,0,85,4112,158,75
2016,1062,81,0,9,11422,157,75
2024,1062,62,0,85,2266,158,75
2020,873,64,0,0,5406,158,75
2022,1062,22,8,85,4586,61,75
2020,1062,62,0,64,4532,158,75
2022,827,56,0,0,4953,96,75
2023,1062,59,0,85,8854,39,75
2023,1062,61,7,85,7876,158,75
2023,1062,69,4,85,9072,100,75
2021,1062,92,5,85,8950,11,75
2014,1062,51,8,9,5429,158,75
2023,570,58,0,9,9155,158,75
2019,1062,72,0,61,11390,158,75
2018,1034,33,1,12,673,96,75
2021,1062,62,0,9,3458,158,75
2022,199,32,0,9,5335,49,58
2021,1062,54,0,11,11921,157,75
2023,592,81,0,0,10727,158,75
2022,1062,48,0,85,11196,155,75
2017,622,84,1,13,821,125,44
2023,331,22,0,0,2906,89,75
2022,726,68,4,69,5995,100,60
2022,1062,60,4,85,2465,117,75
2021,968,92,4,9,3949,162,10
2023,1062,92,8,85,3220,38,75
2023,1062,46,6,85,7927,157,75
2020,1062,61,0,9,1260,25,75
2024,1062,31,0,0,7877,49,75
2023,784,33,0,0,9544,157,75
2018,1062,71,0,42,4778,158,75
2023,1062,83,0,85,10491,146,75
2023,985,92,2,9,9882,133,75
2019,1062,52,0,61,7045,61,75
2014,144,92,4,42,1157,86,74
2018,1062,51,0,0,9848,158,75
2022,203,54,0,0,2081,158,60
2022,1062,67,6,85,6918,153,75
2023,1062,52,0,9,7468,158,75
2015,986,54,2,63,11058,148,75
2021,1062,61,0,54,10215,103,75
2022,1062,62,0,41,1208,158,75
2023,1062,67,0,85,7923,118,75
2022,58,43,0,0,8167,125,60
2022,1062,90,7,85,348,153,75
2021,1062,60,6,85,9223,14,75
2021,814,42,0,6,3673,71,60
2015,589,51,8,63,4095,158,75
2016,977,92,8,72,8056,158,2
2014,1062,44,0,61,6183,158,75
2020,1062,44,0,42,778,158,75
2022,245,90,0,0,2990,158,60
2022,492,51,4,69,4344,123,74
2022,972,22,8,85,10661,15,74
2022,1062,51,4,85,6534,45,75
2021,1062,61,0,0,1126,158,75
2018,1062,62,0,9,2985,158,75
2021,1062,68,5,85,5179,158,75
2017,1062,81,0,75,4808,157,75
2014,1062,54,8,42,4223,158,75
2016,135,92,4,72,4537,5,58
2023,1086,68,0,0,1764,106,69
2016,1062,52,0,9,1669,154,75
2023,1062,51,0,41,10492,158,75
2023,200,51,0,0,10122,36,61
2021,599,67,0,0,5201,132,75
2021,1062,92,1,85,9218,157,75
2019,1062,61,2,0,7479,123,75
2022,1062,33,8,85,2541,147,75
2015,20,51,8,63,1331,157,75
2022,1062,92,0,1,3549,158,75
2023,1086,78,0,0,3011,73,69
2022,763,92,4,69,9818,154,60
2020,1062,62,8,0,10557,146,75
2021,1062,56,0,9,43,158,75
2020,536,50,0,0,9292,143,69
2021,473,44,0,1,3262,49,60
2022,1079,61,0,0,11743,29,75
2021,1062,65,0,5,9912,158,75
2022,1062,37,8,85,2484,128,75
2022,1062,90,0,85,9099,157,75
2022,1062,92,4,85,6247,158,75
2014,1062,51,8,63,10964,158,75
2021,1062,92,1,85,7041,137,75
2020,908,92,3,42,7161,0,27
2021,633,41,0,1,1136,93,64
2024,148,54,4,63,1603,158,60
2020,562,55,0,1,2844,158,75
2022,1062,62,0,42,11698,158,75
2019,691,92,3,42,889,133,38
2022,1062,45,1,11,111,55,75
2022,1062,68,0,85,9128,153,75
2023,726,81,4,63,10895,69,60
2022,599,51,0,0,5200,158,75
2018,411,92,3,13,1046,49,60
2020,869,92,3,9,10164,158,60
2019,1062,54,8,9,5337,157,75
2022,691,99,3,85,7075,93,38
2022,726,48,4,69,5944,80,60
2014,305,51,8,63,10950,158,75
2023,514,92,4,84,10637,68,29
2023,1062,62,8,41,11148,25,75
2017,1062,52,0,9,8114,28,75
2022,775,39,4,65,10245,140,66
2023,420,31,4,9,406,77,16
2017,982,81,0,71,4783,149,75
2022,453,53,3,70,3792,155,61
2023,850,61,8,85,7603,158,75
2023,1062,61,0,41,2318,157,75
2020,112,92,8,63,1638,158,75
2022,1062,55,3,85,6711,89,75
2018,1062,42,0,9,2850,158,75
2018,1062,62,0,9,2151,158,75
2023,174,61,0,0,3294,158,75
2022,1062,40,0,85,6443,158,75
2018,1062,92,0,9,1543,158,75
2020,1062,22,8,9,2213,157,75
2024,592,31,0,7,3612,143,75
2022,1062,62,0,85,6015,158,75
2015,1062,91,8,63,10156,157,75
2023,1062,52,8,85,9414,99,75
2021,1062,61,0,37,10240,158,75
2014,174,67,4,64,4425,126,75
2023,898,72,0,85,834,158,75
2020,780,92,0,3,10201,114,67
2022,1062,76,4,85,1416,95,75
2023,1062,92,6,85,3042,157,75
2021,1062,61,0,85,4275,157,75
2020,1062,59,1,0,3304,132,75
2022,1062,71,8,85,1990,158,75
2022,1062,92,1,85,10114,118,75
2023,784,92,0,0,8566,158,75
2016,1062,52,0,13,6927,71,75
2021,811,86,3,57,9868,140,62
2022,112,31,4,9,1619,123,75
2023,976,77,0,6,9006,120,71
2022,1062,59,0,85,4146,157,75
2022,752,62,0,6,2320,158,75
2022,520,48,0,0,7366,41,75
2022,340,54,0,0,7563,158,75
2016,800,52,8,63,2042,158,75
2022,558,92,4,63,9844,71,60
2022,1062,61,7,85,4271,158,75
2022,428,99,3,41,3832,154,8
2022,806,31,0,0,9656,136,75
2014,1062,81,2,9,12014,158,75
2023,1000,87,7,85,10467,156,75
2023,694,81,3,85,7945,77,38
2023,1163,51,8,63,5245,35,60
2023,1062,38,0,85,6993,158,75
2020,1062,92,8,13,4024,158,75
2016,1062,71,8,72,6300,158,75
2023,1062,62,0,9,8934,158,75
2019,1062,59,4,5,10428,142,75
2022,1040,52,3,41,7812,154,60
2022,112,22,4,9,8253,123,75
2016,785,51,8,72,6665,158,75
2023,948,58,1,18,5584,158,70
2021,1062,92,0,85,3211,158,75
2019,1034,71,8,72,2402,35,11
2016,1035,84,6,57,528,128,67
2022,875,51,0,86,11237,42,75
2023,427,84,0,4,7278,158,70
2020,1062,61,0,28,10002,158,75
2023,828,62,0,0,8974,136,75
2020,1062,31,8,85,2175,157,75
2020,869,92,3,9,8676,158,60
2016,984,90,4,71,564,161,79
2022,1062,72,8,85,1378,70,75
2021,1009,62,0,0,10296,53,75
2023,1062,61,0,9,5888,158,75
2023,725,62,0,9,7776,158,75
2022,58,54,0,0,970,25,60
2024,1062,61,0,9,10803,146,75
2021,1062,53,8,85,2751,156,75
2023,252,61,0,9,10386,158,60
2022,562,90,4,69,4962,23,60
2022,1062,33,0,85,2999,81,75
2021,1062,22,0,85,2403,32,75
2020,1062,75,4,0,9098,158,75
2021,999,31,0,5,1744,146,75
2020,1062,81,0,13,4071,158,75
2019,1062,51,0,42,6967,158,75
2017,412,99,7,0,11174,154,60
2017,939,81,0,0,785,25,62
2023,1062,77,0,85,10328,115,75
2019,1062,62,0,0,2218,158,75
2023,1103,88,0,0,10518,36,61
2022,1062,29,0,85,2205,139,75
2022,1075,60,0,0,9968,157,72
2024,1062,22,0,0,5719,158,75
2024,1062,62,0,9,2671,158,75
2022,1062,74,1,85,4728,98,75
2023,1062,46,3,85,2754,113,75
2023,1062,81,5,85,2272,152,75
2022,1062,80,5,85,9657,157,75
2022,877,59,0,0,1263,157,60
2022,1079,80,0,0,11743,100,75
2022,1062,52,0,85,1199,158,75
2022,558,48,4,69,4943,49,60
2023,1062,84,0,85,7731,142,75
2019,1014,81,3,42,4082,147,70
2016,548,92,8,9,7520,61,27
2021,172,62,0,0,5403,21,60
2016,1062,48,0,9,1403,155,75
2016,742,51,8,72,3331,158,62
2015,328,56,0,9,2138,158,75
2021,1062,75,0,85,4004,118,75
2022,485,61,0,0,8983,144,61
2014,1062,71,8,72,10732,158,75
2014,1062,51,0,9,6331,45,75
2023,592,31,0,9,5152,158,75
2014,957,92,4,67,4354,154,73
2023,1133,52,0,0,3019,158,60
2021,1062,56,5,85,2643,158,75
2022,1062,61,0,85,2948,157,75
2023,1062,56,6,85,1017,158,75
2021,1062,61,2,85,7789,143,75
2022,652,27,0,0,9663,115,69
2019,1062,62,0,42,5474,158,75
2022,1062,27,0,85,6714,158,75
2022,1062,52,0,9,2995,155,75
2023,1062,52,8,41,2024,158,75
2020,1062,51,8,63,2751,5,75
2020,691,92,8,42,6933,158,38
2015,1062,51,0,63,7284,107,75
2020,1070,44,8,9,1256,158,75
2022,147,48,4,69,1582,154,60
2023,1062,33,0,39,2371,158,75
2023,1062,44,0,9,7287,158,75
2023,1062,62,0,41,1258,158,75
2024,703,92,7,63,11516,154,60
2022,726,48,4,69,5917,80,60
2014,1062,81,8,72,4529,109,75
2021,778,52,0,1,3158,36,72
2017,691,92,0,0,898,21,38
2022,869,99,3,41,7119,155,60
2022,1062,54,8,85,1198,31,75
2022,1062,41,7,85,2055,69,75
2019,1062,79,0,0,8871,110,75
2023,1062,63,8,85,8539,60,75
2023,1062,72,0,9,6288,158,75
2023,1062,78,8,85,8094,155,75
2016,116,62,4,64,4522,128,71
2023,725,31,0,0,9473,69,75
2020,721,54,0,0,2881,155,75
2017,567,48,4,72,4990,77,75
2019,1062,22,0,0,11102,61,75
2015,1062,92,8,72,363,158,75
2015,1118,51,8,9,12048,158,75
2023,726,31,4,69,5926,35,60
2022,1004,53,0,85,392,130,70
2022,1094,45,2,85,9209,155,65
2023,1035,54,0,8,4522,66,75
2022,1062,62,5,0,3840,158,75
2023,879,62,6,85,7653,135,75
2023,592,81,0,0,9200,157,75
2023,566,54,0,85,965,58,75
2023,1062,63,0,85,8778,43,75
2022,1062,52,0,9,4161,158,75
2022,726,52,4,69,6059,154,60
2023,1062,62,8,41,7767,158,75
2016,157,92,8,72,4003,7,6
2022,1062,54,0,9,4207,158,75
2022,1062,53,6,85,2872,155,75
2022,1062,48,0,85,3205,158,75
2018,644,92,3,13,838,24,16
2022,1062,90,0,85,3051,158,75
2016,536,38,2,67,1947,153,75
2015,1062,71,8,72,10699,9,75
2019,1062,77,0,0,10381,95,75
2015,1062,81,3,42,9314,93,75
2023,632,34,0,0,2112,142,75
2023,1062,82,6,85,8041,155,75
2017,1062,62,0,0,2588,158,75
2022,1062,48,8,85,3532,104,75
2021,965,41,0,1,1742,31,72
2022,1062,85,1,85,7019,158,75
2019,1062,81,0,46,4753,157,75
2022,1062,59,0,85,9573,142,75
2023,1062,52,0,9,11528,157,75
2024,1062,52,0,72,2824,131,75
2018,1062,92,1,9,862,96,75
2023,208,54,0,0,2229,158,60
2022,497,76,1,85,11655,108,75
2023,1062,62,8,85,9025,94,75
2023,300,55,0,1,8597,70,69
2019,1062,54,0,9,1412,158,75
2021,1062,68,2,85,5600,158,75
2021,328,31,0,0,3445,143,75
2022,992,92,6,85,10281,121,72
2023,1059,30,0,85,7650,57,73
2022,1021,54,0,26,4705,67,75
2016,363,81,4,9,3252,158,78
2023,1062,85,6,85,283,154,75
2021,1075,61,0,0,5226,158,75
2022,1062,99,3,41,760,52,75
2015,992,81,8,9,1760,25,75
2017,1062,92,0,0,4809,157,75
2022,1062,80,0,85,9897,123,75
2023,252,61,0,9,10047,158,60
2022,1062,54,0,9,2591,158,75
2019,1062,51,8,9,11856,158,75
2021,1062,61,0,0,7443,157,75
2018,1062,31,8,9,3928,45,75
2023,1062,51,3,85,7650,140,75
2022,762,53,4,69,6411,133,70
2019,499,22,7,84,4860,158,78
2015,1062,51,0,42,2410,158,75
2022,1062,45,4,85,2661,158,75
2020,1062,91,8,3,2458,158,75
2018,786,64,0,0,1189,32,47
2022,1062,74,0,85,9600,158,75
2021,1062,62,0,24,4254,158,75
2022,1062,23,8,85,1429,158,75
2023,894,55,0,0,9294,120,75
2016,1062,92,8,84,7730,151,75
2021,1062,70,8,85,915,157,75
2022,58,54,0,0,970,158,60
2016,1062,62,8,9,4393,158,75
2023,675,82,2,85,8642,78,42
2022,1062,86,1,85,7943,133,75
2022,203,45,0,0,2081,37,60
2023,1062,61,8,41,10254,158,75
2022,1079,61,0,0,11743,105,75
2023,1062,62,8,63,10351,157,75
2023,787,46,2,85,9264,112,75
2020,1062,52,8,9,3598,158,75
2020,741,78,0,0,5616,158,66
2016,735,79,8,63,10617,158,77
2017,1062,51,0,9,3011,155,75
2022,1062,52,0,85,3660,157,75
2022,147,92,4,72,1597,154,60
2021,1062,66,0,85,2012,119,75
2018,647,54,1,13,8176,135,16
2023,1062,54,0,0,11395,158,75
2023,1062,60,8,85,9173,73,75
2022,826,92,0,0,6814,69,75
2021,1062,46,3,85,6465,91,75
2015,1062,51,8,9,7636,158,75
2022,586,55,0,85,10570,142,75
2022,147,78,4,71,1589,154,60
2022,763,42,4,69,9804,154,60
2021,950,92,7,85,8772,28,65
2018,1062,71,0,9,3246,158,75
2020,251,76,0,3,4994,97,66
2020,1062,50,0,26,4012,74,75
2020,1062,54,8,9,6997,61,75
2018,1062,62,0,9,670,158,75
2016,1062,51,0,42,11220,158,75
2015,112,51,4,9,10945,49,75
2020,1062,44,0,42,3813,158,75
2022,163,24,4,69,1626,80,60
2021,766,51,7,34,1295,154,68
2023,72,57,0,0,5086,157,68
2023,622,76,0,0,9331,39,75
2022,1062,60,0,85,9114,157,75
2020,902,52,8,9,5165,158,75
2021,1062,62,7,0,7612,154,75
2019,1062,62,0,0,7820,158,75
2022,1028,48,0,2,7670,154,75
2022,500,56,0,0,7345,45,75
2016,135,92,4,72,4537,5,58
2023,473,62,0,0,8959,158,60
2024,412,51,7,85,9773,154,60
2021,806,31,0,0,9656,152,75
2022,576,57,3,85,9097,98,33
2022,1062,54,7,85,8153,17,75
2021,1062,70,0,85,1742,74,75
2015,630,92,8,0,10163,158,44
2016,1062,51,8,9,7708,158,75
2019,772,78,2,20,6771,152,75
2015,416,52,8,72,4601,158,28
2016,424,92,4,9,1744,158,78
2023,915,92,1,85,9878,118,63
2015,35,92,8,9,83,25,75
2019,1062,61,0,0,3553,158,75
2019,1062,54,0,64,5777,158,75
2021,326,62,0,1,8089,68,75
2016,529,55,4,40,6844,107,51
2022,1062,26,0,85,2661,112,75
2022,1062,54,0,9,3721,158,75
2023,440,56,0,6,5526,67,70
2018,1062,52,0,42,11309,157,75
2020,1062,51,0,3,11105,50,75
2015,151,61,4,80,6359,68,33
2020,1062,71,8,72,8796,157,75
2018,1062,61,0,9,5321,158,75
2022,1062,65,0,85,6774,109,75
2022,1062,79,0,85,1924,158,75
2022,739,38,0,0,6428,42,66
2020,1062,56,0,1,4902,157,75
2022,660,66,1,0,7335,67,75
2021,1062,92,6,85,8461,27,75
2016,653,92,8,63,4008,10,6
2021,1062,81,4,9,10526,158,75
2023,497,69,4,85,9012,111,27
2021,1062,52,8,85,5547,157,75
2022,1079,31,0,0,11737,140,75
2022,1079,82,0,0,11743,39,75
2021,834,59,0,1,2174,21,62
2023,784,33,0,0,8464,158,75
2022,1062,52,0,9,1372,155,75
2015,1062,31,8,9,8747,158,75
2022,1062,92,0,9,10529,89,75
2015,36,92,4,63,1131,158,75
2023,1062,79,8,85,9069,44,75
2023,1113,62,0,0,5389,158,61
2021,1062,75,4,85,5790,157,75
2022,1062,52,0,41,10845,158,75
2022,806,22,0,0,6799,158,75
2015,757,51,6,72,10294,94,71
2022,726,65,4,69,6012,83,60
2022,1062,92,8,85,10808,153,75
2019,314,59,1,13,4511,116,66
2020,1062,47,0,0,4351,131,75
2016,112,92,4,63,8275,126,75
2021,164,61,0,9,1738,103,29
2021,275,61,0,0,10707,158,65
2015,1062,51,8,63,3637,157,75
2023,1133,61,0,9,9518,158,60
2014,1062,99,0,9,5020,45,75
2019,1062,61,0,0,1803,158,75
2018,1062,92,0,9,8592,158,75
2024,940,72,0,0,9968,16,60
2023,1062,61,8,85,5723,153,75
2020,1062,44,0,42,10956,155,75
2022,1123,54,4,63,1060,68,29
2023,1062,57,3,85,7345,119,75
2022,726,75,4,69,5973,117,60
2023,765,55,0,0,9513,158,75
2022,1062,68,0,85,6821,158,75
2023,1062,58,0,85,6127,158,75
2022,917,58,0,0,6099,158,75
2021,995,58,0,1,5435,157,70
2023,753,39,1,85,9315,147,75
2023,1133,52,0,0,3212,158,60
2021,1062,61,2,85,2378,88,75
2014,1062,54,0,9,1445,158,75
2023,1062,54,6,85,7874,157,75
2022,1062,58,3,85,2859,158,75
2019,1062,61,0,9,5624,158,75
2022,1062,82,3,85,1495,70,75
2023,1062,62,0,9,10814,58,75
2022,1062,51,0,85,3890,158,75
2015,799,71,8,72,397,21,11
2023,511,68,0,0,10210,157,65
2023,1062,51,0,41,3117,158,75
2022,1062,49,1,85,2314,157,75
2018,1062,62,0,0,1219,158,75
2022,1062,67,6,85,7662,158,75
2016,1023,92,8,63,3998,123,71
2022,203,51,0,0,2081,49,60
2019,1062,61,0,0,3869,158,75
2019,1062,65,0,0,8031,158,75
2019,1002,60,7,64,285,105,77
2022,1094,35,0,0,6858,61,62
2022,1096,36,3,85,9530,154,60
2023,1062,61,0,0,246,71,75
2023,148,51,4,63,2606,158,60
2021,1062,54,5,85,999,134,75
2014,1062,51,8,9,3663,45,75
2022,662,85,4,65,11189,69,60
2022,115,44,0,0,5228,71,63
2023,1062,54,8,85,9765,128,75
2021,838,51,8,9,1174,61,75
2020,1062,55,3,63,4698,68,75
2020,908,92,3,42,7160,102,27
2021,1062,61,0,0,10011,65,75
2021,320,48,0,0,2650,158,60
2022,1062,43,0,85,3148,141,75
2016,1062,51,0,9,10506,158,75
2021,773,51,7,63,11351,116,56
2020,1062,51,8,9,2544,158,75
2022,203,53,0,0,2081,158,60
2023,1062,92,0,0,4238,158,75
2015,138,92,4,72,235,39,22
2023,524,92,3,85,8378,13,32
2014,474,54,8,72,455,136,75
2020,642,54,0,1,7094,162,72
2020,1089,62,0,0,8727,158,60
2020,521,68,2,40,10496,138,75
2021,1062,41,2,85,2147,157,75
2023,189,51,4,85,2009,15,8
2019,1062,62,0,0,3411,158,75
2022,1062,62,0,0,2492,158,75
2022,1062,51,0,85,8200,156,75
2022,1062,58,0,0,2965,86,75
2021,1062,61,3,85,11782,158,75
2020,1062,64,0,1,6704,158,75
2023,1062,33,6,85,2692,158,75
2022,708,82,3,59,9683,151,62
2022,1079,61,0,0,10311,157,75
2021,1062,92,2,85,9325,16,75
2022,112,52,8,85,3785,123,75
2019,764,72,8,9,908,158,16
2016,1062,54,8,13,3812,158,75
2022,806,25,0,0,9656,36,75
2023,1062,62,8,85,8514,54,75
2022,1062,62,0,85,1789,158,75
2020,1062,92,0,64,9668,158,75
2022,978,50,0,0,6512,158,75
2021,1062,64,7,85,11389,152,75
2023,1062,81,8,0,12067,158,75
2022,203,54,0,0,2081,158,60
2020,1068,62,6,1,7626,158,71
2023,861,38,4,4,10291,113,75
2023,681,82,4,69,6850,65,57
2016,1062,71,0,9,4767,71,75
2021,1062,62,0,87,4205,158,75
2020,320,53,0,1,6092,158,60
2022,592,68,0,0,5455,14,75
2021,164,92,0,9,1738,16,29
2022,1062,61,0,85,4206,157,75
2022,726,92,4,69,6032,117,60
2021,1062,66,8,85,6099,158,75
2020,751,51,0,0,8220,55,75
2023,1062,76,3,85,9142,137,75
2020,908,31,1,31,6455,157,68
2022,962,48,2,85,7221,134,44
2018,989,53,0,9,11115,158,77
2023,1062,52,0,41,7191,158,75
2015,112,81,8,9,445,25,75
2022,524,45,0,4,8573,136,68
2016,1062,82,8,63,11054,154,75
2016,1074,64,8,72,222,125,54
2023,592,52,0,0,150,158,75
2016,1062,51,8,63,358,158,75
2022,1062,43,8,85,2153,125,75
2021,1062,62,0,41,6130,158,75
2022,1062,62,0,0,6563,158,75
2021,1062,48,0,9,9695,158,75
2023,1062,62,8,85,9017,96,75
2014,1062,51,8,63,10949,158,75
2014,447,48,8,72,1663,61,52
2021,1062,66,0,85,6967,74,75
2023,340,68,0,0,8368,139,72
2022,1062,85,6,85,8935,135,75
2021,889,38,0,1,3142,124,70
2022,412,22,7,0,7016,154,60
2021,1062,48,0,9,3646,45,75
2022,1062,53,0,85,5031,158,75
2018,1062,22,4,63,11607,49,75
2021,1062,75,8,85,8897,157,75
2017,411,92,3,13,984,122,60
2016,881,61,8,9,7424,61,27
2022,1062,83,0,85,10012,158,75
2022,1062,98,0,85,9403,71,75
2022,1062,22,6,85,5126,58,75
2022,746,51,0,0,8923,98,75
2023,1062,51,4,72,10961,158,75
2020,847,46,0,1,4921,157,69
2020,1062,79,0,26,6261,155,75
2020,1062,81,8,9,7434,158,75
2021,1062,47,6,85,3778,157,75
2022,746,34,0,85,9589,140,75
2023,908,48,0,3,8096,102,66
2016,1062,61,0,9,10224,158,75
2021,1062,50,5,85,4006,157,75
2022,863,92,1,63,10114,133,69
2021,1062,51,2,85,10008,121,75
2023,565,92,4,85,10620,45,75
2021,1062,90,7,85,4925,144,75
2023,1062,71,0,9,11211,157,75
2022,726,64,4,69,6010,39,60
2022,1062,92,2,85,9042,158,75
2022,101,59,0,6,1526,125,60
2022,813,51,6,85,11310,88,55
2016,1062,51,8,63,69,49,75
2023,1062,61,0,85,2984,157,75
2022,1062,36,0,85,1652,74,75
2023,1062,44,0,0,3583,69,75
2021,272,52,0,0,3754,101,60
2017,1062,51,0,9,305,28,75
2021,625,70,0,0,4971,110,75
2020,1062,54,8,9,7695,158,75
2022,873,57,0,0,9337,52,70
2022,737,34,0,85,9547,134,75
2022,58,22,0,3,3317,115,60
2023,1062,62,0,85,1108,158,75
2023,1133,54,0,9,2943,158,60
2023,58,62,0,0,8170,158,60
2021,1062,45,7,85,6507,47,75
2022,726,52,4,69,5948,80,60
2022,1062,72,0,41,524,118,75
2023,1133,21,0,0,7212,8,60
2022,1062,92,4,85,10450,134,75
2020,1062,81,8,9,342,8,75
2020,1062,81,0,13,553,158,75
2015,476,51,4,72,170,61,27
2020,913,61,8,13,4666,157,75
2023,527,86,0,0,8695,64,75
2023,881,64,0,0,9763,25,73
2023,1062,52,8,9,5242,158,75
2023,784,45,0,6,9582,146,75
2019,1062,61,7,72,11050,158,75
2023,1062,62,6,85,5818,158,75
2021,168,62,0,6,8304,158,75
2021,1042,56,0,1,11652,158,75
2022,712,89,2,0,10880,158,75
2021,745,40,0,0,2143,28,71
2023,148,51,4,85,1602,106,60
2016,989,99,0,13,8700,158,77
2021,108,57,0,0,5705,28,62
2016,1117,51,8,9,1340,63,29
2020,1062,52,0,63,2156,158,75
2023,451,52,0,9,964,93,69
2022,1062,26,3,85,3823,98,75
2017,827,52,4,17,11499,103,67
2021,1062,62,0,1,12019,158,75
2021,1053,57,0,73,261,114,75
2017,637,79,4,16,11517,72,46
2023,1062,61,0,85,9135,80,75
2022,147,92,4,69,1590,16,60
2023,1062,62,0,85,3230,158,75
2023,1068,67,0,4,11354,67,75
2023,1062,75,4,85,8968,98,75
2021,1062,92,0,37,274,61,75
2021,1062,56,0,2,5484,157,75
2017,412,92,7,0,11174,154,60
2019,1062,62,8,42,5633,158,75
2023,252,54,0,9,7789,158,60
2022,1062,45,3,85,2305,116,75
2014,201,92,8,72,10518,109,52
2023,411,51,3,54,10143,157,60
2023,1062,22,3,85,7907,26,75
2023,1062,85,1,85,7647,158,75
2022,806,49,0,0,9656,124,75
2021,601,61,0,0,9235,158,75
2022,1062,57,8,85,10871,127,75
2022,1062,92,0,9,3644,45,75
2020,1062,61,0,36,5442,158,75
2020,1062,62,0,42,10812,158,75
2020,1062,92,6,0,10469,39,75
2023,1062,48,4,85,1636,158,75
2023,1062,51,0,41,1817,26,75
2023,851,52,0,0,9745,49,75
2018,1062,92,0,0,707,158,75
2023,1062,61,3,85,7291,81,75
2023,58,49,0,0,8343,15,60
2020,1062,44,0,9,6162,61,75
2019,1062,62,8,42,11775,158,75
2021,1062,50,8,85,2249,157,75
2014,1062,51,0,63,12008,158,75
2017,412,99,7,0,11174,154,60
2019,1062,51,8,42,11755,45,75
2021,1044,73,0,0,9101,158,75
2021,1062,61,0,1,5114,158,75
2023,592,54,0,9,9208,157,75
2020,607,61,0,1,11126,158,75
2015,1062,48,3,9,748,158,75
2023,1133,62,0,9,1712,158,60
2023,200,38,0,7,8464,158,60
2022,763,48,4,69,9822,154,60
2021,1062,62,0,9,6546,146,75
2023,854,76,4,85,10503,153,75
2019,1062,72,0,61,7288,158,75
2022,923,58,0,6,7969,131,75
2014,1062,51,8,63,10681,8,75
2021,1062,60,3,85,1211,109,75
2022,1062,42,0,85,8418,149,75
2022,726,92,4,69,6065,117,60
2023,319,47,0,3,8630,69,75
2022,923,23,0,0,7361,158,75
2022,1062,77,0,85,10524,131,75
2022,147,22,4,69,1573,80,60
2022,1062,23,0,85,2423,85,75
2023,1062,31,0,9,4768,8,75
2023,642,42,0,0,4833,59,74
2022,918,81,0,70,2677,123,72
2020,1062,62,0,9,8184,158,75
2018,1062,54,0,42,2166,21,75
2021,677,61,0,52,11769,137,65
2022,1062,61,0,85,11125,21,75
2020,939,61,6,1,7549,158,75
2023,195,22,0,6,7777,152,60
2023,592,49,0,8,6611,158,75
2023,1062,52,8,9,1106,158,75
2024,1062,92,0,72,10393,21,75
2023,1062,78,0,85,10335,118,75
2021,1062,44,0,86,10792,22,75
2019,1062,61,0,0,5287,158,75
2022,1062,50,5,85,8349,49,75
2021,381,62,0,54,5759,8,60
2014,684,61,6,65,10489,149,73
2020,350,53,0,1,8719,72,75
2022,1062,52,0,9,3007,155,75
2018,909,50,4,37,811,105,59
2022,763,22,4,69,9789,154,60
2021,1062,92,6,85,9070,121,75
2023,1062,25,0,85,2613,36,75
2021,1062,50,8,85,2252,157,75
2021,1062,52,7,83,235,33,75
2023,726,92,4,69,5997,36,60
2023,1062,24,0,85,2598,31,75
2019,1062,62,0,0,3395,158,75
2022,599,44,0,0,5193,158,75
2021,807,73,1,85,8134,136,53
2023,1062,54,0,9,7978,158,75
2020,918,52,0,5,3962,141,62
2023,691,51,3,52,4825,158,38
2022,1085,52,4,0,7155,134,70
2023,1062,52,0,9,5106,157,75
2015,1062,51,8,72,12069,158,75
2016,1062,54,8,9,41,158,75
2023,1062,77,4,85,285,150,75
2022,789,54,0,0,7777,55,75
2021,1062,92,8,85,8714,8,75
2020,1062,57,5,39,9599,121,75
2016,1062,62,8,70,9726,8,75
2019,1062,61,0,0,1979,158,75
2023,1062,61,0,85,7706,26,75
2023,679,73,0,0,10026,146,75
2020,764,61,3,42,7022,28,16
2020,461,50,0,16,847,110,69
2022,1062,56,4,85,2674,156,75
2020,527,54,1,9,7464,158,75
2017,1062,54,0,9,3106,158,75
2019,1062,62,0,0,10207,45,75
2020,1062,61,0,0,9369,158,75
2019,1062,62,8,0,291,25,75
2019,1062,52,0,42,7176,61,75
2017,1062,81,7,24,3652,45,75
2023,1062,61,3,85,8946,140,75
2022,599,81,0,0,5201,28,75
2021,1062,54,8,85,2180,48,75
2016,546,81,8,9,10615,28,75
2022,625,35,0,4,1094,69,66
2018,298,67,5,68,4092,115,35
2022,592,35,0,5,3988,12,75
2020,1000,70,1,72,3797,64,70
2021,1062,61,6,85,7963,143,75
2021,1062,48,8,85,2315,71,75
2021,1062,86,0,85,7490,131,75
2023,592,69,0,3,9194,108,75
2022,1062,55,0,85,9990,116,75
2016,421,86,5,67,10769,87,35
2017,742,71,8,72,6374,158,62
2021,1062,44,0,9,3604,158,75
2023,1062,61,0,9,1016,8,75
2020,577,78,0,3,8253,76,66
2022,431,67,0,3,3202,103,65
2019,636,92,3,42,7731,68,29
2022,592,92,0,0,9168,25,75
2022,1062,36,3,85,3161,100,75
2023,1062,63,0,85,6028,158,75
2021,1062,61,0,85,4490,157,75
2022,428,92,4,72,6277,154,8
2015,138,92,4,72,235,39,22
2021,462,81,4,72,241,158,78
2021,1062,61,0,0,5783,158,75
2018,764,92,3,9,746,33,16
2022,726,61,4,69,6031,117,60
2020,1062,52,0,1,608,158,75
2021,1062,29,0,85,2388,45,75
2020,1062,62,8,9,3335,158,75
2022,1062,52,0,9,6239,158,75
2014,953,92,4,72,9990,126,68
2015,237,61,8,9,2373,158,75
2023,1062,52,0,85,7231,158,75
2019,1062,61,2,22,11426,142,75
2014,1062,44,8,63,10592,158,75
2021,1062,63,4,85,5781,158,75
2023,1133,99,0,0,4650,25,60
2022,1062,41,0,85,3715,158,75
2022,1062,61,3,85,4198,158,75
2022,1062,80,1,85,5544,73,75
2023,1062,63,0,85,7170,158,75
2022,558,92,4,69,4945,117,60
2022,946,48,0,86,11136,34,75
2020,1062,65,0,72,5034,130,75
2017,1062,92,3,9,7615,131,75
2015,346,92,4,72,3141,8,75
2022,726,50,4,69,5964,141,60
2021,1062,52,8,85,740,158,75
2023,1062,51,8,85,8331,24,75
2020,1062,61,0,64,6195,158,75
2022,1062,67,6,85,6920,153,75
2021,1062,87,1,85,9816,84,75
2018,1062,51,8,63,4603,158,75
2018,1062,61,0,9,3590,158,75
2021,1062,52,0,0,7611,131,75
2015,237,61,8,9,2373,158,75
2019,1062,61,0,0,7365,158,75
2021,1062,92,0,54,8225,5,75
2019,1062,56,0,9,1945,158,75
2022,1026,64,0,0,5718,158,75
2023,484,62,0,9,4312,158,75
2018,1062,92,8,0,10578,132,75
2023,1062,62,0,0,796,25,75
2023,1062,56,0,9,9134,158,75
2015,1062,62,8,9,1356,157,75
2019,1062,52,0,13,547,131,75
2022,58,22,0,0,3325,87,60
2016,412,48,7,0,7167,154,60
2018,1062,81,2,9,1084,157,75
2022,970,81,4,69,9786,127,64
2018,1062,92,0,0,2773,158,75
2021,1062,53,0,85,9319,91,75
2015,669,51,0,9,1852,8,75
2023,1133,52,0,0,8404,158,60
2020,1062,98,0,62,1877,12,75
2016,367,92,1,31,1013,92,56
2016,1062,73,5,69,6075,118,75
2016,943,51,4,63,9969,20,67
2022,691,31,3,9,7153,77,38
2021,1062,61,8,85,2887,158,75
2024,58,62,0,0,8948,49,60
2021,1062,78,8,85,684,157,75
2016,1062,81,3,42,9322,93,75
2023,1062,92,3,85,2571,71,75
2022,773,47,4,69,9809,93,70
2022,1062,51,8,9,6246,158,75
2018,1062,62,0,1,3817,158,75
2023,712,34,0,85,9344,146,75
2020,1008,31,1,13,5575,71,16
2022,1026,81,0,85,7615,141,64
2021,278,51,0,63,772,155,75
2022,1062,81,8,85,8885,24,75
2021,806,89,0,0,9656,57,75
2019,1062,92,8,0,8801,158,75
2017,1062,92,8,0,4640,49,75
2017,1062,92,7,63,11110,97,75
2022,1062,62,0,41,6837,158,75
2023,784,44,0,9,9593,158,75
2023,1062,82,8,85,8925,140,75
2021,182,62,0,1,12034,69,75
2022,1062,72,0,85,8898,150,75
2023,1062,45,8,85,2058,69,75
2023,1062,62,0,85,4819,158,75
2023,1062,54,8,85,6465,94,75
2022,1062,53,0,85,2548,157,75
2020,1062,91,0,0,11009,46,75
2022,1082,50,3,85,9311,154,60
2021,1062,43,8,85,6130,157,75
2024,1062,71,0,9,6447,45,75
2023,1062,64,5,85,2793,155,75
2022,552,31,8,85,3917,123,75
2022,590,61,0,0,4282,136,60
2017,1062,92,3,42,896,15,75
2014,846,72,0,9,7204,16,23
2022,1062,54,0,9,11145,8,75
2024,1062,52,0,85,2052,155,75
2020,602,45,0,0,9254,130,75
2023,1062,44,0,85,2775,99,75
2017,1062,70,1,19,4311,157,75
2022,530,72,0,0,10495,106,65
2022,558,48,4,69,4929,158,60
2021,1062,56,4,85,1077,125,75
2023,720,54,0,0,8890,52,75
2023,1062,68,2,85,8854,24,75
2022,1062,58,7,85,2435,69,75
2023,1062,56,1,85,2347,158,75
2023,1062,74,3,85,280,158,75
2021,183,53,0,0,1955,157,75
2022,721,31,4,69,6018,87,60
2021,956,77,3,85,7515,158,75
2023,1062,54,0,9,4588,61,75
2022,276,52,0,0,3108,158,75
2021,1062,61,0,0,5134,158,75
2021,948,61,0,23,8629,158,75
2021,740,34,0,0,9659,143,72
2019,1062,61,0,0,7748,25,75
2022,1079,61,0,0,11743,158,75
2023,784,52,0,0,3807,136,75
2018,1062,92,0,0,11632,154,75
2022,1062,76,4,85,1093,96,75
2016,1062,71,8,9,5793,158,75
2021,1062,62,8,42,5217,158,75
2022,1062,26,1,85,3262,66,75
2023,1062,61,3,85,7187,158,75
2023,58,61,0,0,5717,65,60
2023,1062,51,8,0,8631,158,75
2020,1062,61,8,63,11373,158,75
2022,1005,53,7,85,11628,150,75
2019,125,64,4,28,4449,69,37
2022,703,52,0,12,2255,93,67
2023,1062,59,1,85,8996,74,75
2018,1062,62,0,9,4178,107,75
2023,944,78,0,3,9448,156,75
2023,1062,67,2,85,1278,145,75
2022,1062,69,0,85,9315,143,75
2022,1062,92,8,85,10281,147,75
2020,1062,61,0,0,11784,158,75
2016,1041,22,7,33,10601,147,73
2017,1062,54,0,70,10447,61,75
2020,1062,44,8,13,2446,158,75
2023,1062,67,0,2,5062,158,75
2019,1062,52,8,63,11329,151,75
2021,1062,62,0,42,3298,158,75
2016,392,92,8,31,2777,158,78
2017,1062,54,8,9,2853,158,75
2020,1062,21,0,64,699,31,75
2018,1062,81,4,72,10755,61,75
2022,1060,52,0,0,1221,158,60
2022,1062,43,0,85,2279,133,75
2019,1062,62,8,42,7935,158,75
2021,814,92,0,6,2164,21,60
2023,1017,61,0,0,6424,158,75
2021,797,62,0,1,2201,158,75
2023,252,54,0,9,11797,158,60
2022,1026,44,7,85,7889,153,73
2022,1062,54,0,0,4591,61,75
2023,558,48,4,63,11107,49,60
2022,1062,52,0,85,1303,155,75
2021,1062,92,0,42,7449,158,75
2023,1133,62,0,9,1235,158,60
2018,1058,72,8,63,5110,73,74
2023,1062,52,0,9,68,158,75
2022,763,38,4,69,9790,154,60
2023,1062,45,2,85,3215,158,75
2022,441,83,4,63,9957,95,66
2017,1062,54,0,63,4550,123,75
2017,412,44,7,0,11174,154,60
2021,531,62,0,54,7390,158,75
2023,1133,52,0,9,7796,158,60
2022,858,48,4,69,7299,94,60
2019,1062,81,3,9,10154,157,75
2023,909,27,0,0,9841,69,75
2023,86,92,4,63,11080,12,75
2023,1133,81,0,9,8218,158,60
2023,96,54,0,2,1703,94,64
2019,1062,61,0,0,5161,158,75
2022,744,51,0,0,9398,155,75
2022,1062,51,8,85,941,89,75
2022,1062,53,0,85,1335,157,75
2016,788,92,0,9,11136,117,75
2020,532,51,0,9,570,61,75
2023,1062,62,0,85,7406,158,75
2018,1062,52,0,63,5151,155,75
2021,599,58,0,0,5197,109,75
2017,112,52,4,63,4433,136,75
2023,1062,81,5,85,280,158,75
2021,1062,62,8,85,11525,158,75
2019,1062,61,8,13,4276,158,75
2014,953,55,4,72,9997,158,68
2015,148,89,4,72,4423,15,59
2020,1062,56,0,1,4902,157,75
2020,1062,81,0,42,194,25,75
2021,1062,92,8,85,8969,23,75
2021,1062,46,7,85,2000,144,75
2014,715,60,7,72,594,67,32
2017,1062,92,3,42,896,15,75
2023,1062,53,8,85,9432,100,75
2022,577,44,0,85,2172,21,75
2022,1062,51,0,9,6635,158,75
2020,955,56,0,1,7600,149,75
2020,899,72,1,33,6433,138,67
2023,1062,65,0,3,6311,158,75
2017,1062,52,0,40,4078,123,75
2021,1062,81,6,85,9630,120,75
2020,1062,81,3,42,7243,136,75
2023,1062,92,8,60,7515,158,75
2023,1062,54,7,63,272,158,75
2015,1062,51,8,72,2503,28,75
2022,703,56,1,23,9563,74,57
2022,1079,40,0,0,11743,157,75
2020,898,68,0,1,5029,98,75
2022,1062,62,0,42,2418,158,75
2022,458,58,0,0,6329,158,75
2022,1062,92,0,41,10464,158,75
2019,1062,39,0,47,8034,157,75
2020,1062,92,0,9,8542,158,75
2023,1062,22,0,85,7588,41,75
2022,1051,86,6,85,9767,119,77
2021,1062,61,2,85,3619,158,75
2020,1062,62,8,9,11574,65,75
2018,1062,71,0,42,10144,157,75
2023,1062,58,0,85,7134,158,75
2022,691,51,4,69,5790,117,61
2019,1062,62,0,42,2441,158,75
2017,412,92,7,0,11174,154,60
2020,1062,61,0,0,9465,158,75
2023,1062,59,0,85,6173,158,75
2023,169,53,0,6,966,65,60
2020,1062,61,7,62,9032,60,75
2023,1062,62,8,85,9084,78,75
2023,1062,33,0,85,6815,69,75
2017,412,29,7,0,11174,154,60
2021,1062,92,1,85,4746,45,75
2016,126,62,4,28,4473,69,34
2018,1062,56,0,9,2366,158,75
2017,374,51,0,9,3825,158,75
2023,1062,54,7,85,8330,8,75
2022,1062,72,3,85,3976,158,75
2019,1062,51,8,13,4420,158,75
2023,1062,54,0,85,3333,157,75
2022,1062,60,0,85,9151,72,75
2022,1062,60,7,85,6717,156,75
2019,1062,92,3,9,8969,28,75
2024,1062,51,0,42,2542,158,75
2023,1062,62,0,85,8120,158,75
2022,412,22,7,0,6925,154,60
2014,1062,92,3,13,647,158,75
2023,1062,58,4,85,9905,157,75
2020,1062,52,8,85,1252,157,75
2021,1062,22,0,85,2420,21,75
2017,1062,52,0,63,4269,28,75
2022,1062,92,0,85,9542,30,75
2020,814,99,0,10,4779,143,60
2021,1062,49,1,85,6636,43,75
2022,1062,92,0,0,741,158,75
2021,1062,47,6,85,2306,40,75
2022,193,44,0,0,2340,25,75
2022,1062,72,8,85,0,158,75
2022,198,62,0,0,12090,158,75
2022,1133,61,0,0,8613,158,60
2017,412,55,7,0,11174,49,60
2022,531,92,4,85,8994,104,29
2020,652,53,0,1,2975,158,75
2022,1062,62,0,0,3045,158,75
2023,529,52,4,85,10001,135,44
2022,1062,67,0,85,2378,109,75
2015,1062,92,3,42,826,99,75
2022,1062,31,0,9,11932,158,75
2020,1062,62,8,0,7733,135,75
2021,923,54,0,9,4199,158,75
2021,807,58,0,0,1177,158,69
2023,855,61,0,9,9728,158,75
2019,1062,61,0,0,7900,158,75
2020,814,92,0,0,10014,158,60
2021,1051,92,5,85,9032,144,68
2020,587,54,0,1,413,157,75
2015,1062,62,0,61,9950,158,75
2021,1062,60,0,85,10578,52,75
2022,1062,71,5,85,950,117,75
2018,1018,89,7,57,1158,125,75
2024,1062,54,0,0,6413,49,75
2022,826,31,0,0,6814,158,75
2019,127,62,4,28,4443,69,34
2022,1062,51,8,85,104,16,75
2023,1048,53,0,40,4721,71,74
2023,1062,92,8,85,7402,158,75
2022,889,79,5,70,9912,118,66
2017,1062,62,0,42,6472,158,75
2022,534,58,0,0,9074,91,67
2021,399,49,0,0,9405,105,64
2022,1062,61,0,1,5834,158,75
2022,385,54,3,70,3835,155,60
2022,971,74,6,85,7908,146,71
2021,821,62,0,0,10300,69,75
2023,1062,52,8,85,8355,60,75
2022,599,31,0,0,5201,158,75
2017,1062,62,0,42,2549,158,75
2020,1009,63,2,8,1304,114,75
2018,1062,92,8,9,929,63,75
2021,1062,61,4,72,3876,61,75
2019,1062,62,8,9,9889,131,75
2023,1062,56,5,85,8615,37,75
2021,213,52,0,9,2088,68,29
2023,1062,62,0,41,2108,158,75
2021,1062,62,0,1,5420,158,75
2023,726,92,4,63,9481,44,60
2020,610,62,0,1,5377,158,75
2023,766,92,5,85,8374,78,51
2023,1062,59,1,85,7807,157,75
2022,607,90,0,0,6116,158,75
2014,1062,52,0,9,11246,158,75
2021,806,58,2,10,265,144,69
2019,1062,48,8,42,11273,157,75
2022,1062,61,0,85,4179,157,75
2021,1062,78,8,85,8655,120,75
2022,75,31,8,9,1104,69,75
2020,1010,52,7,71,10124,155,74
2022,1062,92,8,85,9048,142,75
2022,599,51,0,0,5200,158,75
2022,1062,58,0,85,11095,21,75
2022,574,99,0,0,9202,69,75
2019,1062,92,0,64,556,136,75
2023,180,92,4,9,4123,123,74
2023,1133,52,0,0,11546,158,60
2021,1062,55,3,85,196,90,75
2022,1062,90,0,85,9097,157,75
2022,1062,78,0,85,8951,109,75
2023,968,34,7,85,8519,147,67
2017,1062,81,2,9,11822,158,75
2023,933,92,0,0,8753,121,75
2023,1062,51,0,52,31,25,75
2022,599,44,0,0,5201,158,75
2021,1062,49,0,0,4264,157,75
2021,1062,54,0,1,6615,68,75
2022,1062,47,8,85,8693,54,75
2021,1062,54,3,85,8322,91,75
2017,1062,52,0,28,1653,158,75
2023,141,61,4,72,11104,68,67
2016,1062,81,0,13,7946,158,75
2020,1050,56,7,72,1095,113,76
2023,694,52,0,9,9488,77,38
2015,1062,92,3,54,11191,158,75
2018,1062,51,8,63,7543,24,75
2022,1062,31,7,85,4375,158,75
2020,1062,61,0,9,10829,158,75
2018,1062,47,6,53,3706,158,75
2019,1062,91,7,61,2552,158,75
2017,1065,51,8,72,11613,120,76
2022,1062,38,8,85,1938,122,75
2018,411,81,3,9,10134,157,60
2020,1062,92,4,71,11036,20,75
2018,1062,48,0,42,3853,157,75
2015,1062,51,8,9,10151,157,75
2023,1109,56,0,0,3303,157,65
2023,784,48,0,0,9611,103,75
2016,1062,92,4,68,1298,107,75
2021,1062,92,8,85,8757,25,75
2023,989,68,0,0,2981,158,66
2014,801,64,8,69,8084,60,75
2022,726,40,4,69,6034,81,60
2023,1062,92,0,41,9002,158,75
2017,640,81,3,9,2806,157,16
2018,1062,92,8,9,11617,69,75
2022,1062,61,0,85,5848,158,75
2022,58,22,0,0,2649,29,60
2020,1062,72,0,61,3075,158,75
2023,751,51,3,85,9703,150,75
2022,323,51,0,9,767,86,75
2015,380,81,8,65,2432,128,62
2022,1062,51,7,85,8516,154,75
2021,1089,92,0,0,10975,136,60
2023,1062,92,6,85,3038,157,75
2022,1062,57,0,85,8843,35,75
2023,58,54,0,0,8384,116,60
2016,1062,52,8,63,7875,123,75
2022,1062,92,0,63,9908,158,75
2014,112,11,4,28,8263,77,75
2022,923,51,0,0,7361,122,75
2022,858,61,4,69,7299,64,60
2021,461,54,0,0,174,46,61
2019,1062,62,8,42,2346,158,75
2022,1062,61,0,0,2664,97,75
2022,592,54,0,0,4137,21,75
2016,135,92,4,72,4537,5,58
2022,1062,92,8,85,9079,155,75
2020,362,61,0,1,8755,158,75
2018,1062,54,0,9,91,158,75
2021,1062,61,6,85,7936,144,75
2020,1062,81,8,63,11554,157,75
2023,1062,59,0,8,11138,158,75
2022,885,37,4,4,5230,138,67
2023,1129,52,0,0,6735,31,60
2021,1062,66,8,85,1734,158,75
2022,1062,53,6,85,7944,157,75
2022,789,58,0,5,9099,23,75
2017,1062,92,0,0,6859,158,75
2023,1103,32,0,2,4387,158,66
2021,1062,92,0,9,2780,158,75
2023,1062,92,8,70,10705,16,75
2022,1062,54,0,0,7354,158,75
2023,1062,61,0,85,2927,156,75
2021,758,62,0,1,2435,158,75
2023,310,22,0,9,9492,158,75
2023,847,92,0,0,9350,78,75
2021,1062,92,8,0,6768,35,75
2021,1062,56,5,85,10668,150,75
2023,1062,81,5,85,3641,158,75
2021,1062,79,8,85,5369,129,75
2021,630,40,0,2,2427,103,67
2022,1062,89,7,85,9035,150,75
2022,1062,58,0,85,6236,135,75
2022,582,92,4,64,9243,66,37
2021,1062,92,3,85,8178,75,75
2022,1062,54,8,85,6403,158,75
2023,1033,61,8,85,6835,158,75
2020,1062,92,8,64,8567,25,75
2022,402,43,4,69,2558,121,70
2021,1062,52,2,85,5374,158,75
2016,452,52,7,3,11145,147,60
2020,29,61,7,64,346,136,67
2022,1062,92,0,85,8703,72,75
2020,1062,92,0,64,8548,158,75
2022,726,77,4,69,5945,105,60
2021,1062,55,8,85,2278,157,75
2023,562,31,0,0,9127,69,75
2017,1062,71,0,9,7932,44,75
2022,841,75,0,85,10510,152,75
2015,1062,81,8,72,101,12,75
2023,580,76,0,9,8877,158,75
2015,1062,81,2,0,11767,157,75
2021,1062,62,0,9,11671,158,75
2021,1062,92,0,72,3973,123,75
2014,1062,81,8,9,5697,157,75
2022,1062,53,7,85,8395,11,75
2017,412,53,7,0,11174,45,60
2022,1062,56,0,54,7569,158,75
2023,592,92,0,0,4840,103,75
2021,955,21,0,9,7562,103,75
2020,1062,52,0,9,7308,123,75
2021,1062,61,0,0,10017,105,75
2023,1062,74,3,85,9537,105,75
2020,902,71,0,9,7568,158,75
2023,1053,92,1,85,8345,155,68
2019,1062,81,3,13,8758,158,75
2023,1062,88,8,85,2590,157,75
2022,492,52,4,69,4340,123,74
2023,810,35,0,8,9584,158,75
2021,835,22,7,84,5741,61,16
2020,1062,92,0,16,8551,75,75
2022,726,92,4,69,6043,117,60
2023,256,50,0,2,7762,128,75
2020,1062,62,0,0,4042,25,75
2023,1062,88,7,85,281,158,75
2023,1062,54,0,85,7808,97,75
2021,1062,62,0,9,3542,158,75
2015,112,51,4,63,4543,155,75
2019,1062,52,0,9,1959,92,75
2022,1062,30,2,85,2629,62,75
2023,1133,62,0,9,10657,158,60
2022,1062,81,4,41,4040,68,75
2023,1062,91,0,0,3743,157,74
2022,1062,79,0,43,3148,72,75
2022,1079,53,0,0,11743,158,75
2014,921,51,8,9,86,45,75
2023,726,92,4,63,7690,25,60
2017,1062,52,0,9,6105,61,75
2022,426,48,4,9,4479,123,75
2023,1062,55,8,85,11062,157,75
2023,58,62,0,9,5102,158,60
2022,760,70,2,85,9299,68,49
2016,290,38,5,72,1406,97,71
2019,1062,51,3,42,5712,152,75
2021,1062,45,3,85,10353,145,75
2023,1051,56,1,85,8080,99,67
2023,1062,41,2,85,2247,158,75
2014,1062,44,0,9,11732,69,75
2022,488,51,2,0,702,154,61
2020,902,72,0,9,7567,158,75
2015,441,92,8,9,3866,106,75
2020,714,44,0,1,6161,25,75
2021,1062,60,0,85,5757,158,75
2018,393,71,2,69,4885,158,75
2020,1062,51,8,42,5903,71,75
2023,1047,67,1,85,8259,116,65
2022,1062,62,0,41,7051,157,75
2020,758,55,0,0,9537,141,75
2022,1062,81,4,69,7306,123,75
2019,1062,92,0,0,10400,158,75
2021,1062,88,0,85,4047,82,75
2022,726,92,4,69,6063,44,60
2021,1062,61,0,0,8118,158,75
2022,351,92,0,0,9746,123,74
2022,599,31,0,1,11435,49,75
2022,512,53,0,0,2064,122,71
2020,1062,68,2,21,4718,81,75
2024,1062,72,0,85,4975,16,75
2018,1062,51,0,9,8931,131,75
2023,1062,62,0,9,6581,158,75
2014,966,81,8,72,12100,158,78
2023,1062,61,1,85,8949,149,75
2020,1006,85,6,59,217,158,72
2023,783,73,0,0,10241,153,75
2021,1062,39,0,0,1646,94,75
2022,1062,61,0,63,5343,158,75
2022,1062,53,0,85,7885,122,75
2019,1062,31,0,0,5587,158,75
2022,445,92,4,9,8919,56,75
2023,1062,81,8,85,8928,153,75
2016,157,92,8,72,4003,7,6
2020,1062,52,0,63,5593,158,75
2018,1062,81,8,63,11082,93,75
2018,1062,62,0,12,1776,158,75
2019,1062,61,0,0,1837,158,75
2014,998,92,4,72,4050,156,75
2019,127,62,4,28,4443,69,34
2023,963,75,5,85,8774,154,75
2022,1062,61,0,0,7931,142,75
2016,513,81,3,42,2451,68,29
2022,1062,62,0,9,1092,158,75
2023,692,75,6,85,8235,137,53
2018,1062,52,0,9,1247,155,75
2023,518,52,4,85,9673,127,38
2016,112,92,8,9,10543,116,75
2022,1062,88,1,85,9408,38,75
2023,784,53,0,9,9589,158,75
2022,610,50,0,0,6570,158,65
2022,842,52,0,86,11285,46,75
2023,1062,63,1,85,9089,95,75
2022,1052,55,0,0,7631,158,75
2022,1062,22,0,85,2286,69,75
2015,1062,44,8,9,1489,108,75
2017,1062,52,0,9,3934,158,75
2016,1062,81,0,0,11036,158,75
2022,1062,44,0,9,6356,155,75
2018,1062,51,8,63,7543,24,75
2019,1062,71,0,42,11125,158,75
2018,1062,81,2,9,3213,157,75
2023,1062,54,0,9,7472,158,75
2021,1062,67,8,85,8012,158,75
2016,1062,31,0,9,1073,143,75
2019,1062,81,8,72,497,8,75
2020,1062,51,8,9,3638,136,75
2021,1062,78,1,85,6691,45,75
2021,935,62,0,1,11676,158,75
2016,1062,51,8,9,6390,158,75
2023,1062,56,8,70,2209,157,75
2023,1062,71,4,85,9027,99,75
2021,1062,44,0,37,3776,49,75
2021,1062,32,3,85,2927,109,75
2023,1133,81,0,0,1713,8,60
2022,1062,92,0,85,9374,21,75
2022,1062,53,0,85,2464,135,75
2016,627,77,8,64,1917,155,64
2021,1062,62,0,9,10532,45,75
2023,1062,42,0,9,9160,25,75
2019,1062,53,8,9,9919,104,75
2022,726,22,4,69,5973,86,60
2022,1062,42,5,85,2662,126,75
2023,84,92,0,0,10971,158,75
2022,1062,54,0,9,2857,158,75
2014,1062,48,0,9,4761,71,75
2022,1062,22,0,0,734,61,75
2022,1062,23,0,85,2449,88,75
2023,653,61,0,0,9356,41,75
2019,656,51,3,28,11361,99,66
2019,1062,62,0,13,5280,158,75
2023,203,92,0,0,10597,27,60
2020,1062,62,0,25,8901,158,75
2015,633,92,8,72,9334,158,49
2023,1062,61,7,85,9104,77,75
2022,1062,66,8,85,5983,103,75
2016,1062,71,0,9,3506,157,75
2016,682,52,0,1,888,28,37
2022,814,99,0,0,6821,155,60
2022,726,23,4,69,5999,80,60
2015,114,76,4,28,5236,129,66
2016,762,92,4,9,6503,158,78
2022,492,52,4,69,4353,123,74
2023,1062,35,0,85,3140,158,75
2020,1062,81,0,42,5763,155,75
2016,1062,92,8,9,1531,158,75
2023,412,51,3,0,747,154,60
2022,1062,72,0,9,11875,158,75
2018,1062,51,8,63,3796,158,75
2019,1062,92,8,9,749,158,75
2023,1062,62,0,9,2362,158,75
2023,1096,57,0,0,3522,157,67
2023,1062,52,8,9,8319,8,75
2023,784,48,0,9,9588,158,75
2021,1062,63,1,85,4759,158,75
2024,905,44,0,9,910,61,75
2019,1062,61,0,0,7807,158,75
2022,375,53,0,0,8707,117,75
2018,1062,62,0,9,1801,158,75
2016,289,52,1,30,486,146,75
2019,575,92,4,9,239,63,29
2021,1075,92,4,9,6646,21,78
2019,1062,56,0,0,8639,158,75
2018,720,81,0,46,4424,158,75
2022,826,92,0,0,6814,69,75
2017,633,43,7,80,5176,30,60
2020,1062,62,8,9,5092,158,75
2020,1062,52,8,85,1270,157,75
2022,615,87,3,55,10827,49,61
2023,1062,89,6,85,8510,121,75
2021,1062,62,0,9,672,158,75
2023,279,92,4,85,10493,98,75
2022,1079,62,0,0,11743,115,75
2021,1062,48,0,85,9571,39,75
2020,1062,46,0,0,4190,109,75
2016,928,54,8,9,7717,158,75
2023,1062,85,0,85,8630,81,75
2015,229,54,8,9,2247,158,75
2019,1062,52,0,9,178,158,75
2018,1062,51,0,9,6334,158,75
2021,1062,56,0,0,5064,158,75
2020,869,51,3,54,5510,158,60
2023,1062,92,8,9,1284,158,75
2022,86,62,0,0,10889,158,60
2023,1062,55,8,85,2680,123,75
2020,1062,92,8,42,604,61,75
2014,781,61,4,72,392,116,75
2020,607,51,0,1,2922,158,75
2022,726,54,4,69,6054,117,60
2020,37,52,8,9,12070,102,75
2022,417,42,0,0,4884,158,65
2021,1062,59,1,85,6304,157,75
2022,1062,92,0,85,6761,158,75
2022,203,39,0,0,2081,90,60
2022,726,31,4,69,6025,117,60
2017,691,51,0,0,898,136,38
2021,1062,92,0,0,8950,158,75
2018,1062,61,0,13,11579,158,75
2021,599,43,0,0,5197,156,75
2018,1062,51,0,42,39,116,75
2023,252,52,0,9,9418,158,60
2015,1062,44,0,9,1444,158,75
2020,731,62,0,1,8680,125,75
2020,1062,52,0,0,4636,158,75
2016,283,51,4,63,5836,133,76
2018,1062,62,0,0,7624,158,75
2021,182,71,0,6,8980,158,75
2021,814,54,0,6,7679,158,60
2015,1062,58,8,63,7112,57,75
2024,764,22,3,85,584,158,16
2023,1012,49,0,0,10148,122,75
2022,203,49,0,0,2081,95,60
2021,1062,54,8,85,12015,157,75
2020,1062,62,8,9,2354,158,75
2022,1062,61,0,85,10546,51,75
2023,1133,61,0,9,10273,158,60
2022,1062,86,8,85,8857,158,75
2014,474,54,8,72,455,136,75
2022,1062,87,3,85,5633,45,75
2022,824,51,5,66,5571,156,60
2022,949,59,0,0,11331,156,60
2022,1062,57,0,85,9831,126,75
2022,1062,83,2,85,6762,158,75
2020,742,71,8,72,4009,136,62
2022,1062,47,2,85,6595,76,75
2020,1066,61,8,20,155,139,75
2016,4,54,0,9,6387,158,75
2023,1062,62,0,63,2443,16,75
2021,1062,62,0,9,5358,158,75
2023,726,31,4,69,5934,35,60
2020,1062,65,8,13,11234,40,75
2016,112,52,4,63,6315,90,75
2022,1062,52,3,9,5636,154,75
2021,1062,67,0,0,10106,101,75
2016,157,92,8,72,4003,7,6
2019,1062,92,0,42,8547,158,75
2021,1062,48,8,85,4780,71,75
2022,77,92,4,9,1,123,75
2022,816,52,8,0,10554,15,78
2016,112,92,4,63,8241,157,75
2021,1062,92,0,41,8536,158,75
2014,395,92,7,64,9697,61,73
2021,1062,62,0,1,5702,158,75
2019,1062,51,8,9,1773,89,75
2023,1062,84,5,85,7931,156,75
2015,859,76,8,77,7632,154,68
2021,1062,52,0,1,7161,131,75
2014,1062,51,3,40,3854,158,75
2021,1062,56,0,9,925,140,75
2022,311,45,2,10,11552,158,63
2022,1062,65,4,85,2987,158,75
2022,774,57,4,69,321,83,62
2016,995,92,4,42,967,158,76
2020,1062,48,8,64,6883,157,75
2020,1062,71,8,9,4974,157,75
2022,961,79,0,5,6497,119,75
2021,1062,61,2,7,2294,158,75
2022,1062,25,0,85,2153,80,75
2020,1062,62,0,1,5502,158,75
2023,1062,51,8,63,11241,158,75
2022,1062,59,0,0,6045,146,75
2022,1062,46,0,86,10995,21,75
2023,1062,25,8,85,6582,40,75
2020,1062,54,0,0,4607,158,75
2021,1062,67,4,85,1271,157,75
2021,1062,61,0,0,10263,157,75
2021,1062,67,2,85,6683,33,75
2023,409,75,4,67,11001,68,63
2020,1062,61,8,9,673,65,75
2020,724,61,0,7,11420,157,60
2022,1062,85,6,85,11196,158,75
2023,1062,33,0,85,6743,158,75
2022,1062,50,2,85,7520,119,75
2022,1062,92,1,85,10448,116,75
2021,164,54,0,9,1738,63,29
2020,1062,48,8,83,4792,67,75
2021,1062,51,8,9,11770,117,75
2022,726,60,4,69,6014,117,60
2019,1141,62,0,9,7035,61,75
2023,757,51,3,85,9678,150,75
2023,592,77,0,1,9310,157,75
2018,1062,92,1,28,1342,157,75
2022,1073,61,0,0,11630,158,72
2019,1062,64,5,65,3133,78,75
2019,1062,61,0,0,9907,158,75
2023,166,53,0,0,2279,60,75
2021,1028,69,0,6,6853,24,72
2023,847,91,0,0,8900,46,75
2021,1062,52,0,53,5150,71,75
2022,1062,44,0,85,2324,158,75
2017,691,76,0,0,898,93,38
2022,1079,60,0,0,11743,151,75
2023,1062,69,0,85,7210,158,75
2023,613,54,0,0,9259,95,75
2019,1062,31,0,0,5466,25,75
2022,1062,56,0,0,2734,158,75
2020,937,70,0,1,8296,158,71
2020,913,61,8,13,4674,131,75
2022,726,48,4,69,5981,117,60
2021,599,44,0,0,5201,9,75
2022,1062,83,5,85,6094,158,75
2021,792,49,0,0,2751,158,75
2019,433,50,1,9,4948,30,60
2018,1062,52,0,9,5373,61,75
2021,1062,22,0,1,5295,158,75
2015,24,81,8,9,3914,157,75
2021,1062,75,0,37,9552,111,75
2020,202,71,0,9,2080,69,75
2022,990,59,0,6,2819,131,75
2022,586,34,0,0,9196,84,75
2023,640,90,0,0,8303,106,75
2021,391,49,0,0,4733,158,64
2018,1062,53,0,46,10978,35,75
2022,544,92,1,20,6906,156,45
2021,172,44,0,6,8682,35,60
2022,1079,79,0,0,11743,147,75
2023,1062,59,1,85,6753,137,75
2015,378,61,0,63,529,158,44
2023,828,49,2,85,9221,149,75
2015,1062,81,8,72,8047,158,75
2023,1062,92,0,9,722,158,75
2022,704,70,4,67,10258,40,69
2022,1062,92,4,69,11064,123,75
2023,1044,58,0,0,10241,156,75
2020,313,51,8,72,475,139,75
2023,587,92,4,85,8266,30,37
2015,1062,54,8,9,1355,158,75
2019,1062,61,0,72,10052,158,75
2017,1062,92,0,0,53,158,75
2019,1071,69,0,1,5935,99,75
2014,112,92,4,9,8259,158,75
2022,470,42,0,1,10315,76,70
2019,1062,44,0,42,1239,158,75
2017,793,81,8,72,441,158,75
2022,622,42,0,4,2990,47,67
2023,1062,66,0,85,7749,158,75
2023,693,51,3,85,7146,77,38
2022,1062,42,0,85,8423,157,75
2022,1062,81,0,41,7881,158,75
2019,1062,71,0,0,731,158,75
2023,1062,51,0,41,6891,158,75
2021,1062,63,0,85,2175,146,75
2022,1062,45,3,85,6592,71,75
2018,1062,52,0,42,5299,25,75
2023,1062,74,3,85,9527,105,75
2022,1062,92,0,85,9632,21,75
2014,1062,54,0,63,1146,158,75
2022,1062,31,0,9,2290,158,75
2023,1133,62,0,0,6139,158,60
2023,1062,62,8,41,4173,158,75
2020,508,92,4,72,10017,158,75
2022,198,31,0,0,11947,69,75
2018,1062,61,0,0,5108,158,75
2022,1062,61,0,85,9071,69,75
2015,1062,44,8,9,7525,156,75
2023,1062,71,8,85,8710,102,75
2020,1062,71,0,64,7653,69,75
2019,1062,81,0,72,9027,158,75
2023,1062,72,8,85,9485,157,75
2023,499,62,0,8,11787,158,75
2019,1062,22,8,42,10142,157,75
2024,1062,61,0,0,8845,157,75
2021,410,74,0,0,9675,74,60
2019,1062,31,8,9,1171,45,75
2020,1062,78,0,1,10859,158,75
2023,203,51,0,0,10031,25,60
2021,376,51,0,1,7609,158,60
2014,112,92,4,9,8268,28,75
2023,1062,86,6,85,3564,157,75
2021,951,64,0,0,7838,158,72
2022,1062,92,0,85,8748,22,75
2021,1062,61,0,0,4493,158,75
2014,953,92,4,72,9990,126,68
2022,599,32,0,0,5201,76,75
2017,691,51,0,0,898,8,38
2022,197,31,0,0,2081,48,60
2023,1062,60,0,85,8987,153,75
2022,616,42,4,65,11075,46,60
2023,638,84,2,85,9111,84,39
2018,1062,48,8,17,4578,58,75
2023,1062,51,0,0,10631,158,75
2023,951,28,0,0,9918,69,75
2024,580,99,0,0,4763,71,38
2021,1062,81,0,9,11069,103,75
2023,714,39,0,0,2083,123,60
2018,1062,62,0,9,4311,158,75
2023,59,52,0,0,8392,156,60
2022,1062,62,0,9,2378,158,75
2022,1079,44,0,0,11743,158,75
2022,561,55,0,0,9199,34,73
2020,1062,61,0,0,11616,139,75
2022,1062,31,0,0,2699,158,75
2022,1062,62,0,85,4289,158,75
2021,1062,61,0,85,4310,157,75
2021,1062,62,2,85,9364,61,75
2021,1062,55,0,85,9239,103,75
2022,65,60,0,0,10194,28,60
2020,1062,92,8,63,9297,104,75
2022,1062,41,3,85,5021,121,75
2023,810,49,0,0,9675,107,75
2023,996,81,0,85,10254,155,75
2023,1083,83,0,0,3865,158,70
2022,1062,51,7,85,2820,155,75
2014,701,51,0,9,3605,158,78
2022,1061,42,0,85,8424,156,75
2023,935,77,0,40,2883,88,75
2022,806,81,0,0,9656,69,75
2023,1062,61,0,72,7488,158,75
2014,1083,92,8,72,1666,61,27
2014,1062,54,0,9,3875,158,75
2017,1062,54,0,42,3339,158,75
2023,1062,49,0,85,7761,89,75
2022,1062,81,4,9,11066,158,75
2021,626,51,8,63,7323,123,75
2022,1062,56,0,85,8610,40,75
2014,1062,52,8,63,7194,134,75
2016,1062,51,8,9,9162,158,75
2022,1062,37,3,85,2417,34,75
2019,1062,62,0,0,7411,158,75
2021,814,53,0,6,2038,158,60
2020,1062,44,8,0,9986,140,75
2021,276,31,0,0,3108,158,75
2016,1062,51,8,9,5629,157,75
2021,1062,45,7,85,2035,42,75
2021,1062,57,4,85,2491,99,75
2021,1062,48,0,85,1368,157,75
2020,1062,62,0,9,3900,158,75
2022,1062,92,5,85,9953,111,75
2021,473,66,0,0,9659,158,69
2014,702,84,8,80,522,14,14
2024,1006,31,0,0,3710,158,75
2023,515,66,0,9,8622,158,75
2020,661,61,0,1,1493,158,75
2023,600,70,0,8,8454,147,75
2019,1062,91,7,61,10123,123,75
2024,590,92,0,0,8558,158,60
2022,1054,71,4,63,7533,123,74
2022,726,48,4,69,6057,94,60
2015,1062,81,2,72,10752,158,75
2022,592,92,0,0,9384,69,75
2023,1062,73,2,71,9162,55,75
2022,1062,85,8,85,8597,141,75
2023,1062,55,4,85,9254,127,75
2018,1062,52,0,9,1010,158,75
2020,1001,49,0,1,10710,144,75
2022,1038,58,0,0,2438,158,60
2022,568,54,0,6,9151,63,75
2017,412,51,7,0,11174,154,60
2020,1062,55,0,1,2351,158,75
2019,1001,62,6,22,2428,158,75
2022,558,31,4,69,4946,158,60
2022,730,75,0,0,9566,69,75
2020,362,62,0,1,6158,25,75
2023,497,70,4,85,9012,111,27
2023,1062,76,8,85,2390,128,75
2021,1062,22,0,84,2295,158,75
2021,615,54,0,0,1526,158,67
2016,1062,31,0,0,11020,28,75
2022,477,61,4,69,4252,123,74
2022,806,92,0,0,8735,37,75
2015,990,51,8,72,422,98,45
2021,814,62,0,6,5547,69,60
2018,1062,92,3,40,1459,81,75
2023,1133,92,0,0,10110,158,60
2019,1062,51,0,0,3317,134,75
2016,1062,62,0,42,37,158,75
2020,1062,71,8,1,2612,158,75
2023,830,53,3,53,9454,129,63
2021,1062,79,3,85,10096,94,75
2019,1062,48,0,9,2964,28,75
2022,1062,62,0,85,5992,158,75
2019,1062,56,4,36,467,81,75
2021,1062,61,0,1,6076,158,75
2021,1062,78,3,85,7107,158,75
2023,203,92,0,0,8373,158,60
2021,331,72,0,1,8136,146,75
2018,883,79,4,20,9346,125,75
2018,1062,51,0,9,11221,158,75
2020,1062,62,0,9,4252,158,75
2021,758,81,0,1,5756,158,75
2017,1062,62,0,9,2461,158,75
2021,736,32,1,84,2188,104,50
2022,622,35,0,1,9413,65,75
2022,1068,61,0,0,5767,158,75
2022,473,22,0,1,1196,69,60
2021,1062,75,3,85,1821,18,75
2022,1079,61,0,0,11742,157,75
2019,1062,62,0,42,4194,158,75
2018,895,70,7,11,4559,158,75
2019,764,31,8,9,7025,155,16
2017,989,51,8,28,10745,71,72
2022,203,31,0,0,2081,158,60
2023,1062,56,0,4,3183,158,75
2022,174,61,0,0,8475,25,75
2019,1062,62,0,9,3120,158,75
2021,869,76,0,0,9356,157,75
2016,221,52,8,9,94,156,75
2021,1062,75,8,85,5373,157,75
2016,782,81,1,15,889,80,47
2020,1032,61,8,9,9882,158,78
2021,1062,92,0,0,9376,21,75
2022,1062,22,0,9,3327,49,75
2015,1062,52,0,9,2073,158,75
2023,1062,52,0,41,4138,158,75
2023,763,45,4,69,9790,154,60
2015,112,48,4,63,4535,71,75
2023,1062,41,6,85,2243,157,75
2020,963,62,0,1,6300,158,75
2023,1073,57,6,0,3918,158,72
2022,1024,65,1,64,10517,147,74
2021,1062,46,8,85,5905,157,75
2020,1064,45,0,1,3741,158,73
2022,1062,92,6,85,9077,158,75
2018,296,81,4,72,3557,61,27
2020,1062,92,0,9,8458,158,75
2021,852,51,4,72,11321,158,78
2018,1062,62,0,0,9248,61,75
2022,1062,55,0,85,10014,109,75
2015,1055,60,7,63,9601,158,74
2023,1062,65,2,85,1116,144,75
2022,1062,58,6,85,6238,157,75
2023,1062,92,4,72,1387,157,75
2022,561,29,4,69,4866,110,69
2022,203,42,0,0,2081,89,60
2022,726,61,4,72,6071,154,60
2014,1062,51,0,9,3183,8,75
2014,986,81,8,72,10028,149,69
2022,1062,86,8,85,10355,158,75
2020,1062,62,0,0,5339,109,75
2022,1062,62,0,85,2271,157,75
2022,1062,30,0,85,3036,155,75
2016,382,49,5,20,9050,63,71
2019,1062,72,8,72,8852,131,75
2020,490,99,0,1,3659,45,60
2017,1062,92,3,9,2892,35,75
2017,1062,58,2,17,396,130,75
2022,1062,52,8,9,6233,158,75
2023,881,59,0,2,9809,158,75
2022,726,52,4,69,6048,86,60
2019,1062,61,0,0,8847,158,75
2019,1062,51,0,9,2715,158,75
2018,1062,48,0,42,1394,158,75
2021,1062,60,0,0,5977,135,75
2022,1062,54,0,85,5330,158,75
2022,300,55,3,35,11103,112,60
2023,1062,57,1,85,8896,37,75
2020,1062,62,0,0,12061,158,75
2022,1062,92,1,85,9469,37,75
2020,175,23,0,1,2622,158,75
2021,591,52,0,0,2180,46,65
2022,756,92,3,66,9861,152,60
2021,1062,57,7,57,358,148,75
2022,1062,51,0,41,2543,158,75
2021,1062,62,0,1,2267,25,75
2017,404,56,0,0,3607,61,27
2021,806,71,0,0,9656,61,75
2022,1062,79,8,85,8925,149,75
2022,1062,61,0,0,8903,158,75
2022,806,54,0,0,9656,156,75
2020,1062,31,0,9,10798,158,75
2015,1062,44,0,9,2753,158,75
2023,1062,61,5,85,7455,158,75
2023,971,75,7,85,9279,155,72
2017,1062,71,0,61,10854,158,75
2020,1062,52,8,63,6169,28,75
2020,1062,44,8,9,3205,158,75
2021,1062,79,8,85,5367,129,75
2022,977,34,0,0,11606,142,75
2021,1062,60,0,85,10525,27,75
2022,1062,68,7,85,5462,35,75
2016,1063,51,8,72,10196,99,46
2017,1062,72,8,72,4330,158,75
2016,112,92,4,63,8275,126,75
2023,244,68,0,2,7976,158,75
2018,691,71,7,9,886,157,38
2023,1062,53,8,85,8334,28,75
2022,966,73,6,85,7898,146,70
2022,1062,58,3,85,2854,158,75
2014,1062,61,8,9,1395,158,75
2022,1062,89,7,85,5661,158,75
2021,914,67,0,0,9967,150,74
2023,1062,57,1,85,7022,157,75
2022,987,54,2,85,7022,71,75
2023,1062,52,0,85,1077,158,75
2017,742,71,8,72,6374,158,62
2020,1062,62,0,9,7564,158,75
2019,1062,72,0,0,6882,158,75
2021,972,57,0,0,5471,157,68
2024,726,52,4,63,5705,86,60
2023,635,61,3,85,7093,111,32
2022,558,92,4,69,128,86,60
2020,1062,61,8,63,7444,158,75
2015,518,92,8,72,10096,158,35
2016,757,55,1,14,997,29,44
2015,102,21,4,9,237,25,14
2020,591,92,6,68,10826,106,68
2021,827,48,0,1,3767,49,75
2018,1062,92,0,9,1090,158,75
2018,1062,92,3,40,1460,156,75
2023,1062,64,8,85,8039,155,75
2021,394,51,0,0,1493,63,60
2020,1062,56,4,0,5957,158,75
2022,1068,81,0,0,9209,157,75
2022,1161,71,0,9,2677,155,75
2022,1062,53,1,85,360,141,75
2022,1062,61,0,85,4309,65,75
2022,1062,26,8,85,8379,15,75
2016,1126,99,8,9,568,151,75
2021,59,51,0,9,9363,146,75
2020,381,62,0,9,6787,8,60
2015,1062,51,0,13,8027,157,75
2016,363,81,4,9,4520,157,78
2021,1062,60,0,0,8096,157,75
2021,850,58,0,5,9065,158,75
2022,1062,57,0,0,2389,158,75
2022,1062,51,0,85,270,127,75
2020,1017,68,0,5,4729,158,75
2022,58,99,0,0,970,9,60
2020,972,59,0,4,8487,158,75
2017,1062,57,2,12,3078,158,75
2022,1062,99,0,9,10533,69,75
2017,1062,72,0,61,2037,158,75
2019,1062,54,5,47,10861,85,75
2020,1072,67,0,37,7746,125,68
2022,1062,62,0,0,3285,158,75
2020,1062,92,5,18,1893,158,75
2020,1062,54,2,26,10602,87,75
2021,1062,43,8,85,6108,157,75
2021,1062,92,0,63,8440,21,75
2022,1033,54,0,1,7739,158,75
2022,1079,61,0,0,11743,158,75
2022,1079,54,0,0,11743,45,75
2023,726,48,4,69,5922,86,60
2020,1062,55,0,30,10596,158,75
2014,1110,81,4,72,10793,61,27
2023,1047,92,1,85,8473,155,65
2022,658,35,0,0,11275,157,75
2021,1062,71,0,2,1975,105,75
2022,710,42,2,43,3160,58,64
2020,607,31,0,1,9269,77,75
2022,58,32,0,0,970,158,60
2018,1062,22,0,9,3330,158,75
2020,1062,59,6,10,11986,25,75
2022,1062,61,0,85,9544,158,75
2016,1062,52,8,9,3110,120,75
2023,1062,72,0,0,5246,158,75
2020,1062,52,0,9,9892,131,75
2019,842,76,8,77,10675,158,75
2021,373,27,0,1,1350,83,63
2021,1062,86,0,85,3892,87,75
2022,1062,57,0,85,5827,135,75
2022,960,58,6,85,7721,147,70
2022,815,44,0,2,5195,21,75
2020,714,58,0,1,2845,158,75
2020,551,62,0,1,8686,158,75
2023,1062,89,0,85,2346,157,75
2021,1062,62,0,42,11872,104,75
2024,58,22,0,7,11261,25,60
2023,776,70,3,85,10523,151,75
2020,1062,62,8,9,7743,158,75
2023,1062,78,2,85,7767,142,75
2020,1062,61,0,0,9934,158,75
2023,736,53,0,1,9505,158,75
2014,112,92,4,63,4409,68,75
2021,1062,49,5,85,1274,157,75
2020,504,59,0,1,8888,131,75
2018,891,42,4,0,1008,95,57
2014,742,90,4,72,10728,109,51
2021,1062,22,0,84,3959,158,75
2020,1062,56,0,1,11130,158,75
2020,490,61,0,1,5563,158,60
2022,1062,76,0,85,8941,102,75
2022,203,54,0,0,2081,157,60
2023,555,52,0,9,560,61,75
2015,107,92,4,72,1522,158,75
2019,1062,51,8,72,7545,157,75
2021,1062,31,4,61,4016,158,75
2022,1062,63,0,85,6158,158,75
2023,276,92,0,0,9717,158,75
2019,1062,61,0,0,9893,157,75
2016,1059,91,7,0,4639,48,74
2022,1062,46,0,85,3504,124,75
2021,1062,68,8,85,5715,158,75
2023,872,76,6,85,9644,69,69
2022,1062,61,8,85,3968,158,75
2022,1062,62,0,9,2765,158,75
2021,806,44,0,0,9656,158,75
2020,1064,81,0,19,8484,116,55
2018,1062,72,8,72,533,158,75
2016,1062,61,8,13,6920,71,75
2022,203,31,0,0,2081,31,60
2019,1062,61,0,0,5909,26,75
2020,1062,34,7,77,8599,97,75
2015,771,51,4,71,6497,158,63
2019,63,31,8,9,10843,71,81
2022,1062,92,2,85,8096,129,75
2019,1062,98,8,62,2916,37,75
2022,1062,51,6,85,8943,145,75
2022,1062,42,5,85,2231,158,75
2022,1009,51,0,0,8005,158,72
2020,902,51,8,9,2947,158,75
2022,924,55,6,85,11672,144,75
2022,1079,61,0,0,11743,143,75
2023,1062,59,0,85,6128,158,75
2022,1062,61,0,85,8901,158,75
2014,891,51,8,72,240,1,1
2016,1062,61,0,9,4906,158,75
2022,463,22,4,69,4163,123,74
2015,1062,73,5,63,6678,92,75
2023,1088,93,0,1,9110,157,62
2022,1010,53,1,85,6922,56,75
2021,548,88,0,5,9395,78,61
2017,1062,61,0,42,11222,158,75
2019,1062,62,8,9,5352,158,75
2023,319,48,0,0,8704,69,75
2021,1062,73,0,85,4028,124,75
2023,1062,92,0,0,4606,158,75
2016,1062,51,0,9,2095,158,75
2019,1062,92,0,0,10125,158,75
2022,987,92,4,9,4478,123,75
2022,1053,92,5,85,9663,134,77
2017,1062,51,0,9,5068,6,75
2017,412,92,7,0,11174,154,60
2015,705,81,3,42,8300,38,21
2023,1062,61,0,70,6127,158,75
2016,1062,52,0,9,1056,158,75
2017,1062,52,0,63,202,157,75
2022,1062,87,1,85,7623,139,75
2022,1062,76,0,85,9047,112,75
2022,1062,51,0,9,2909,89,75
2022,1062,96,0,85,9524,81,75
2020,625,37,3,0,6111,156,60
2015,1062,72,8,9,2051,158,75
2015,1062,92,8,9,249,158,75
2018,1062,62,0,1,49,158,75
2023,1062,92,3,9,8439,158,75
2021,1062,81,0,9,3540,158,75
2022,696,44,4,9,7325,123,74
2023,784,31,0,0,9606,158,75
2023,982,69,0,0,3253,158,66
2023,770,69,1,26,9999,156,69
2021,1062,68,0,85,8794,82,75
2022,203,52,0,0,2081,25,60
2022,1062,74,3,85,2162,158,75
2022,1102,92,4,85,11984,154,60
2016,101,61,8,72,1534,158,75
2022,1062,92,0,85,9451,21,75
2021,839,51,0,0,6710,137,60
2021,893,58,0,0,9905,157,75
2020,834,61,0,0,9160,101,75
2022,1062,40,0,85,3032,131,75
2021,1089,31,0,1,2737,158,60
2020,1028,61,7,63,277,158,75
2014,1062,51,0,9,1204,158,75
2020,607,62,0,1,4296,158,75
2023,217,62,0,3,7912,102,67
2021,1062,61,0,1,5349,158,75
2022,580,63,1,21,3426,55,60
2021,1062,49,5,19,7205,123,75
2022,383,81,0,0,3663,158,64
2019,1062,62,0,9,9584,25,75
2018,1062,31,0,9,11524,158,75
2021,1088,71,0,1,6338,158,60
2020,1062,54,0,1,926,158,75
2023,1062,85,0,72,11856,157,75
2024,1062,54,0,85,2514,28,75
2020,1062,54,8,9,3697,158,75
2022,1062,21,0,0,3762,49,75
2018,1011,58,2,1,2460,58,76
2022,1062,77,1,85,5767,88,75
2022,646,61,4,69,10205,156,60
2023,1062,80,0,85,8031,137,75
2022,1012,57,0,0,10476,102,60
2020,759,60,0,1,2141,156,75
2022,1062,73,0,85,9051,104,75
2022,1062,52,0,9,8340,158,75
2022,688,92,4,53,5737,123,75
2017,167,92,4,63,9351,36,5
2021,1062,22,0,37,11847,158,75
2022,112,92,4,9,8897,123,75
2022,726,50,4,69,5945,82,60
2016,157,92,8,72,4003,7,6
2021,1062,66,0,85,4457,158,75
2021,986,62,0,0,1834,123,75
2022,203,34,0,0,2081,33,60
2023,1062,34,0,0,4995,158,75
2023,1133,61,0,9,8637,158,60
2020,756,86,0,4,1616,11,75
2023,1062,61,4,85,7840,158,75
2023,1062,48,8,85,7265,105,75
2022,726,53,4,69,6042,109,60
2018,647,92,1,13,8176,158,16
2016,1062,62,8,13,5379,158,75
2023,1062,64,8,85,2738,155,75
2022,1062,48,0,63,11073,158,75
2022,1089,31,0,1,6440,25,60
2019,1062,74,0,0,8590,88,75
2016,797,80,7,22,4768,141,63
2023,1062,39,0,85,2734,84,75
2022,558,92,4,69,4937,22,60
2020,607,54,0,1,2804,158,75
2022,1062,80,0,85,8961,116,75
2023,1133,92,0,0,5213,158,60
2021,1062,62,0,85,5418,25,75
2020,1062,44,0,9,518,158,75
2022,1062,62,0,9,2442,158,75
2022,726,48,4,69,6003,80,60
2022,1062,62,0,41,2375,158,75
2023,1133,52,0,9,8610,158,60
2023,1062,58,8,85,6051,127,75
2022,161,45,2,6,1728,63,60
2016,691,52,3,42,9925,77,38
2023,58,52,0,9,10908,158,60
2019,565,39,0,9,1651,157,66
2017,1062,54,0,9,305,28,75
2017,1062,55,3,32,2231,158,75
2022,777,92,4,69,6591,154,74
2022,1052,84,7,85,10393,131,77
2021,1062,40,2,85,2135,157,75
2021,1062,64,0,85,5493,147,75
2022,1034,88,1,85,6885,158,75
2020,1062,68,8,71,1191,11,75
2023,221,88,0,0,8649,151,75
2017,1062,52,0,40,1464,155,75
2021,1062,92,6,55,9451,138,75
2023,638,54,3,61,7094,8,29
2020,955,51,0,1,7991,49,75
2021,1062,66,0,85,4453,158,75
2022,677,81,4,69,4824,25,62
2020,1062,52,0,9,6951,158,75
2023,592,50,0,0,9209,123,75
2021,1062,51,0,16,8684,106,75
2017,1062,99,0,9,1050,25,75
2014,751,52,8,9,404,8,52
2017,1062,62,0,0,3863,158,75
2020,1062,99,8,70,2121,8,75
2019,1062,61,0,0,9448,158,75
2022,1062,54,0,72,6186,61,75
2022,1062,57,0,85,2755,157,75
2017,1062,51,0,9,5664,158,75
2019,1053,81,8,63,11926,158,75
2021,803,62,0,1,2132,158,75
2022,1062,78,0,85,4297,158,75
2022,1062,76,2,85,1212,93,75
2024,726,52,4,63,10874,154,60
2023,481,51,0,2,468,137,75
2019,1089,92,0,65,10105,158,60
2021,773,81,8,63,4875,116,56
2022,1055,76,3,85,8896,154,60
2022,752,70,0,0,2050,158,69
2018,131,81,5,2,8281,100,75
2023,535,51,1,4,817,145,66
2023,841,57,1,85,10051,71,68
2020,1062,54,6,48,535,27,75
2016,1062,51,0,9,4844,71,75
2022,1062,61,0,85,4189,157,75
2022,1062,52,0,9,5538,158,75
2019,1062,71,0,9,6191,158,75
2020,1062,81,0,42,10859,158,75
2016,1062,61,8,9,4030,157,75
2016,1062,51,8,63,9909,71,75
2015,1170,51,0,9,472,158,75
2023,1133,52,0,9,11573,158,60
2022,881,53,0,8,12001,38,75
2023,620,61,0,0,9245,158,75
2022,586,90,0,0,9208,157,74
2021,330,51,0,18,891,158,68
2022,1062,61,0,85,5916,158,75
2022,497,54,0,0,11969,158,75
2022,763,31,4,69,9815,154,60
2017,1062,67,0,0,10798,147,75
2022,1062,92,7,69,7313,123,75
2021,1062,72,0,70,7276,45,75
2022,686,92,5,85,9499,115,44
2022,1095,34,0,0,3012,145,60
2021,577,70,0,0,7164,79,75
2018,112,81,4,72,1519,69,75
2020,1062,62,0,9,1223,158,75
2017,411,51,8,0,11667,123,60
2021,1062,72,0,85,1701,59,75
2024,1062,48,7,85,10129,66,78
2022,819,92,4,9,9760,154,60
2023,80,60,0,0,8137,155,60
2020,1062,81,0,9,10551,109,75
2019,127,92,4,9,4513,69,34
2018,1062,52,0,9,1952,89,75
2022,1062,31,1,85,2369,69,75
2022,806,24,0,0,9656,32,75
2020,355,31,8,0,2708,71,75
2021,1062,50,8,85,773,158,75
2015,1062,92,6,58,9486,115,75
2020,1062,52,0,9,7156,69,75
2022,632,74,6,69,5430,156,60
2023,1062,85,1,85,2466,156,75
2019,1062,51,8,63,7052,155,75
2022,1062,62,0,0,3035,158,75
2021,1062,22,0,0,3255,49,75
2021,1062,88,0,85,7333,158,75
2021,164,48,0,9,2966,123,29
2022,1062,80,1,85,5709,77,75
2015,1062,72,8,72,3443,158,75
2022,726,31,4,69,6049,86,60
2016,981,59,2,18,6565,158,71
2020,902,51,0,9,9886,158,75
2016,1023,92,8,63,3997,63,71
2017,1062,81,0,9,9058,65,75
2023,1078,22,0,0,10305,158,75
2022,1062,61,4,72,10747,57,75
2015,129,92,4,72,9151,81,41
2022,1062,51,0,85,2444,157,75
2022,1062,62,2,85,8355,49,75
2023,956,54,0,0,9389,154,75
2023,1062,52,0,9,1377,123,75
2014,1062,92,8,9,10159,158,75
2021,1062,89,0,85,4003,80,75
2020,293,33,0,1,3119,157,73
2023,282,60,1,0,8337,107,63
2016,112,31,4,63,4439,71,75
2023,208,55,0,18,8102,158,62
2021,1062,54,0,85,10098,31,75
2019,1062,54,0,0,11952,158,75
2022,1079,51,0,0,11743,158,75
2023,1062,44,8,9,3582,158,75
2020,1062,62,8,64,1152,158,75
2017,1062,61,0,0,1402,158,75
2016,152,52,4,63,1673,97,36
2020,1062,52,8,40,10342,158,75
2022,652,68,5,45,6704,154,69
2022,1062,60,0,85,9007,65,75
2023,1062,92,8,85,9044,61,75
2021,410,31,0,0,9675,143,60
2018,1062,62,0,9,5842,158,75
2020,1062,72,0,9,7618,131,75
2024,220,66,0,7,6992,158,75
2023,1062,51,0,9,7985,158,75
2014,165,71,4,72,102,61,7
2022,1062,44,0,9,3092,135,75
2023,698,91,4,63,5577,97,60
2022,1062,60,0,85,6608,100,75
2021,913,58,1,19,11515,157,71
2022,1062,51,0,85,6329,158,75
2023,1062,55,0,0,5312,158,75
2023,1062,48,8,85,2455,115,75
2019,1062,62,8,9,6917,158,75
2023,592,81,0,0,7631,136,75
2022,1062,44,0,9,9358,155,75
2022,692,52,0,41,2120,158,38
2022,694,65,4,0,5069,90,68
2017,1062,92,0,9,3547,158,75
2015,619,81,0,9,7311,123,75
2022,1062,70,0,85,11208,22,75
2023,767,60,0,0,9688,75,75
2023,1062,25,0,85,6903,158,75
2019,1065,81,3,42,3588,164,76
2014,1062,81,8,72,10062,158,75
2022,786,54,0,0,6951,155,74
2023,1062,51,0,0,10695,158,75
2023,847,33,0,0,9697,69,75
2022,1062,61,0,85,5915,158,75
2023,1062,74,8,85,9142,55,75
2022,977,92,0,0,8548,116,75
2021,414,66,0,3,1917,158,41
2022,1057,73,2,85,8831,52,76
2023,1062,77,8,85,8840,133,75
2020,695,50,0,3,4450,46,68
2017,1005,85,3,61,912,151,69
2020,1062,44,0,61,7335,158,75
2023,686,65,0,3,8647,158,75
2021,595,33,0,0,5025,65,60
2021,1062,92,4,85,9629,157,75
2023,1062,52,8,85,8372,86,75
2022,1062,64,7,85,6595,146,75
2018,1062,81,0,9,1968,136,75
2023,1062,56,8,85,3001,155,75
2020,1089,92,0,25,8858,158,60
2020,1062,44,0,42,11834,158,75
2021,1062,62,0,1,8131,158,75
2021,1062,52,8,85,1601,96,75
2020,808,57,0,13,2484,52,75
2022,276,23,0,0,3108,155,75
2021,936,83,0,85,7770,147,64
2022,1062,62,0,9,1224,158,75
2022,1062,57,5,85,6713,114,75
2016,412,81,7,9,7314,158,60
2023,941,51,0,85,9945,93,75
2022,295,74,0,4,11083,158,60
2023,1062,51,8,85,2195,69,75
2024,622,62,0,7,10917,158,75
2017,1062,51,0,42,6658,158,75
2014,1062,72,0,61,1440,158,75
2022,1062,29,0,85,2635,85,75
2019,1062,61,0,0,5805,158,75
2023,937,46,0,9,3636,157,75
2022,1114,62,0,0,1013,158,63
2023,1062,62,8,85,9040,90,75
2020,1062,92,0,63,8202,158,75
2021,934,44,5,85,9042,79,75
2017,1062,72,0,9,4292,158,75
2022,1104,46,0,0,7599,55,66
2019,1062,52,0,24,4920,158,75
2018,303,67,5,68,4082,110,34
2021,1060,53,0,0,6850,156,74
2020,1062,92,0,0,8562,158,75
2021,1062,54,0,1,5422,49,75
2023,562,51,0,0,9126,69,75
2020,1062,54,0,0,5098,158,75
2017,1062,52,0,9,2066,158,75
2020,1062,62,0,42,6754,158,75
2022,1062,92,3,53,7291,123,75
2023,1062,90,7,85,8754,117,75
2022,732,58,0,0,9152,72,75
2022,1062,46,3,85,8383,99,75
2022,1062,54,0,41,5047,158,75
2021,561,92,0,37,4913,74,37
2022,1074,58,3,85,9185,154,60
2018,644,81,3,42,836,24,16
2022,727,63,0,20,2922,27,75
2023,1062,54,0,9,1955,158,75
2021,594,41,0,0,9666,111,66
2019,1062,62,0,0,3138,158,75
2021,1071,55,0,0,11618,158,75
2020,981,61,0,1,7984,71,75
2016,1062,48,0,9,4576,61,75
2022,435,74,1,85,11794,106,75
2022,1062,66,1,85,10308,46,75
2022,592,32,0,0,9212,66,75
2022,633,46,0,0,11296,76,75
2020,1089,99,0,1,2518,143,60
2023,1133,33,0,9,11155,49,60
2015,741,51,0,9,6365,158,75
2022,1062,72,0,85,6590,65,75
2023,1062,62,0,9,9361,69,75
2018,1062,48,3,78,4041,68,75
2022,855,61,0,0,9729,69,75
2015,597,69,8,66,4214,158,75
2023,808,61,0,0,9237,151,75
2014,1062,92,8,63,4102,154,75
2017,1062,62,8,9,1976,157,75
2023,1062,52,8,9,11294,158,75
2023,1062,92,0,72,3373,21,75
2021,1062,21,0,0,6203,158,75
2018,1062,26,0,0,7333,124,75
2023,622,62,0,9,9293,158,75
2023,592,33,0,0,9196,69,75
2017,1062,54,6,47,1710,60,75
2020,1089,54,0,37,11927,158,60
2015,1062,81,0,9,11608,158,75
2020,943,51,8,0,372,158,78
2017,412,36,7,0,11174,154,60
2023,58,62,0,9,8394,158,60
2022,1062,40,0,85,3267,76,75
2022,1062,68,6,85,869,129,75
2018,647,54,1,13,8176,158,16
2022,112,52,4,61,8248,123,75
2022,58,22,0,0,4729,69,60
2022,1062,87,8,85,2818,158,75
2021,1062,92,0,85,6949,144,75
2022,754,87,0,0,9115,69,75
2018,1062,52,7,63,954,123,75
2019,1076,62,8,63,273,104,78
2023,337,72,0,9,315,61,75
2016,412,81,7,9,3890,158,60
2022,1079,55,0,0,11743,157,75
2015,63,92,3,13,11759,155,81
2021,1062,61,8,64,10332,158,75
2021,591,54,0,44,1032,158,75
2022,1062,56,0,85,2379,144,75
2023,1062,92,8,85,8715,158,75
2020,1062,52,0,1,4760,70,75
2020,1062,97,8,2,2609,158,75
2020,909,86,0,0,2341,49,75
2023,1062,81,8,9,1471,68,75
2022,1062,92,0,0,9940,136,75
2022,1045,61,0,0,11164,157,75
2022,1062,62,0,0,3726,158,75
2015,742,53,8,64,2150,158,75
2023,1062,84,6,85,3657,158,75
2024,1062,62,0,85,2739,158,75
2022,1062,62,0,9,6722,158,75
2023,1062,54,0,0,4579,158,75
2023,1062,92,0,0,10245,157,75
2019,1062,52,0,9,10514,131,75
2020,1062,22,8,84,5170,68,75
2022,1062,52,1,85,3401,158,75
2021,1062,46,3,85,2577,157,75
2019,1062,61,8,42,6342,158,75
2022,356,53,0,6,9088,158,75
2015,886,92,6,72,10873,83,41
2018,1062,52,0,63,12038,158,75
2023,592,44,0,0,5046,69,75
2014,1022,92,4,72,1158,81,71
2023,295,49,0,0,8576,69,75
2022,98,54,0,0,1366,158,62
2019,1062,62,0,0,2262,158,75
2021,599,30,0,0,5201,158,75
2021,1062,75,4,85,10570,157,75
2022,599,53,0,0,5200,158,75
2018,1062,92,8,9,7889,157,75
2023,1062,70,3,85,8932,79,75
2014,112,92,8,63,4539,109,75
2018,1062,62,0,13,999,158,75
2018,1062,71,0,9,7666,157,75
2019,521,92,7,9,9064,68,33
2019,411,81,3,13,4088,49,60
2021,626,51,8,63,11467,158,75
2020,1062,26,7,85,2224,157,75
2018,1062,51,8,63,7543,24,75
2017,1062,22,0,0,10952,158,75
2015,360,51,8,9,3235,158,75
2022,418,71,0,85,11912,95,75
2020,1014,59,0,62,931,153,70
2016,112,52,4,63,1627,150,75
2018,262,85,3,23,4180,83,75
2017,1062,48,0,68,9856,158,75
2022,367,51,0,0,6426,87,71
2022,1062,81,0,85,8404,143,75
2017,745,50,0,71,7518,158,62
2022,1081,40,6,85,10881,154,69
2021,1062,43,7,85,6271,158,75
2018,1062,92,0,42,8841,158,75
2023,524,35,0,0,9101,69,73
2020,1062,61,0,0,7710,158,75
2023,725,56,0,0,9478,69,75
2021,1066,61,0,60,11575,150,75
2022,1062,50,1,22,11638,132,75
2018,1062,51,0,42,11302,158,75
2022,1062,47,4,85,2936,109,75
2021,591,52,0,1,3539,158,75
2023,748,78,2,85,8491,65,48
2014,1062,81,2,9,12014,158,75
2023,1062,62,0,9,5060,158,75
2015,313,58,8,70,1446,153,75
2022,1062,36,3,85,8423,156,75
2014,1062,81,8,9,979,158,75
2022,58,92,0,63,1876,9,60
2021,958,61,0,2,5160,158,75
2017,1062,81,3,42,884,158,75
2022,1062,72,0,85,4272,158,75
2023,412,51,3,0,747,154,60
2016,1062,54,8,9,6672,135,75
2023,203,54,0,0,8372,69,60
2022,1062,62,0,0,9446,158,75
2023,1062,52,0,85,10515,131,75
2022,621,53,0,9,813,21,75
2015,942,75,7,51,11200,51,72
2022,1062,52,0,9,2227,158,75
2019,1062,92,0,0,10032,158,75
2017,1062,52,0,0,777,155,75
2016,929,51,0,9,418,158,75
2017,1114,51,4,68,11634,158,75
2016,979,90,8,71,8069,158,4
2022,935,58,0,0,9740,138,75
2021,684,40,0,0,906,107,75
2021,362,92,0,63,9426,154,75
2021,1062,62,0,0,11816,105,75
2023,1062,27,5,85,8090,114,75
2022,1062,66,6,85,7666,158,75
2022,616,43,0,0,3345,158,75
2015,765,84,2,46,11229,159,62
2017,1062,44,0,9,2334,25,75
2023,58,62,0,9,8163,158,60
2023,1062,74,8,85,2365,124,75
2021,1062,37,5,85,3234,129,75
2024,1062,53,0,85,2974,158,75
2022,1062,72,0,85,9052,102,75
2021,1062,61,0,85,7752,137,75
2022,1062,92,0,85,9635,22,75
2022,1062,28,0,85,2236,129,75
2022,1062,84,3,85,1517,63,75
2022,558,92,4,69,4937,22,60
2022,684,49,2,85,10481,13,45
2023,13,62,0,0,10905,157,75
2023,1062,62,0,85,11903,158,75
2023,1062,55,3,85,4035,157,75
2024,1062,61,0,0,5597,158,75
2021,1062,55,0,85,987,60,75
2017,1062,44,0,9,5305,157,75
2022,112,51,4,9,1611,123,75
2020,955,44,0,0,7760,77,75
2023,1133,62,0,9,10655,158,60
2021,795,62,0,1,5801,158,60
2022,1062,51,0,41,2609,158,75
2020,490,99,8,0,2754,157,60
2022,1062,62,2,0,2387,158,75
2022,1062,41,8,85,2418,106,75
2021,835,22,7,84,5741,61,16
2016,209,35,4,63,4444,45,23
2022,683,84,3,47,9977,92,63
2019,564,92,4,9,552,22,12
2018,1062,92,0,9,5733,158,75
2021,1070,87,7,38,10711,80,73
2021,1062,52,0,1,10579,158,75
2018,1062,71,0,9,2048,28,75
2022,66,80,0,0,8173,155,60
2022,1062,56,0,9,1369,69,75
2022,599,31,0,0,5191,158,75
2022,1062,64,0,85,9064,80,75
2020,1062,81,0,9,7435,158,75
2021,389,90,3,67,9205,66,44
2022,1062,92,7,72,9872,154,75
2019,1062,62,0,0,3580,158,75
2017,753,72,7,33,11291,112,69
2020,752,51,1,85,839,93,50
2022,1062,56,4,85,6712,103,75
2023,726,48,4,63,10887,69,60
2023,139,42,2,0,8336,69,48
2023,990,24,0,0,9993,69,75
2022,1062,75,0,85,2296,157,75
2021,955,61,0,9,10250,158,75
2022,1062,31,0,0,11972,158,75
2023,515,22,7,9,4687,68,29
2022,203,31,0,0,2081,49,60
2019,1087,92,8,26,9850,157,60
2022,806,27,0,0,9656,41,75
2022,698,82,4,85,11206,113,76
2017,300,71,8,72,11751,71,75
2022,1062,68,0,85,2708,130,75
2023,454,47,0,0,1790,73,69
2021,1062,68,4,85,1221,157,75
2023,1062,52,0,7,4973,158,75
2019,1062,92,0,42,5537,158,75
2022,1062,55,4,85,8073,101,75
2020,860,74,4,5,9450,94,75
2022,1062,58,0,85,5983,129,75
2015,1062,72,0,61,4290,28,75
2020,1062,23,7,85,1953,157,75
2022,1062,61,8,85,5353,157,75
2023,1062,62,0,0,11766,158,75
2022,1059,60,0,0,248,71,74
2018,1062,62,0,0,9616,158,75
2022,1109,45,0,0,2729,158,64
2021,1062,54,0,1,3641,45,75
2022,203,31,0,0,2081,42,60
2023,1062,61,8,85,1977,158,75
2022,445,92,4,9,4517,40,75
2022,1062,63,4,85,214,104,75
2021,1062,49,0,85,9649,51,75
2021,972,50,0,0,9803,41,75
2021,1062,61,0,42,5432,8,75
2020,1084,59,1,1,10547,136,62
2023,624,62,0,9,11704,158,75
2023,1062,44,0,85,5728,69,75
2022,458,49,4,69,550,120,60
2015,741,51,8,9,460,158,75
2022,985,47,0,0,10189,59,75
2023,1062,61,0,9,9121,158,75
2021,172,62,0,0,5684,72,60
2016,1062,31,0,9,1121,9,75
2020,1062,81,0,9,7004,61,75
2021,992,57,0,0,4246,151,75
2022,789,33,4,69,9824,154,65
2019,1062,62,0,0,6525,158,75
2023,613,72,0,2,9257,129,75
2017,738,58,0,0,1055,43,40
2023,118,54,0,0,8258,158,75
2014,244,42,4,72,10240,148,73
2022,756,68,0,85,10526,128,75
2021,1062,92,4,85,8439,88,75
2023,1062,63,8,85,9034,157,75
2022,763,99,4,69,9784,154,60
2022,107,57,0,7,8574,155,60
2023,1062,55,8,85,6277,109,75
2023,906,92,3,41,7149,61,52
2020,1062,54,8,0,4303,140,75
2022,445,21,4,9,8186,29,75
2015,116,63,7,72,10663,144,75
2014,1062,51,0,9,977,158,75
2017,1002,92,5,20,7192,135,75
2023,663,45,0,6,5810,158,75
2015,544,48,8,38,11251,95,47
2022,774,71,0,85,11523,54,75
2022,726,68,4,69,5977,98,60
2016,1062,51,8,63,4286,45,75
2021,1020,92,0,0,9585,107,68
2022,1062,60,0,85,4170,157,75
2014,891,69,8,68,10990,158,75
2021,1062,58,4,85,11240,80,75
2015,1062,72,0,61,10050,158,75
2021,621,39,0,0,5377,24,75
2023,1062,61,0,85,9127,82,75
2022,1062,56,8,85,1400,128,75
2021,822,92,3,13,8713,64,75
2018,1062,52,0,9,7556,21,75
2022,1062,92,0,85,9720,53,75
2020,1018,49,7,1,11312,98,75
2023,1062,32,8,85,2653,158,75
2023,148,52,4,69,1601,158,60
2023,174,62,0,0,5473,158,75
2016,1126,54,8,9,12058,1,75
2023,87,43,0,5,8197,38,75
2022,1101,62,0,0,6172,158,66
2018,1062,62,0,9,8030,158,75
2022,1062,51,5,85,2360,98,75
2021,1062,22,0,85,2408,28,75
2018,1062,62,0,0,8496,158,75
2021,1062,54,5,85,1023,131,75
2018,1062,62,0,9,7527,158,75
2019,1065,33,0,1,5562,158,73
2023,910,92,4,41,4117,158,75
2014,1062,54,0,9,1465,158,75
2017,314,48,3,85,1616,30,16
2022,1062,61,0,85,4157,157,75
2020,955,62,0,1,11400,158,75
2016,1062,54,8,9,783,158,75
2015,112,92,4,42,4002,25,75
2023,875,61,0,85,9915,151,75
2019,1062,61,8,9,912,89,75
2021,1062,66,0,1,2640,158,75
2017,1062,92,3,42,1048,131,75
2021,1062,88,1,85,7071,42,75
2022,658,63,5,85,10765,39,44
2022,1062,23,0,85,2325,69,75
2023,318,61,0,0,2675,158,74
2023,805,62,0,9,2379,158,75
2019,1062,81,8,9,2,155,75
2014,947,61,1,25,10362,139,66
2019,450,71,4,72,4705,68,53
2022,1062,39,0,85,6461,158,75
2022,1062,92,8,85,10656,151,75
2021,1062,82,2,85,1788,15,75
2023,1062,54,0,9,3196,158,75
2022,1079,49,0,0,11743,130,75
2023,1062,92,0,72,9255,92,75
2022,923,63,0,0,7361,88,75
2022,930,47,0,0,5034,158,75
2023,426,92,4,85,8887,21,75
2022,1062,68,0,85,6488,85,75
2022,1062,92,8,85,6775,158,75
2021,1062,62,0,9,6511,158,75
2022,463,92,4,69,4164,123,74
2023,1062,34,6,85,6860,49,75
2024,1062,31,0,54,11289,123,75
2023,1062,91,0,85,7594,158,75
2020,1062,61,8,63,5326,158,75
2014,1152,81,4,9,12088,25,75
2023,543,89,3,85,8916,102,30
2021,1062,75,8,85,6007,158,75
2023,1062,60,0,85,6503,157,75
2022,203,31,0,0,2081,48,60
2019,1062,71,2,63,3305,96,75
2023,1133,92,0,0,10101,158,60
2016,1062,31,0,9,1481,158,75
2020,362,61,0,1,8755,158,75
2014,1062,99,8,9,11795,71,75
2015,124,51,3,71,1403,158,75
2022,1062,61,0,0,3520,158,75
2022,1079,50,0,0,11742,73,75
2023,1062,36,0,85,2726,73,75
2018,1062,62,0,9,11566,158,75
2021,1062,53,1,1,4230,99,75
2018,1062,76,3,33,3506,158,75
2023,1052,21,7,0,6178,106,74
2022,1062,79,5,85,3529,157,75
2023,1133,92,0,9,10569,158,60
2023,18,43,0,0,8148,137,75
2022,726,77,4,69,5998,103,60
2021,1062,62,0,0,11548,158,75
2014,1062,51,0,9,6227,158,75
2023,934,79,0,0,10857,157,70
2022,1062,67,1,85,9037,70,75
2015,1150,51,8,9,493,158,75
2023,1062,52,5,85,1379,158,75
2015,312,72,4,72,396,68,33
2021,1065,59,0,1,4317,157,72
2021,790,56,0,0,6060,122,75
2020,1062,72,8,85,813,157,75
2021,1062,72,0,85,5038,126,75
2021,1062,52,0,72,7048,62,75
2022,923,23,0,0,7361,158,75
2022,992,87,0,10,765,72,73
2022,131,45,2,6,1681,63,71
2022,1079,92,0,0,11743,52,75
2014,840,92,4,63,4056,151,71
2022,1062,55,0,85,2667,157,75
2022,1062,72,8,85,5000,158,75
2016,116,81,4,42,1633,21,11
2019,1062,71,8,9,5676,158,75
2023,631,55,1,0,7854,119,57
2023,58,62,0,0,8155,158,60
2016,545,92,8,9,4988,91,75
2015,664,92,4,72,506,10,6
2022,492,42,4,69,4369,123,74
2021,783,48,4,76,4984,155,75
2021,1062,72,0,61,3728,158,75
2023,726,22,4,69,6012,86,60
2023,783,67,0,8,10955,151,75
2015,1062,62,8,42,9336,158,75
2016,1062,92,8,9,6649,65,75
2022,599,22,0,0,5201,158,75
2021,1062,60,8,85,10051,37,75
2023,1062,62,0,85,6117,155,75
2022,1062,44,0,9,4268,28,75
2023,233,56,0,0,8444,69,75
2022,1062,61,0,0,6136,158,75
2022,1062,55,4,85,10008,135,75
2022,1062,30,0,85,2187,157,75
2020,1062,62,0,9,3793,158,75
2018,1062,52,0,9,5155,158,75
2018,1062,51,0,13,4639,135,75
2021,1062,52,0,9,3009,155,75
2021,640,75,0,0,11898,112,67
2023,1062,54,5,85,2704,155,75
2023,779,56,0,8,9658,35,75
2023,1062,52,0,85,6679,158,75
2019,1062,92,0,13,1725,158,75
2022,88,68,0,0,8696,73,63
2016,238,48,3,85,1903,20,10
2023,1062,53,8,85,2386,155,75
2022,887,37,0,0,3533,157,60
2014,131,52,4,63,1557,107,51
2020,1062,48,0,9,6428,109,75
2015,1062,51,8,9,11317,158,75
2016,584,81,8,72,10074,61,75
2022,1079,70,0,0,11743,115,75
2022,203,44,0,0,8480,25,60
2023,1062,92,3,9,7043,163,75
2022,1062,54,0,41,11788,158,75
2021,545,52,0,0,4857,158,75
2022,410,69,0,85,11900,96,75
2023,1062,62,0,2,3034,158,75
2023,1062,78,8,85,8998,40,75
2023,1062,61,8,85,2462,73,75
2019,1062,92,0,14,8108,158,75
2022,1062,42,0,85,4226,124,75
2019,955,52,0,13,6993,155,75
2022,174,61,0,87,7891,158,75
2022,592,67,0,4,9169,46,75
2017,1062,92,8,9,27,143,75
2020,691,92,3,13,7196,140,38
2022,1062,53,0,85,4815,158,75
2021,1062,54,2,85,4020,157,75
2022,804,51,5,85,7502,132,64
2019,1062,44,0,42,3650,45,75
2022,325,54,0,0,8399,69,75
2021,598,71,0,0,1217,95,70
2019,383,44,0,61,6486,155,75
2017,1062,52,0,61,1000,61,75
2023,904,42,0,0,9802,105,75
2015,589,51,8,63,10667,158,75
2014,1062,51,8,9,3868,158,75
2019,1062,92,0,0,1249,158,75
2017,318,61,5,68,4030,113,31
2020,1062,52,0,28,6274,65,75
2019,1062,91,0,62,9675,158,75
2021,1062,56,8,85,11330,113,75
2023,726,92,4,63,10876,103,60
2023,1062,92,0,0,3747,158,75
2022,1023,80,0,85,7599,141,63
2021,1062,68,5,85,5421,157,75
2023,58,52,0,0,8159,158,60
2022,112,51,4,72,10618,123,75
2021,1062,61,0,63,8440,21,75
2020,1046,63,0,1,6173,158,73
2022,1062,92,0,85,9714,104,75
2018,1062,61,0,9,11747,158,75
2015,259,54,8,9,525,158,75
2023,565,55,0,9,9136,73,75
2020,902,51,8,9,572,158,75
2021,150,44,0,1,1685,133,75
2022,1062,41,6,85,2067,69,75
2022,112,52,4,72,1614,123,75
2021,1020,61,0,1,5446,158,75
2022,1062,34,3,85,3182,93,75
2020,1062,56,8,9,8039,158,75
2022,1062,92,0,85,10451,125,75
2019,1062,62,0,9,322,158,75
2014,287,54,8,63,10930,146,69
2023,532,72,0,0,9839,157,68
2017,1062,81,2,9,1651,158,75
2021,1062,54,0,0,11226,45,75
2014,1062,92,3,42,3204,68,75
2017,247,69,7,50,10396,156,71
2022,1062,50,7,0,6913,153,75
2018,1062,59,0,14,2382,157,75
2023,141,92,4,63,1605,68,67
2021,1062,62,0,1,6852,158,75
2020,1062,61,8,0,9096,158,75
2022,1062,92,0,0,2926,158,75
2016,1062,51,8,9,5072,158,75
2022,1062,51,0,85,5149,123,75
2022,528,63,0,0,8362,128,75
2022,1062,54,2,85,3631,157,75
2024,210,22,0,9,8509,158,60
2021,329,49,0,0,6526,48,62
2021,357,25,7,0,3867,21,60
2022,604,78,4,69,10362,157,60
2022,375,51,0,54,8794,158,75
2023,1062,62,0,85,1079,158,75
2021,1062,51,8,85,6203,79,75
2015,53,52,8,28,1665,10,3
2020,743,85,0,0,4478,118,75
2023,58,31,0,9,5329,71,60
2021,1062,59,0,1,8172,158,75
2021,1062,76,0,30,10405,111,75
2020,674,95,0,3,11099,158,75
2021,1062,49,0,85,9581,49,75
2017,1062,71,0,9,6383,158,75
2022,1062,70,7,85,5213,26,75
2016,1062,51,8,63,629,131,75
2019,1062,51,0,0,743,158,75
2022,806,11,0,0,9656,25,75
2022,599,36,0,0,5201,158,75
2022,1028,52,0,0,6932,151,75
2021,814,54,0,0,7163,156,60
2015,223,71,8,9,944,158,75
2022,1062,51,7,63,10731,149,75
2016,1062,92,7,0,1338,126,75
2023,58,92,0,9,8381,158,60
2018,1062,61,0,0,7239,158,75
2023,1062,61,8,85,831,158,75
2015,673,71,8,72,5686,158,78
2021,1062,55,1,85,9511,48,75
2019,412,51,8,63,7315,48,60
2014,1062,52,0,9,6622,158,75
2023,1062,51,0,85,7082,158,75
2021,1062,51,8,0,3316,49,75
2022,1054,75,8,85,10914,135,76
2021,1062,32,2,85,2014,21,75
2020,1062,62,0,9,8493,158,75
2015,921,81,8,9,7281,155,75
2023,1062,86,0,0,7993,144,75
2022,858,92,4,69,7300,94,60
2021,644,92,3,9,8781,45,16
2023,893,61,0,6,9235,158,75
2020,1062,92,0,0,10035,158,75
2016,157,92,8,72,4003,7,6
2023,949,72,0,0,2971,158,67
2021,1062,57,1,85,4372,157,75
2019,1062,61,0,9,4882,49,75
2023,592,54,0,9,1215,157,75
2022,1079,61,0,0,5207,158,75
2021,599,31,0,0,5201,158,75
2021,718,39,0,0,1140,150,67
2023,592,54,0,9,9175,69,75
2021,1062,62,0,9,3754,158,75
2021,1062,62,6,72,10825,158,75
2023,1062,57,0,72,10439,151,75
2022,1062,89,0,85,9984,112,75
2021,1062,52,0,9,2832,131,75
2022,1062,54,0,9,6906,158,75
2023,233,32,0,0,8449,69,75
2022,112,48,4,72,8235,123,75
2016,124,92,4,75,4491,33,65
2019,1062,62,0,0,1264,156,75
2022,1062,52,0,9,3265,155,75
2021,1062,62,8,42,11773,158,75
2023,1062,52,0,85,3466,158,75
2023,840,49,1,0,9438,138,75
2022,1062,92,0,0,8605,158,75
2023,347,60,0,0,2653,153,75
2023,784,33,0,0,9540,158,75
2023,289,49,0,0,11728,108,61
2021,1062,62,0,9,8127,158,75
2023,1062,59,1,85,652,141,75
2023,1126,62,0,0,6878,158,60
2022,990,40,5,85,6910,101,53
2021,799,61,4,35,11820,158,68
2021,1062,56,5,85,1647,75,75
2023,1062,56,7,85,10908,157,75
2023,937,62,4,85,7713,94,75
2023,1062,61,8,85,10292,157,75
2015,1062,52,0,9,8314,8,75
2022,198,62,0,0,6710,158,75
2021,376,21,0,1,7516,158,60
2018,1062,76,0,0,6403,32,75
2020,642,31,1,85,10938,143,16
2021,806,35,0,0,9656,5,75
2021,1062,78,3,85,5981,157,75
2016,989,54,0,9,8701,158,77
2020,1062,61,0,0,2243,158,75
2021,1062,55,0,0,4282,157,75
2024,1062,52,0,9,6872,28,75
2022,1062,53,3,85,2889,158,75
2022,746,74,4,66,9802,154,60
2015,1062,51,8,72,913,158,75
2023,1062,84,6,85,3517,157,75
2020,1062,76,0,31,6887,157,75
2023,1062,62,0,85,6692,158,75
2020,1062,92,8,9,4764,71,75
2022,1069,55,7,85,10210,156,72
2022,1062,62,8,85,5851,158,75
2020,483,61,0,1,5563,158,60
2018,1006,81,3,20,4565,49,70
2022,726,92,4,69,6029,117,60
2016,1062,92,8,63,9964,158,75
2023,86,92,4,72,11079,12,75
2017,1062,45,0,55,1142,158,75
2018,1062,92,7,63,8748,103,75
2018,308,81,2,30,4539,99,48
2022,1061,64,0,85,8034,16,75
2021,354,48,2,46,4233,131,75
2023,558,52,4,85,10883,157,60
2022,1062,60,2,85,1977,114,75
2023,1062,47,1,85,4198,158,75
2016,112,92,4,63,8275,126,75
2023,592,54,0,0,9205,69,75
2022,1062,92,0,0,7771,158,75
2023,1062,52,0,85,6275,146,75
2022,1062,31,0,41,10424,61,75
2020,1062,38,2,13,1717,109,75
2021,957,51,3,85,6948,61,16
2023,255,34,0,6,7460,62,72
2020,945,63,6,65,10911,115,69
2019,1062,22,7,84,9463,123,75
2021,591,54,0,1,5867,104,75
2016,1062,81,2,73,4412,157,75
2023,1070,80,0,85,8408,156,72
2016,1062,62,8,9,2159,158,75
2020,1062,52,0,0,112,25,75
2015,738,52,4,63,1746,126,62
2022,1062,63,0,85,9087,80,75
2021,494,92,4,9,4379,116,56
2021,1062,61,0,85,4280,157,75
2022,1062,52,0,9,5035,158,75
2023,1062,50,0,85,7078,158,75
2023,1062,62,0,85,2046,158,75
2020,411,92,3,13,7320,158,60
2023,58,62,0,0,4326,109,60
2020,213,52,0,1,301,68,29
2020,967,94,4,17,9122,124,69
2016,1062,52,0,9,3060,61,75
2022,644,59,0,7,9332,139,75
2022,1062,92,0,85,9730,29,75
2014,883,70,8,72,306,61,27
2014,871,92,4,72,3022,158,78
2020,1062,92,8,9,9417,61,75
2016,883,52,7,55,5849,158,75
2021,1062,47,7,85,6522,46,75
2017,1062,54,0,9,5682,158,75
2015,128,92,4,65,10687,61,30
2016,200,82,4,63,1511,133,75
2021,821,51,0,0,6817,149,69
2016,518,81,8,72,9006,141,35
2022,1062,22,0,9,5290,49,75
2022,1062,62,0,42,11699,158,75
2022,726,52,4,69,5967,154,60
2016,135,92,4,72,4537,5,58
2021,1062,62,0,1,4598,158,75
2015,859,92,8,72,723,136,24
2023,1062,84,0,85,8999,86,75
2020,974,86,6,63,4525,153,72
2020,1062,61,8,64,1018,158,75
2023,1062,44,0,85,1069,158,75
2021,891,73,0,0,2597,158,66
2019,1062,72,0,9,3845,158,75
2022,1079,61,0,0,11743,158,75
2023,1062,56,8,9,4938,158,75
2022,203,32,0,0,2081,158,60
2022,1062,92,3,9,8678,158,75
2019,1062,92,8,63,10846,157,75
2023,614,53,4,85,9279,120,37
2019,911,52,0,61,11202,13,75
2023,828,61,8,0,10007,157,75
2022,923,54,0,0,7361,157,75
2023,1073,60,0,0,11437,158,72
2022,1062,67,0,85,1246,86,75
2021,943,44,7,85,6809,148,64
2016,1062,92,8,72,10369,154,75
2022,668,55,0,0,10815,140,75
2020,1062,54,0,9,7136,68,75
2021,1062,37,8,0,6762,39,75
2022,1079,49,0,0,11743,137,75
2023,180,22,4,9,4122,123,74
2019,1062,81,0,72,9029,158,75
2018,1062,71,0,9,4786,158,75
2015,346,81,4,72,10408,109,75
2023,233,54,0,0,8448,69,75
2016,841,53,6,47,8403,158,75
2017,1062,71,0,9,11283,158,75
2023,1062,51,3,41,1306,61,75
2023,657,72,0,1,9356,134,75
2018,1062,44,0,9,1930,157,75
2022,1062,60,7,85,6716,147,75
2022,1079,86,0,0,11743,139,75
2021,806,72,0,0,9656,148,75
2022,1062,48,4,85,8368,77,75
2022,1098,22,5,85,9397,117,63
2023,1062,61,0,9,9713,158,75
2016,742,51,8,72,6370,158,62
2020,1062,62,0,0,11702,25,75
2018,1062,51,1,9,862,158,75
2022,1062,52,0,9,815,80,75
2022,1062,58,0,85,5811,158,75
2024,506,54,4,85,1332,68,29
2022,777,62,4,69,9843,157,74
2017,742,51,0,72,7529,158,62
2014,657,92,4,72,4048,126,62
2015,1181,51,8,9,474,7,75
2017,1062,50,5,45,10984,120,75
2015,940,73,7,80,10020,132,65
2015,357,51,8,9,3219,151,75
2023,107,51,4,9,1547,68,75
2019,1028,60,7,0,420,158,74
2022,1062,62,8,41,5251,158,75
2020,980,52,0,23,6083,81,75
2023,726,99,4,63,9644,69,60
2020,1062,62,0,9,7888,158,75
2022,1062,54,0,0,4277,158,75
2021,1062,92,0,0,12026,158,75
2022,828,54,0,0,7798,52,75
2016,919,81,8,24,500,39,75
2023,1062,62,0,9,4186,158,75
2023,1079,61,0,0,10328,157,75
2015,1062,51,8,40,4644,157,75
2022,1062,52,1,85,6706,43,75
2019,1062,54,8,13,8303,158,75
2021,1062,61,0,0,11797,158,75
2021,1062,58,0,1,7498,121,75
2022,1062,34,0,8,1289,158,75
2023,601,47,0,0,5565,25,75
2021,1062,92,0,6,5120,16,75
2022,1062,38,1,85,3258,136,75
2020,1062,61,0,0,7903,158,75
2016,1062,52,8,63,3913,157,75
2019,1062,62,8,24,10560,158,75
2019,1062,92,0,0,8878,158,75
2023,412,51,3,0,747,154,60
2022,1079,48,0,0,11743,158,75
2023,1133,92,0,9,8639,158,60
2022,1019,53,0,0,244,132,72
2023,376,55,0,1,8459,84,75
2019,1062,62,8,42,4851,158,75
2021,1062,44,6,85,2024,58,75
2020,742,71,8,72,9398,158,62
2017,452,53,7,3,11168,150,60
2023,1062,61,0,9,3800,158,75
2023,1062,92,8,85,8758,73,75
2023,1062,52,0,9,6412,158,75
2023,1062,92,0,85,10471,158,75
2023,58,61,0,0,8163,158,60
2023,620,86,0,1,9239,88,75
2022,1079,44,0,0,11743,69,75
2023,58,66,0,0,8295,89,60
2022,203,42,0,0,2081,148,60
2022,753,68,0,85,10531,150,75
2021,806,90,0,0,9656,157,75
2022,697,92,5,85,8906,74,44
2022,826,79,0,0,6814,97,75
2018,1062,71,8,63,2098,158,75
2023,757,56,5,85,7954,132,49
2022,1062,60,3,85,5257,107,75
2020,1062,61,0,13,7063,158,75
2022,1062,36,0,85,3436,158,75
2021,1062,32,0,85,152,53,75
2021,1062,92,3,24,9851,101,75
2023,847,92,0,0,9699,37,75
2022,1062,55,0,85,3266,158,75
2019,1062,92,0,0,1524,158,75
2016,792,66,7,69,9644,106,63
2014,263,55,8,72,10723,154,75
2023,725,62,0,9,10911,158,75
2023,1062,73,3,85,7728,157,75
2022,1062,86,6,85,8915,139,75
2022,309,46,0,0,3044,107,60
2023,1045,89,7,85,8916,22,75
2023,869,59,0,58,7619,158,72
2019,1062,62,0,0,3852,158,75
2015,1062,44,8,9,1359,146,75
2022,1062,48,8,72,10343,158,75
2015,284,92,8,72,8672,158,75
2020,1062,54,0,0,4712,68,75
2023,926,62,5,85,7702,102,75
2019,689,52,0,1,979,152,75
2021,1006,51,0,1,5408,44,71
2019,1062,62,0,0,7837,158,75
2020,1062,81,0,9,331,158,75
2017,412,52,7,0,11174,154,60
2020,740,52,0,0,191,158,60
2019,1062,72,0,61,6259,158,75
2022,576,51,0,1,9145,118,75
2020,1062,61,0,9,2642,158,75
2024,1184,52,0,9,845,158,75
2022,1062,48,0,1,2013,16,75
2023,1062,73,3,85,9573,103,75
2022,1062,31,1,41,6977,49,75
2022,1062,53,0,85,4489,158,75
2020,1062,81,0,9,8523,157,75
2016,934,74,0,8,6158,11,75
2021,867,85,7,82,10981,53,73
2019,629,92,8,3,9130,72,36
2021,1062,74,6,28,7808,150,75
2023,826,62,0,0,2147,158,75
2023,772,34,0,0,9547,157,75
2020,807,43,0,0,1895,9,74
2021,1062,92,0,64,10333,45,75
2020,913,61,8,13,4682,157,75
2017,1062,62,0,0,2611,158,75
2018,1062,52,0,9,1795,21,75
2023,1062,92,8,85,940,151,75
2014,85,51,4,72,1180,68,33
2019,1062,62,8,42,11411,158,75
2023,348,61,0,0,5628,158,75
2023,1133,21,0,9,3596,8,60
2020,1062,52,0,1,9751,123,75
2022,892,68,6,85,7736,139,67
2018,1062,51,0,42,1526,157,75
2019,1062,92,0,13,6963,126,75
2015,173,92,4,9,1899,102,47
2023,1042,84,2,85,8531,142,61
2022,1062,50,1,86,10668,33,75
2023,1062,83,5,85,8945,127,75
2023,1062,50,8,85,2176,69,75
2014,1062,51,8,13,7973,45,75
2020,691,92,3,42,513,155,38
2022,1055,77,4,85,8525,113,76
2023,910,92,4,41,4120,158,75
2021,1062,56,0,0,6795,158,75
2016,866,51,5,52,6345,158,70
2015,1062,51,8,9,10588,158,75
2016,1062,52,8,9,3960,68,75
2022,1032,63,0,0,2682,104,74
2015,1081,51,8,63,5850,158,78
2021,993,87,0,85,7606,152,69
2014,1062,99,0,61,11450,158,75
2016,135,92,4,72,4537,5,58
2015,19,62,8,9,74,158,75
2022,240,54,0,0,2079,58,61
2021,1062,51,8,9,6324,155,75
2021,1062,61,0,63,269,158,75
2023,1062,61,8,85,2894,158,75
2018,1062,85,0,51,4798,158,75
2023,795,46,0,6,9613,156,75
2023,515,22,7,85,9373,158,29
2021,1062,73,0,85,4950,122,75
2018,1062,51,7,63,5327,92,75
2023,506,32,0,0,4312,74,75
2022,147,51,4,69,1584,154,60
2015,737,71,8,9,6325,69,75
2023,252,61,0,9,9142,158,60
2017,412,50,7,0,11174,154,60
2022,558,92,4,63,9123,157,60
2017,1062,55,3,9,952,158,75
2022,174,62,0,0,2531,158,75
2022,1062,65,2,85,8439,61,75
2022,295,49,0,0,5297,121,68
2014,1062,81,0,9,11665,158,75
2022,1062,52,0,9,1808,143,75
2024,233,31,0,7,7433,45,75
2023,319,47,0,0,1981,90,60
2022,1062,57,5,85,11481,114,75
2022,1054,79,4,85,8838,115,76
2021,1062,52,0,85,8042,23,75
2023,784,48,0,9,9600,158,75
2022,868,92,0,41,5877,61,75
2023,764,77,2,85,9198,60,49
2023,1133,61,0,9,11584,158,60
2020,586,48,0,0,5206,157,75
2022,763,64,4,69,9800,154,60
2022,1062,82,2,85,8330,112,75
2020,913,61,8,13,4686,25,75
2020,1062,44,0,42,7426,143,75
2022,1079,23,0,0,11743,158,75
2022,1062,65,0,85,10593,125,75
2020,742,71,8,72,9032,158,62
2022,473,32,0,0,4742,158,60
2022,590,51,0,0,5119,49,60
2023,58,62,0,0,4282,158,60
2022,726,49,4,69,6001,117,60
2023,1062,98,2,8,9851,128,75
2022,648,22,4,69,5549,158,60
2021,1062,48,0,6,5586,156,75
2017,1062,81,8,72,2274,158,75
2021,1062,44,7,85,6491,49,75
2020,1062,68,7,63,11305,158,75
2016,1062,81,0,9,1701,158,75
2017,691,55,0,0,898,71,38
2022,1062,52,8,85,6688,73,75
2022,577,54,0,1,4372,8,75
2022,862,41,0,0,7629,148,75
2021,1062,49,5,85,3851,157,75
2023,1062,88,0,85,2358,151,75
2022,1108,89,0,0,2672,153,60
2023,726,57,0,0,8738,158,75
2017,1062,51,8,63,8892,158,75
2021,1062,51,4,85,4077,157,75
2021,1062,54,8,9,6998,158,75
2021,1062,60,1,14,10333,158,75
2022,558,92,4,63,7332,158,60
2019,1062,92,3,42,9008,61,75
2019,1062,71,0,0,10385,158,75
2021,599,33,0,0,5201,158,75
2018,1062,48,8,9,6312,25,75
2015,1062,51,0,9,4224,16,75
2021,306,54,0,0,4567,158,68
2023,1062,61,0,9,2720,158,75
2021,775,88,0,0,9657,28,73
2021,1089,81,0,1,7586,158,60
2021,1081,37,0,1,4497,124,64
2022,1062,99,3,41,11493,154,75
2022,1062,81,0,9,3940,158,75
2023,233,33,0,0,5376,158,75
2022,801,51,5,85,7496,132,64
2015,112,51,4,72,1406,158,75
2022,726,56,4,69,6056,117,60
2021,611,79,0,0,5282,157,75
2019,634,29,5,63,4907,157,77
2020,1062,44,0,42,7141,158,75
2022,1059,61,0,85,6621,105,74
2024,332,71,0,85,3257,158,75
2020,1062,31,0,1,4127,61,75
2023,1062,31,0,9,3456,69,75
2021,1062,78,2,85,6434,60,75
2015,1062,81,3,42,9319,93,75
2023,1104,92,3,86,7106,63,16
2016,1062,51,4,72,11361,68,75
2021,1062,82,6,85,9650,121,75
2022,1062,61,0,85,6101,158,75
2023,726,99,4,63,9644,69,60
2020,535,83,0,3,9077,158,66
2017,412,44,7,0,11174,154,60
2022,1062,52,0,85,3363,157,75
2020,1062,52,8,42,5323,158,75
2023,810,62,0,1,2184,158,75
2019,1062,92,0,13,11113,8,75
2022,445,21,4,9,1400,38,75
2024,1062,92,0,7,11165,122,75
2022,604,68,0,0,2345,97,67
2015,1062,51,8,9,5039,158,75
2022,280,31,4,72,7321,154,60
2023,1062,89,0,85,8315,156,75
2023,1063,51,0,0,11237,157,75
2022,1062,61,0,7,2339,158,75
2019,1062,44,0,42,5274,158,75
2017,1062,54,0,9,5663,158,75
2022,1062,62,0,9,2920,158,75
2014,946,81,8,72,10779,158,75
2023,148,92,4,69,4912,74,60
2022,1062,99,0,9,10533,69,75
2022,1062,52,0,85,10491,125,75
2021,1062,74,0,85,7104,99,75
2015,1062,44,8,9,1488,157,75
2023,622,51,0,0,9289,69,75
2023,1046,92,2,85,8509,154,64
2015,100,81,4,63,571,25,78
2015,1062,92,3,9,11191,158,75
2023,1133,51,0,0,11469,158,60
2023,1062,61,0,41,2317,157,75
2022,1062,31,0,0,11929,158,75
2022,147,56,4,69,1585,80,60
2020,362,54,0,1,4305,103,75
2023,412,51,3,0,747,154,60
2020,1062,55,0,6,2061,32,75
2022,1062,49,5,85,8356,60,75
2023,893,44,4,5,10455,123,75
2023,1062,81,8,85,8929,155,75
2022,1062,35,0,85,6553,158,75
2023,1062,80,0,85,7542,136,75
2021,439,48,0,0,9323,122,62
2022,1062,90,2,85,5355,33,75
2021,1062,52,8,85,5538,157,75
2020,1062,52,0,9,7706,63,75
2023,505,32,0,0,8350,158,75
2020,532,81,0,72,10072,61,75
2022,1062,54,0,9,5649,157,75
2018,1062,61,1,9,2501,8,75
2021,1062,79,6,85,1864,13,75
2021,1062,39,4,85,1740,21,75
2023,486,61,0,0,8984,158,75
2023,1062,65,1,85,9307,36,75
2021,1106,62,0,1,3808,126,75
2021,994,75,0,0,10159,158,75
2021,850,61,0,0,5907,158,75
2018,1062,92,1,9,862,74,75
2023,820,56,0,9,9270,47,75
2022,1062,54,0,85,10182,113,75
2023,514,44,4,84,10632,68,29
2016,101,61,8,72,1534,158,75
2019,1062,61,0,0,4835,158,75
2020,1062,54,0,40,11858,72,75
2021,1062,52,0,9,3229,158,75
2021,1062,61,6,85,7913,146,75
2017,1153,51,0,9,12043,61,75
2019,774,52,4,9,8489,67,34
2021,1062,51,0,63,11807,25,75
2021,1062,61,4,85,8274,122,75
2023,594,61,0,6,9203,146,75
2022,1062,53,0,86,11053,21,75
2023,1062,62,0,9,3312,158,75
2019,822,82,0,0,8199,62,71
2022,1097,30,5,85,10279,154,64
2023,1062,52,0,52,1940,155,75
2023,1062,62,0,9,2417,158,75
2020,1062,51,0,9,330,158,75
2023,809,27,0,0,9739,146,75
2023,1062,72,0,85,8891,158,75
2019,1062,61,8,85,5238,158,75
2022,1062,92,0,85,8357,158,75
2022,1062,61,0,85,8029,156,75
2016,1062,44,0,42,4227,103,75
2023,680,86,0,0,8470,158,75
2022,1062,75,8,85,8534,115,75
2017,1062,71,0,0,6812,158,75
2022,763,78,4,69,9770,154,60
2023,1062,92,0,0,9059,8,75
2018,1062,22,8,9,6774,158,75
2018,1062,62,0,9,2053,158,75
2023,592,62,0,0,9217,158,75
2015,713,51,8,9,5806,26,75
2015,107,92,8,72,10623,55,75
2018,1062,82,8,65,9791,157,75
2020,60,92,3,13,7166,116,16
2023,515,22,7,0,7177,65,29
2021,1062,48,0,9,6650,86,75
2022,1067,57,0,0,2444,158,73
2015,1062,51,8,9,5070,158,75
2023,691,54,0,9,10556,41,38
2022,1062,68,1,85,11262,39,75
2022,445,21,4,9,6353,162,75
2023,1062,51,0,52,2604,158,75
2022,1062,65,0,85,11563,136,75
2014,535,39,4,68,10099,100,73
2022,853,64,0,3,8729,116,75
2022,727,48,2,85,10944,9,48
2022,726,48,4,69,6017,86,60
2022,1004,59,0,55,7414,158,71
2021,1062,53,3,85,7840,145,75
2023,726,36,4,69,6026,117,60
2016,135,92,4,72,4537,5,58
2014,950,92,8,72,196,158,78
2022,1062,54,0,63,10665,158,75
2021,772,56,0,0,10501,44,75
2022,1079,52,0,0,11743,81,75
2023,1062,72,0,85,9647,77,75
2015,642,92,6,68,8171,102,4
2022,1103,22,4,85,9526,130,62
2022,1062,75,3,85,11056,158,75
2022,1062,53,5,85,9037,38,75
2022,1062,51,0,85,6705,35,75
2023,484,62,0,9,8987,158,75
2021,1062,42,8,85,6224,158,75
2022,1062,51,8,0,6912,154,75
2017,1062,72,0,9,4072,77,75
2015,1062,53,8,9,1357,100,75
2022,1062,53,0,85,3711,157,75
2023,1062,62,0,85,10183,69,75
2021,1062,57,0,85,10316,29,75
2023,1117,68,0,1,3485,158,63
2020,1062,81,8,42,10377,135,75
2022,1062,87,6,85,548,139,75
2016,412,81,7,13,3888,158,60
2018,1062,21,8,0,1373,69,75
2016,1062,81,3,9,7532,123,75
2021,889,87,0,0,10325,156,75
2023,1062,51,0,63,8299,158,75
2022,1079,61,0,0,10305,49,75
2021,1062,85,0,85,4223,90,75
2021,1062,62,0,9,5845,158,75
2014,1062,81,2,9,8827,158,75
2022,1062,83,6,85,9515,157,75
2022,1062,67,2,85,2149,117,75
2019,1062,92,3,9,8680,35,75
2022,607,32,0,0,2074,69,75
2021,1062,62,0,1,11843,158,75
2016,1062,81,8,63,5638,158,75
2019,944,52,0,40,6875,129,67
2018,1062,62,0,9,3337,158,75
2023,1079,61,0,0,10330,157,75
2020,505,53,0,1,2503,60,62
2023,753,92,0,0,10482,158,75
2018,922,81,3,13,3775,49,60
2021,1062,55,0,85,5800,158,75
2019,112,92,4,28,4516,69,75
2022,1062,62,0,9,7746,158,75
2023,1079,61,0,0,10319,157,75
2024,1160,31,0,85,1071,116,75
2017,1062,81,0,0,2688,158,75
2023,1062,61,0,85,9218,57,75
2022,726,51,4,69,5926,56,60
2021,1075,92,2,36,11050,129,67
2017,1062,52,0,22,1063,157,75
2022,1062,61,0,85,6486,109,75
2019,1081,66,0,0,3147,56,75
2021,1062,51,0,9,11487,45,75
2021,1062,74,0,85,4016,121,75
2021,1062,49,4,85,1379,157,75
2021,925,26,0,0,1441,132,66
2022,857,56,0,0,10567,69,75
2022,1062,40,8,85,2429,110,75
2021,1062,51,0,0,11365,157,75
2021,1062,62,0,1,8505,158,75
2020,1067,54,7,42,10575,155,77
2022,1062,29,1,85,2622,57,75
2022,203,31,0,0,2081,49,60
2016,157,92,8,72,4003,7,6
2021,59,44,0,9,11730,131,75
2022,859,65,0,0,8962,138,75
2021,1062,62,8,85,5813,120,75
2018,1062,81,3,9,4275,158,75
2022,412,48,0,0,9332,132,60
2017,1062,54,0,9,4230,158,75
2021,1062,64,4,85,5747,158,75
2016,1062,61,8,63,2206,157,75
2023,726,52,4,63,9775,154,60
2021,1062,38,0,85,410,50,75
2021,1062,56,0,9,30,45,75
2020,728,62,0,3,5638,105,66
2016,742,52,8,63,3923,158,62
2018,1062,92,0,42,45,158,75
2015,691,92,3,42,820,77,38
2018,1013,62,0,9,4253,158,75
2020,1062,51,0,13,3282,158,75
2023,843,56,0,4,9765,131,75
2020,1062,92,0,0,8543,26,75
2023,1085,52,0,5,2926,158,69
2022,1062,61,0,85,11917,158,75
2022,1062,83,8,85,380,158,75
2022,691,99,3,85,7075,69,38
2020,771,60,6,0,10708,68,75
2021,1062,56,0,0,6578,158,75
2022,1062,51,7,85,6720,63,75
2022,806,87,0,0,9656,158,75
2020,714,54,0,0,787,45,75
2018,1062,63,0,0,5560,158,75
2015,1062,56,8,9,1186,158,75
2018,1062,81,3,9,7246,158,75
2024,1062,62,0,9,2696,158,75
2023,1062,76,8,85,3995,158,75
2020,913,61,8,13,4672,139,75
2018,1062,44,0,9,5431,28,75
2022,726,92,4,69,6027,117,60
2022,619,76,0,0,9252,89,75
2021,1062,73,8,85,827,157,75
2021,1062,57,0,1,9410,149,75
2014,1062,99,0,9,2884,158,75
2023,1062,61,0,9,5536,158,75
2024,1062,56,0,0,10152,157,75
2020,1062,48,0,26,967,49,75
2020,1062,92,8,9,9383,69,75
2023,1062,57,6,85,2903,155,75
2022,766,51,4,85,4690,63,29
2022,1062,32,0,85,6556,158,75
2017,1062,52,0,42,5619,155,75
2020,1062,81,0,72,927,158,75
2023,1062,52,0,9,4333,158,75
2019,969,92,4,72,4828,109,52
2021,812,79,0,1,5809,149,72
2022,806,62,0,0,4604,8,75
2022,1049,54,0,1,8314,28,75
2020,1062,61,8,9,5206,158,75
2022,1062,67,8,85,1450,105,75
2022,1062,58,4,85,1738,88,75
2022,1062,62,0,9,10947,158,75
2022,908,45,0,0,7282,37,75
2022,1062,58,0,85,2113,127,75
2021,188,92,4,37,2008,15,8
2023,1062,43,8,85,8367,76,75
2021,1062,92,5,85,8816,58,75
2021,1062,52,8,85,5518,157,75
2017,1062,62,0,9,8915,8,75
2022,1079,45,0,0,11743,85,75
2019,1062,62,0,0,5791,158,75
2023,827,72,0,4,1002,110,75
2022,618,80,4,35,7940,155,75
2022,1062,84,0,85,6923,25,75
2021,311,57,0,0,3334,153,75
2017,1062,44,0,72,1257,158,75
2023,331,51,0,0,10619,146,75
2017,412,51,7,0,11174,154,60
2022,763,51,4,69,9787,154,60
2014,331,51,8,72,2938,154,73
2022,1062,89,0,8,6339,146,75
2014,1062,51,8,63,7723,158,75
2022,1062,32,7,85,2232,152,75
2020,778,92,4,63,7528,52,71
2014,485,92,8,9,4325,137,75
2020,1062,62,8,13,10274,158,75
2021,885,59,0,0,9751,83,62
2015,1062,81,0,61,10561,158,75
2020,1062,99,0,0,4643,46,75
2023,1133,61,0,0,8625,158,60
2023,623,56,0,7,9198,99,75
2022,1062,87,0,85,10233,158,75
2020,1062,62,8,70,9646,158,75
2022,463,31,4,69,10191,123,74
2022,58,88,0,0,8168,157,60
2023,975,76,7,85,9264,155,72
2023,920,61,0,3,9035,158,66
2021,1062,70,5,85,7995,138,75
2019,290,79,3,28,2784,142,67
2022,1062,92,8,0,6243,6,75
2022,984,81,3,41,1775,146,69
2017,1062,92,3,42,193,158,75
2016,1062,52,0,9,3060,61,75
2021,1062,92,1,85,8978,137,75
2016,1062,81,8,61,192,158,75
2023,1062,62,8,59,1276,158,75
2023,555,22,4,9,4916,163,75
2022,1084,48,0,0,7986,157,70
2020,1062,51,8,85,1279,157,75
2019,1062,51,0,9,11094,123,75
2020,1063,96,7,25,3389,75,73
2014,1062,99,0,9,1441,158,75
2022,1062,86,6,85,8847,105,75
2023,791,56,0,0,1210,158,69
2019,432,71,8,9,3809,158,75
2020,1062,62,0,0,2158,158,75
2022,203,43,0,0,1913,49,60
2018,1044,68,1,14,7543,158,60
2014,1062,22,8,9,3315,9,75
2020,1062,31,0,1,7078,71,75
2022,1062,48,0,9,1265,158,75
2023,1062,61,1,85,7805,158,75
2021,1062,92,0,37,10456,158,75
2022,1062,33,0,85,2412,84,75
2023,1003,52,8,9,9961,154,60
2022,726,92,4,69,5920,117,60
2022,1062,31,0,0,11931,158,75
2023,558,62,4,63,3175,103,60
2021,1062,51,8,85,1625,157,75
2022,1026,31,6,85,5322,87,64
2022,1062,63,0,85,11289,127,75
2021,1062,48,8,85,1801,64,75
2021,186,44,0,0,1940,49,75
2022,1062,40,3,85,3202,156,75
2014,1062,51,8,63,6827,123,75
2023,1062,92,8,85,9500,107,75
2022,1079,31,0,0,11743,158,75
2022,689,52,4,9,4455,123,74
2023,1062,53,8,85,8840,110,75
2023,726,92,4,69,5990,35,60
2020,428,51,7,72,3787,117,8
2023,979,51,6,85,8763,155,75
2022,619,59,4,85,8947,88,37
2020,1062,24,0,83,3975,157,75
2022,1062,38,6,85,6872,52,75
2022,1062,94,0,85,9702,95,75
2022,1062,55,0,85,2668,157,75
2021,1062,48,2,85,6584,58,75
2016,1062,44,0,9,2916,65,75
2020,1062,61,8,0,4964,25,75
2015,112,81,8,72,4442,155,75
2022,1079,54,0,0,11743,49,75
2022,1062,91,3,85,5458,27,75
2017,1062,92,8,72,1705,6,75
2020,1062,60,1,13,2390,157,75
2021,1062,52,5,85,10661,143,75
2019,1062,54,0,9,10123,158,75
2021,1062,52,0,9,7885,158,75
2023,1062,32,0,85,2666,58,75
2019,1062,61,0,0,7900,158,75
2022,1062,52,3,41,8782,75,75
2019,1062,52,0,61,7046,109,75
2022,1050,87,6,85,10291,107,77
2022,1062,70,0,85,7117,158,75
2022,1062,90,0,85,10366,158,75
2023,1062,42,0,9,6727,27,75
2022,853,63,0,0,6899,158,75
2023,1004,51,4,9,10022,62,75
2015,1062,52,8,63,10724,44,75
2022,806,31,0,0,9656,158,75
2022,538,54,0,85,10610,126,75
2022,1062,62,0,9,2590,158,75
2019,1062,81,8,9,6166,155,75
2023,1062,73,4,85,285,148,75
2023,592,52,0,9,9185,28,75
2014,112,92,4,63,4483,68,75
2017,1062,92,0,0,9509,158,75
2022,1062,52,0,85,277,131,75
2022,1062,61,0,9,6253,158,75
2019,1062,61,0,64,9235,158,75
2018,1062,31,0,9,10149,157,75
2014,618,64,4,72,10501,114,57
2019,1062,68,2,43,7789,96,75
2021,526,34,0,1,6996,136,65
2022,1062,48,0,42,11424,157,75
2015,1062,42,0,9,10700,16,75
2015,1081,59,8,65,4982,92,75
2022,1062,49,0,85,2031,157,75
2022,726,47,4,69,5968,80,60
2017,280,59,4,65,1372,153,75
2022,203,58,0,0,2081,157,60
2020,899,52,4,72,3568,130,63
2023,845,61,0,9,9703,157,75
2022,1062,89,7,85,5666,158,75
2019,385,92,3,42,3700,154,60
2022,473,48,0,0,8963,56,60
2018,1062,72,0,61,1918,158,75
2023,203,31,0,9,5381,49,60
2022,806,37,0,0,9656,122,75
2019,1062,31,0,65,2093,158,75
2022,1062,64,0,85,9371,156,75
2020,690,70,0,0,11069,158,75
2019,1100,92,1,30,5227,158,75
2021,1062,43,0,2,5391,157,75
2018,1062,50,7,57,3883,149,75
2016,545,92,8,9,4988,140,75
2021,844,54,0,1,4806,158,61
2019,1062,51,0,0,1337,158,75
2022,1062,51,0,41,2513,28,75
2020,812,63,1,1,2466,158,75
2020,400,62,8,9,3725,158,75
2022,760,34,1,85,9292,126,75
2023,438,24,0,0,3429,128,64
2022,1062,61,0,41,2470,158,75
2023,1062,92,0,0,2091,158,75
2014,1062,51,4,72,1539,44,75
2023,842,71,0,4,9128,91,75
2023,1062,24,8,85,6577,35,75
2015,373,85,4,70,4161,10,77
2016,977,92,8,72,8056,158,2
2022,726,48,4,69,6015,86,60
2022,992,87,0,0,6120,158,65
2023,1062,61,6,85,9084,62,75
2023,1062,78,0,85,10331,116,75
2022,1062,58,0,0,4355,158,75
2023,1062,67,8,85,9234,69,75
2016,756,48,4,33,3770,112,52
2022,193,62,0,0,1122,158,75
2019,1062,62,0,0,4171,158,75
2014,200,81,4,72,1328,109,52
2021,1062,67,4,85,1273,157,75
2023,1062,64,0,85,7892,112,75
2023,1062,84,5,85,9427,155,75
2022,1062,92,1,85,10192,121,75
2018,1062,81,0,42,7727,157,75
2021,1062,50,8,85,2280,60,75
2022,1062,66,6,85,5662,43,75
2014,775,46,7,70,4527,139,69
2022,112,52,4,72,656,123,75
2021,1062,59,2,85,5917,158,75
2022,1062,92,8,69,10183,154,75
2023,13,54,0,0,8143,21,75
2021,1062,55,8,85,11689,134,75
2022,1062,34,3,85,2442,32,75
2020,1062,62,8,9,6411,158,75
2023,1062,89,8,85,2536,152,75
2021,814,54,0,1,7170,158,60
2022,726,52,4,66,5842,82,60
2022,1062,22,0,85,3744,158,75
2017,869,81,3,1,5879,158,60
2020,814,52,0,0,1948,27,60
2020,1062,61,0,13,7061,158,75
2020,676,82,0,1,4055,158,68
2022,1062,88,3,85,5579,39,75
2022,1062,61,0,85,2769,157,75
2021,591,61,0,46,8001,158,75
2020,1067,81,4,18,8444,114,75
2021,1062,57,4,85,8292,16,75
2023,1064,90,0,0,2788,35,74
2023,1062,52,0,85,803,158,75
2016,385,99,3,9,7959,140,60
2023,1062,62,8,41,1768,158,75
2022,1062,62,0,0,8093,158,75
2022,726,53,4,69,5988,117,60
2016,1062,54,0,9,6317,158,75
2022,980,83,0,85,7530,149,71
2022,1062,52,4,69,7313,123,75
2020,742,81,8,72,10078,158,62
2019,1062,92,8,13,7036,154,75
2022,1062,65,0,85,758,158,75
2022,1062,31,8,0,7411,21,75
2023,100,60,0,0,7854,155,75
2016,1062,51,8,42,5058,63,75
2015,363,81,4,28,6360,155,78
2021,1062,92,2,85,9314,16,75
2023,497,78,4,85,9012,111,27
2018,929,63,0,0,790,146,61
2022,1062,51,0,41,535,158,75
2020,734,71,0,1,5466,158,75
2023,1062,51,4,70,9574,158,75
2023,622,44,0,0,9288,69,75
2024,315,31,0,9,3174,103,75
2018,1062,71,0,9,1049,28,75
2019,644,61,3,13,2510,158,16
2019,1062,52,0,64,11392,158,75
2021,1062,46,4,56,3471,119,75
2020,1062,57,3,24,7818,158,75
2015,1000,88,8,72,496,158,22
2022,1062,51,0,85,6705,25,75
2014,956,44,5,72,9647,125,62
2022,1062,52,5,85,9150,42,75
2015,1019,76,5,67,4277,158,38
2023,1062,91,8,85,8896,24,75
2023,84,61,0,0,7864,158,75
2023,1062,60,0,85,8954,156,75
2020,970,46,6,85,8991,69,75
2020,1089,62,0,1,1089,158,60
2022,1062,52,0,0,11936,158,75
2021,320,51,0,0,11464,158,60
2017,691,51,0,0,898,126,38
2022,552,51,0,9,4894,69,75
2015,107,92,4,72,10871,158,75
2022,1062,81,5,85,3842,158,75
2016,112,92,4,63,4536,158,75
2020,902,54,0,9,7571,68,75
2023,562,62,0,0,9130,158,75
2020,1062,52,0,0,6226,108,75
2021,1062,31,3,85,2903,108,75
2022,1062,92,0,85,9149,21,75
2021,1062,79,0,0,5065,85,75
2020,1062,48,8,9,7968,39,75
2019,1062,92,0,9,5336,158,75
2019,1062,44,0,42,5215,131,75
2020,1062,61,8,83,10566,158,75
2016,1062,61,0,9,610,158,75
2022,763,31,4,69,9814,154,60
2024,1139,54,0,54,905,8,75
2021,1062,92,0,85,7296,29,75
2022,1062,67,6,54,11943,158,75
2014,1062,81,0,72,1503,158,75
2019,1062,61,8,54,3957,28,75
2022,1062,65,1,85,4087,158,75
2023,1062,52,0,41,8923,155,75
2022,856,92,4,63,7531,158,60
2021,1013,51,0,85,10673,110,75
2018,1062,92,1,9,862,158,75
2023,889,57,0,5,7876,158,68
2015,1062,51,8,63,11803,140,75
2017,742,71,8,72,6374,158,62
2022,726,48,4,69,5958,117,60
2023,894,55,0,0,9004,128,75
2020,1062,92,3,9,2507,143,75
2023,1062,63,4,85,7805,157,75
2022,1062,61,0,85,2837,157,75
2015,1062,81,8,72,8047,158,75
2023,1062,82,8,85,8923,131,75
2022,849,62,0,7,5868,158,75
2023,666,53,3,85,10563,124,63
2015,322,56,8,72,2939,157,77
2022,777,52,4,69,6593,154,74
2024,1062,31,0,72,10734,77,75
2014,1062,44,0,9,7388,158,75
2016,222,46,4,85,2045,12,9
2022,276,23,0,0,3108,157,75
2022,763,71,4,69,9783,154,60
2015,631,92,4,72,403,93,44
2023,743,55,0,9,3944,39,73
2023,405,42,0,0,8787,69,67
2021,710,28,0,0,8117,124,71
2017,1062,92,8,9,918,156,75
2022,1062,62,0,9,1218,158,75
2018,1062,48,0,0,10679,136,75
2024,1062,71,0,85,9921,58,75
2016,1062,62,8,13,5460,158,75
2020,490,52,0,24,288,158,60
2023,494,59,0,0,9043,158,70
2023,1062,92,6,85,3036,157,75
2015,360,51,8,9,3239,158,75
2019,969,92,4,72,4828,109,52
2021,1062,78,0,85,7602,92,75
2022,1062,48,6,85,8421,157,75
2020,1062,62,0,9,6140,158,75
2022,473,78,4,69,4231,123,74
2023,1062,61,4,85,8945,137,75
2020,1062,52,8,63,6169,92,75
2022,1062,54,0,0,8305,27,75
2021,1062,92,3,85,2014,16,75
2022,1062,62,5,85,6100,61,75
2016,224,35,2,39,4167,44,21
2021,1071,61,0,38,11558,145,75
2023,1062,61,0,0,3622,158,75
2021,1062,64,8,85,600,158,75
2023,273,55,6,1,474,126,61
2014,1062,61,8,9,4508,61,75
2022,1088,61,0,0,973,149,60
2024,1062,92,4,63,7263,123,75
2021,1062,92,8,0,2145,158,75
2020,795,94,0,0,3442,150,61
2022,1062,52,0,41,4233,158,75
2020,1062,87,1,0,2158,158,75
2023,1062,62,8,9,11867,158,75
2021,1062,61,0,1,5463,158,75
2017,1062,92,0,9,6135,158,75
2023,1062,91,8,85,8898,29,75
2020,688,92,0,16,7784,91,75
2023,289,61,0,0,9303,60,75
2022,1062,63,0,85,6710,158,75
2022,1062,62,0,0,3093,158,75
2022,1062,55,0,85,9609,104,75
2021,1062,61,0,1,7770,157,75
2021,1062,45,2,85,10053,148,75
2022,1062,67,1,85,1165,158,75
2023,1062,62,0,9,2386,158,75
2017,1062,61,1,9,6915,131,75
2015,63,44,3,13,11759,28,81
2021,739,58,0,85,10718,66,75
2023,1062,22,0,85,11885,158,75
2023,1133,61,0,9,9956,158,60
2023,1062,78,1,85,7837,131,75
2016,1062,86,4,75,4818,138,75
2023,1062,62,0,85,5824,158,75
2021,1062,75,2,66,11017,137,75
2021,1062,61,0,0,6848,157,75
2015,1062,51,4,63,3944,98,75
2017,1062,61,0,9,8043,158,75
2023,1062,87,0,85,8492,156,75
2020,624,74,0,0,6357,23,68
2020,778,92,4,63,7528,52,71
2023,1062,79,2,85,8859,97,75
2022,99,62,0,0,9331,27,75
2024,412,51,7,85,9771,154,60
2020,1062,62,0,9,3532,158,75
2022,816,52,8,0,10554,123,78
2023,1062,53,0,85,1136,146,75
2020,1066,91,6,0,4732,76,72
2022,1054,51,4,72,8994,123,74
2021,278,51,0,63,772,155,75
2022,1062,62,0,41,1799,158,75
2021,1055,51,6,84,9417,109,74
2020,1062,62,0,9,5369,158,75
2023,815,74,1,85,9070,96,54
2017,1062,81,2,9,638,157,75
2022,806,88,0,6,1852,14,75
2021,758,62,0,1,6901,158,75
2022,592,40,0,0,9228,69,75
2021,1062,52,7,85,9408,109,75
2021,1062,46,2,85,2594,157,75
2023,752,54,0,7,9521,46,75
2020,371,62,0,0,8771,156,73
2017,350,58,5,26,4757,94,45
2017,1062,51,0,9,305,28,75
2023,1062,74,3,85,9191,139,75
2023,554,51,1,25,9296,115,71
2021,1062,81,0,85,4489,102,75
2023,1062,22,1,85,7621,40,75
2015,712,51,8,72,11194,89,7
2022,428,92,3,42,3836,117,8
2016,597,92,4,9,485,158,75
2022,1062,30,0,85,7149,148,75
2022,203,54,0,0,2081,157,60
2014,1062,22,8,9,773,71,75
2018,1062,81,2,9,8832,158,75
2014,346,52,8,72,10785,152,75
2020,1062,29,8,85,1817,157,75
2022,1102,92,4,69,11981,157,60
2021,1062,92,0,65,8489,53,75
2014,131,52,4,63,1557,107,51
2022,667,85,1,63,1338,117,71
2022,1062,56,7,85,1139,23,75
2021,1062,51,4,9,11334,158,75
2020,1062,81,8,9,7002,140,75
2014,988,78,5,69,9412,85,70
2022,96,22,4,84,8214,68,29
2023,497,89,4,85,9012,111,27
2023,252,45,0,9,2589,135,60
2019,1062,92,8,21,11602,69,75
2015,1062,62,8,9,7519,158,75
2016,670,61,4,72,156,112,54
2023,1062,77,0,85,7680,158,75
2020,607,62,0,1,9272,158,75
2021,1062,46,4,85,11135,83,75
2014,834,92,8,9,527,104,49
2021,182,42,0,0,1936,126,75
2023,1062,54,8,85,7633,69,75
2015,1062,56,8,9,7366,158,75
2020,1062,54,8,9,10565,158,75
2022,354,62,2,17,8453,88,41
2022,1062,92,4,63,9896,133,75
2020,714,99,0,1,7001,126,75
2019,1062,48,0,0,6690,25,75
2022,1075,60,0,0,2568,158,72
2022,1062,62,0,0,6180,158,75
2020,428,51,7,72,3787,117,8
2023,1133,54,0,0,6404,158,60
2021,1062,92,3,85,9530,157,75
2022,1062,25,0,85,2288,100,75
2022,1062,52,0,9,2105,158,75
2022,1089,31,0,1,4841,157,60
2022,747,35,0,85,9582,131,75
2022,1062,62,0,9,11690,158,75
2023,1062,54,0,9,12081,158,75
2014,1062,22,0,72,2201,157,75
2022,1062,56,0,0,737,158,75
2022,1062,61,0,6,5198,158,75
2022,1062,92,4,63,7547,143,75
2023,1006,77,0,0,11438,157,75
2022,1056,64,3,86,10742,63,76
2022,691,99,3,87,7075,21,38
2019,629,34,6,85,3275,35,41
2023,516,61,7,0,9061,68,29
2022,855,51,0,85,7274,158,75
2021,1062,51,8,85,5583,157,75
2019,743,54,7,28,581,123,60
2020,741,26,0,0,2269,76,75
2017,1062,81,2,9,5525,158,75
2020,866,54,0,1,214,157,75
2020,1062,92,0,64,8563,158,75
2021,1062,44,0,9,3604,158,75
2022,1062,52,0,85,3201,158,75
2022,572,92,4,0,8328,89,67
2022,145,48,2,5,1760,103,69
2022,1062,52,1,28,4322,119,75
2021,945,38,0,10,3519,128,75
2014,840,92,4,72,10668,151,71
2021,1062,92,6,85,8780,40,75
2022,1062,62,0,9,3426,158,75
2021,1062,56,3,85,1896,101,75
2021,691,92,3,42,7761,77,38
2022,1062,92,5,85,3739,131,75
2022,1062,61,0,9,5179,158,75
2020,1091,42,0,1,11909,158,75
2023,705,41,0,0,2085,115,75
2015,714,88,7,63,5635,129,63
2022,1062,31,0,9,8133,158,75
2018,109,92,8,9,8230,69,34
2021,1062,49,6,85,680,153,75
2023,1062,61,8,85,834,158,75
2022,492,56,4,69,4365,123,74
2023,1054,89,0,85,8077,156,72
2020,903,62,0,1,5704,158,60
2021,1062,72,3,85,6920,34,75
2023,458,39,0,0,8906,69,75
2022,1062,35,2,85,2130,126,75
2022,1062,51,0,0,5202,158,75
2022,203,23,0,0,2081,49,60
2024,1062,92,3,9,10107,158,75
2020,1060,98,0,0,2022,44,74
2016,1062,51,0,9,3065,49,75
2021,1047,48,0,0,6824,158,75
2020,747,30,6,1,6748,157,60
2017,404,44,0,0,3607,61,27
2021,602,65,0,45,7859,116,75
2021,753,31,0,0,6228,158,75
2021,985,60,0,0,8052,142,75
2015,112,51,8,63,8282,155,75
2022,777,92,4,69,6591,154,74
2018,1062,62,0,9,1990,158,75
2022,1062,62,0,0,8224,45,75
2021,1062,61,0,85,5926,151,75
2015,112,92,4,63,11046,71,75
2020,607,31,0,1,5385,155,75
2021,1062,61,8,63,10225,157,75
2022,763,71,4,69,9813,154,60
2018,1062,81,0,42,8841,158,75
2023,1062,53,0,85,6284,158,75
2022,466,62,0,1,11210,158,60
2022,691,51,3,54,9089,71,38
2019,1062,61,0,0,6105,158,75
2023,1133,62,0,9,10104,158,60
2021,445,54,0,4,1968,94,75
2014,1062,62,8,9,11409,158,75
2023,1062,79,8,85,8094,155,75
2021,1106,62,0,1,2615,158,75
2023,605,57,0,0,9235,117,75
2018,569,81,4,72,3401,95,44
2021,137,58,0,0,1014,145,57
2022,1062,92,0,41,11842,158,75
2023,592,37,0,2,9115,70,75
2021,1062,51,0,1,10538,158,75
2023,998,49,0,62,11308,50,75
2021,1062,62,0,1,6351,158,75
2022,1062,92,0,85,1904,30,75
2022,1062,89,0,63,10355,120,75
2020,1062,62,1,13,8804,158,75
2023,1062,62,0,41,7810,158,75
2016,112,92,4,63,4536,158,75
2021,901,58,0,0,6525,140,69
2022,936,75,6,69,10370,154,68
2023,657,78,5,85,8374,132,48
2023,1062,71,0,9,4599,158,75
2023,1062,90,8,85,8898,31,75
2022,923,31,0,0,9902,45,75
2014,953,90,4,72,9989,127,68
2015,138,92,4,72,235,39,22
2022,1062,92,0,41,2148,158,75
2016,411,81,8,9,10520,158,60
2020,1062,54,0,0,3494,54,75
2023,661,39,0,85,9232,126,68
2022,412,52,7,0,658,154,60
2017,1062,51,0,9,589,135,75
2023,1062,86,3,0,10154,158,75
2021,1062,69,0,0,3790,158,75
2021,1062,61,5,85,8117,132,75
2022,1062,62,0,42,3320,158,75
2023,1062,92,0,41,9074,69,75
2023,1062,71,2,85,2437,158,75
2019,1062,92,8,0,8983,59,75
2023,671,56,0,5,1178,158,65
2023,592,61,0,9,9194,69,75
2019,1062,31,0,0,1438,25,75
2016,185,48,3,85,1870,10,6
2016,1062,61,2,28,4562,157,75
2019,118,78,4,28,4483,69,56
2022,1062,61,8,85,3956,80,75
2022,1062,56,3,85,3171,101,75
2023,1062,62,8,9,7188,158,75
2015,1062,62,0,9,5857,158,75
2023,1062,52,0,9,2644,158,75
2022,621,27,0,7,9234,77,75
2023,1062,61,8,85,950,158,75
2022,1062,71,0,41,5234,157,75
2017,647,52,7,13,3490,77,16
2021,490,92,0,0,8670,158,60
2022,203,53,0,0,2081,45,60
2021,1062,61,8,0,299,68,75
2023,506,57,0,3,5398,158,75
2023,634,53,4,85,9323,122,38
2022,281,34,0,0,8719,90,66
2022,726,56,4,69,6058,117,60
2023,270,52,0,0,8148,37,60
2017,1062,72,0,61,10581,158,75
2019,1000,84,2,49,4687,125,59
2023,1062,59,2,85,3439,158,75
2019,1076,62,8,63,273,104,78
2023,228,55,0,0,8442,67,74
2022,763,92,4,69,9823,154,60
2022,203,54,0,0,2081,96,60
2022,276,54,0,0,3108,126,75
2021,1062,51,0,85,6712,26,75
2019,1062,92,7,9,6200,158,75
2019,1062,92,0,0,7226,158,75
2020,1062,58,8,85,8801,66,75
2020,1062,61,8,72,10291,116,75
2022,1016,56,0,41,11294,86,75
2022,585,52,4,69,130,107,60
2017,983,51,0,25,1675,154,75
2021,1062,62,0,9,5854,158,75
2020,1062,51,8,9,519,158,75
2023,1062,92,8,9,9501,107,75
2018,1062,44,0,72,8037,158,75
2019,1062,48,8,9,5477,158,75
2016,444,98,7,3,11181,148,57
2018,1033,61,0,66,766,148,72
2023,1062,58,0,85,2900,146,75
2018,1062,52,0,9,11133,93,75
2024,1062,31,0,85,1981,49,75
2022,763,92,4,69,9805,154,60
2021,1062,62,0,0,1226,158,75
2024,1062,54,0,42,4781,71,75
2018,691,92,3,42,6104,77,38
2023,685,36,0,0,11941,158,75
2021,1062,71,3,85,6909,35,75
2016,1062,51,8,63,7614,131,75
2020,1062,81,8,63,11438,157,75
2023,1133,52,0,9,7798,158,60
2023,1133,61,0,9,10212,158,60
2016,1062,92,0,9,8547,158,75
2020,1062,55,0,0,10272,110,75
2022,897,80,6,85,10037,119,63
2023,1133,52,0,0,2745,158,60
2022,1049,91,8,85,10437,123,77
2022,1062,45,0,86,10828,34,75
2022,923,50,0,0,7361,156,75
2023,1062,92,8,85,8662,112,75
2022,1062,35,8,85,4184,143,75
2022,58,54,0,0,970,158,60
2022,806,38,0,0,9656,158,75
2016,1062,48,8,68,3058,139,75
2021,599,31,0,0,5201,158,75
2023,1054,44,6,85,8427,55,70
2023,828,23,8,0,9085,69,75
2023,1062,31,0,85,8954,158,75
2021,1062,54,5,85,11253,103,75
2021,1062,33,8,85,3581,102,75
2021,1062,52,8,0,2835,41,75
2023,1062,54,0,0,4969,158,75
2022,1062,86,0,85,6994,25,75
2020,1062,61,3,25,10372,158,75
2023,1133,52,0,9,11708,158,60
2020,1062,62,0,0,6506,158,75
2018,61,92,3,9,835,96,16
2022,1062,89,3,85,5520,33,75
2023,58,53,0,0,8385,8,60
2024,1062,56,0,72,3615,158,75
2015,1062,52,8,45,7490,158,75
2022,147,42,4,69,1583,154,60
2021,852,51,0,85,2129,122,58
2022,1062,30,3,85,2219,69,75
2017,1062,62,0,9,3073,158,75
2022,1062,62,0,0,7459,158,75
2019,1062,52,0,42,640,158,75
2022,1062,92,6,85,4184,120,75
2021,1062,45,3,85,10280,146,75
2023,1062,61,8,9,9712,158,75
2020,1062,71,1,72,3975,83,75
2023,1055,41,0,85,7829,74,70
2016,1062,81,8,63,1051,148,75
2021,1062,62,0,42,11458,158,75
2023,1133,33,0,9,11798,49,60
2022,726,92,4,69,5924,117,60
2021,1062,94,0,0,8619,118,75
2023,1062,61,8,9,10257,158,75
2021,1062,70,8,85,5520,151,75
2018,159,51,8,63,6762,140,75
2022,1062,92,0,85,7211,25,75
2014,609,92,4,72,10731,123,75
2021,348,44,0,24,2348,24,60
2023,1062,84,1,85,3109,156,75
2020,1062,61,8,65,9731,49,75
2023,1062,52,8,41,3718,158,75
2020,1062,51,8,63,3185,16,75
2019,1062,52,0,63,9913,135,75
2023,726,92,4,63,649,69,60
2022,582,92,0,9,816,61,75
2023,995,44,4,63,10197,156,60
2023,1062,42,0,9,4774,71,75
2020,1084,77,4,14,10070,157,66
2022,1062,52,4,9,4474,123,75
2018,1062,44,0,42,11831,158,75
2023,1062,41,8,85,8376,88,75
2023,1062,61,0,0,5730,158,75
2021,1062,22,0,1,4417,158,75
2022,726,83,4,69,5983,83,60
2021,636,70,0,58,11832,158,64
2021,1062,75,8,85,756,157,75
2021,1062,62,8,85,2383,158,75
2015,569,61,8,9,456,77,75
2020,1062,54,8,1,11416,28,75
2021,841,87,3,67,6674,154,74
2014,1062,92,8,9,7267,25,75
2022,762,92,5,85,8872,62,49
2020,1088,60,0,1,10410,153,60
2024,1062,92,0,85,2356,157,75
2022,1062,51,0,0,5762,104,75
2023,824,60,7,0,9973,157,75
2016,1062,61,8,9,4415,158,75
2020,742,71,8,72,10094,158,62
2022,1062,61,0,85,2979,157,75
2020,814,31,0,9,2223,158,60
2020,1062,92,0,0,9626,158,75
2020,850,52,8,9,7217,158,75
2022,1062,51,7,0,8626,156,75
2018,1062,81,2,42,3146,158,75
2022,763,38,4,69,9795,137,60
2021,260,40,0,0,2512,129,66
2015,1062,52,0,42,7185,158,75
2021,1062,40,0,85,2403,56,75
2023,195,66,0,0,8364,119,71
2023,1062,62,0,9,4317,158,75
2022,877,65,0,3,8650,92,75
2019,1062,71,5,45,5019,68,75
2021,806,92,6,85,8849,54,53
2020,1062,52,0,9,11940,133,75
2019,1062,92,0,9,3621,49,75
2022,951,65,0,0,2738,110,73
2020,1062,62,0,9,7260,158,75
2022,1062,81,0,9,3940,158,75
2022,1062,62,0,3,6409,158,75
2020,1062,92,8,9,8423,157,75
2021,1062,38,0,85,2402,77,75
2022,506,51,4,85,9037,111,27
2023,1062,61,8,85,731,158,75
2020,248,61,0,5,8213,157,75
2019,1062,81,2,72,1185,157,75
2023,1062,83,6,85,3651,158,75
2016,678,81,4,72,501,158,75
2023,1062,90,0,85,8140,154,75
2023,1133,92,0,0,10121,158,60
2021,1062,69,0,59,2678,155,75
2022,1047,85,6,1,1035,154,75
2019,764,99,1,9,909,49,16
2022,1062,52,3,9,5636,154,75
2022,1062,51,0,9,7324,123,75
2016,1062,92,3,42,3578,109,75
2019,1062,52,8,9,9623,117,75
2018,1062,52,0,9,9742,123,75
2022,1062,69,1,85,9308,147,75
2017,691,22,0,0,898,136,38
2023,1062,59,1,85,7806,157,75
2022,1062,71,5,85,6738,158,75
2020,1062,92,8,9,11973,158,75
2020,607,31,0,25,2355,71,75
2020,1062,92,8,72,216,158,75
2023,962,61,0,0,161,111,75
2023,281,56,4,69,11861,68,75
2023,116,51,0,0,8479,69,61
2021,1062,69,8,85,5618,158,75
2023,1062,75,0,85,9463,80,75
2021,1062,48,0,9,5258,151,75
2023,1133,92,0,9,10569,158,60
2021,1062,50,2,0,7918,61,75
2022,1062,92,6,85,8934,93,75
2021,934,56,0,1,8634,157,75
2023,996,86,7,85,9153,35,73
2020,1062,62,0,9,6584,158,75
2021,1062,54,0,42,10168,158,75
2022,203,50,0,0,2081,148,60
2024,14,62,4,9,869,146,75
2021,1062,92,3,85,3779,108,75
2020,913,61,8,13,4680,157,75
2021,595,35,0,0,9225,87,75
2022,340,23,0,0,4861,157,75
2022,711,82,4,85,11177,113,76
2020,599,49,0,0,5201,158,75
2020,1062,61,0,9,5820,158,75
2017,794,74,7,70,9404,130,64
2022,869,92,3,41,7089,155,60
2023,1133,72,0,9,6816,158,60
2022,1062,61,0,0,284,158,75
2015,679,55,7,72,11231,104,23
2020,1062,54,0,0,2058,25,75
2021,1062,58,0,1,4712,158,75
2022,923,67,0,0,7361,158,75
2019,935,57,0,1,2315,158,67
2022,1062,52,0,41,1298,158,75
2023,391,58,0,4,8924,157,66
2022,1065,58,7,85,10252,156,73
2020,1062,62,0,9,9280,25,75
2020,1062,92,0,0,8569,158,75
2020,714,22,8,81,5760,25,75
2023,1062,54,8,9,3333,158,75
2023,1062,51,7,85,6852,75,75
2022,1062,40,0,0,4011,158,75
2022,203,54,0,0,2081,158,60
2022,1062,61,0,85,8937,156,75
2022,1062,58,0,85,5794,158,75
2024,1062,31,0,0,283,158,75
2020,1062,61,8,63,9034,61,75
2022,1062,74,3,85,8943,52,75
2017,1062,81,0,9,10558,69,75
2021,1062,61,8,14,212,157,75
2023,1062,69,2,85,8855,24,75
2015,162,53,7,59,8391,155,75
2015,1062,92,8,63,9117,158,75
2022,1062,53,1,85,4017,157,75
2023,1062,62,0,9,6500,158,75
2022,1062,48,0,63,5216,61,75
2014,398,86,3,65,229,158,74
2022,1017,83,0,13,4853,135,60
2018,1062,48,0,9,2372,8,75
2023,13,31,0,0,8150,158,75
2014,114,91,4,63,4483,68,75
2014,1062,92,8,13,10676,21,75
2021,1062,61,3,85,8430,111,75
2021,1062,61,8,85,9843,158,75
2021,1062,48,6,85,1055,157,75
2022,445,34,0,12,8980,138,72
2021,1062,56,5,63,4806,91,75
2020,1062,92,0,1,11000,158,75
2023,1062,51,0,41,11403,158,75
2016,1062,92,0,9,10171,158,75
2022,1062,80,3,85,8266,117,75
2018,380,52,1,12,4867,36,56
2016,597,92,4,9,485,158,75
2015,275,88,8,63,2841,76,75
2021,1062,64,0,85,5504,147,75
2016,411,92,3,9,9531,44,60
2021,1062,52,8,85,2264,157,75
2015,240,61,8,9,48,158,75
2021,182,54,0,1,8356,16,75
2017,691,51,0,0,898,123,38
2022,1102,92,4,69,11980,68,60
2021,1062,62,0,42,2383,158,75
2018,1062,54,1,9,592,158,75
2023,1062,81,0,85,7656,158,75
2022,1062,51,0,85,2036,157,75
2022,1062,55,0,1,5782,158,75
2022,1062,73,8,85,5739,158,75
2022,726,31,4,69,5960,117,60
2022,1062,26,0,85,6757,158,75
2022,1062,55,0,85,6126,158,75
2019,1062,52,0,42,6992,71,75
2015,1062,92,8,63,9138,123,75
2023,626,58,1,85,10560,148,75
2022,1062,69,0,85,1449,75,75
2023,599,61,0,0,10370,156,75
2022,763,92,4,69,9782,154,60
2021,619,64,0,11,3434,150,75
2024,1062,44,0,9,1294,158,75
2018,1062,90,8,63,9822,119,75
2022,726,52,4,69,5941,80,60
2022,1062,38,2,85,8423,156,75
2024,488,51,0,28,11240,87,75
2023,1062,63,0,85,279,158,75
2021,735,67,1,21,1501,69,75
2019,1062,49,0,0,5651,84,75
2022,1062,64,0,85,9051,158,75
2019,1062,31,0,0,1115,140,75
2016,134,81,8,9,236,140,57
2021,1062,92,0,37,9164,86,75
2021,1062,61,3,85,7795,144,75
2022,1062,62,0,41,5782,158,75
2020,1062,92,0,0,10019,158,75
2019,188,65,3,25,4709,74,38
2021,1062,61,4,85,11742,158,75
2023,548,56,0,0,8943,78,75
2017,1062,61,0,42,11900,158,75
2021,599,50,0,0,5201,158,75
2015,1062,44,8,9,1475,49,75
2021,1062,54,0,42,2455,158,75
2023,1062,35,7,85,2237,158,75
2016,112,92,4,63,8264,146,75
2023,1062,22,0,85,6878,158,75
2023,103,38,0,2,8378,101,60
2020,1062,58,5,72,1280,158,75
2022,1062,86,0,85,10039,45,75
2022,1062,62,0,0,4569,158,75
2021,1062,85,6,85,5919,134,75
2022,462,87,0,0,8538,83,68
2023,681,82,0,6,9397,158,70
2022,726,36,4,69,6029,117,60
2022,1079,62,0,0,11743,158,75
2023,1062,61,0,9,9296,158,75
2023,1079,61,0,0,10326,157,75
2022,1062,64,0,85,6233,158,75
2020,490,31,0,1,4954,158,60
2016,1062,72,0,61,2538,158,75
2019,1062,51,8,9,5367,155,75
2019,1062,62,0,0,6219,158,75
2020,1062,63,0,0,6922,148,75
2022,1062,92,0,85,7243,24,75
2022,1079,62,0,0,11743,45,75
2023,1062,52,4,85,9215,75,75
2021,1062,61,0,54,10227,158,75
2022,652,51,0,0,7654,126,73
2022,112,51,4,72,1618,123,75
2015,397,92,8,9,453,118,75
2023,558,48,4,63,11107,49,60
2022,1054,24,7,0,6165,108,75
2019,1062,92,0,40,10477,158,75
2020,632,81,8,9,217,157,75
2016,1105,51,0,19,2263,95,75
2016,748,92,3,42,11287,61,52
2021,410,31,0,0,9675,89,60
2015,1062,61,8,72,10253,158,75
2023,1062,56,0,9,7620,158,75
2014,447,92,4,72,1660,61,52
2024,1062,61,0,85,4859,158,75
2022,1079,61,0,0,11743,136,75
2022,642,92,3,85,7163,99,16
2021,1062,53,0,85,10579,98,75
2017,1062,52,0,73,11196,61,75
2020,639,54,0,1,6619,158,75
2020,989,87,1,16,8844,62,72
2016,271,92,8,72,186,63,75
2023,726,92,4,69,5936,35,60
2022,1062,51,8,1,11805,118,75
2020,1062,62,0,9,6396,158,75
2019,897,92,0,61,8559,135,75
2021,1062,46,6,85,3750,157,75
2022,1062,31,2,85,2495,96,75
2019,1062,62,0,9,7606,158,75
2016,325,54,8,9,6789,123,75
2021,356,99,3,85,6938,146,16
2015,1062,72,0,61,3494,158,75
2021,685,81,0,1,1437,68,75
2023,1062,52,0,85,3884,158,75
2021,571,48,8,9,2752,28,75
2014,112,92,8,63,4539,109,75
2016,691,31,3,9,7750,77,38
2020,902,54,0,9,350,158,75
2023,1062,79,8,85,2645,157,75
2021,1062,54,8,9,5814,158,75
2023,508,92,4,85,8218,9,31
2016,112,92,4,63,4536,158,75
2019,1066,61,1,10,10023,158,72
2023,252,61,0,9,9939,158,60
2015,1062,51,8,63,3393,158,75
2022,730,59,0,0,9373,147,75
2023,1062,68,8,85,8650,87,75
2022,58,54,0,1,7069,155,60
2022,1062,44,0,41,6966,155,75
2024,1062,92,3,72,7290,49,60
2022,1062,64,8,85,6472,98,75
2022,1062,48,8,9,6244,158,75
2022,58,61,0,9,3157,156,60
2023,728,62,0,0,5561,158,75
2022,1062,54,0,65,10745,158,75
2014,201,92,8,72,10518,109,52
2024,592,72,0,7,7405,158,75
2021,1062,38,0,85,189,76,75
2023,1062,92,0,85,9978,141,75
2022,473,62,0,1,8960,158,60
2021,1062,85,6,50,9522,158,75
2021,829,59,0,0,8191,158,71
2014,155,92,8,72,10777,109,52
2022,1062,73,3,85,6397,158,75
2022,1062,52,0,9,2994,155,75
2022,599,70,0,0,5196,158,75
2021,1062,45,0,85,2192,157,75
2016,727,92,8,72,11338,157,75
2023,937,58,0,1,7893,92,75
2017,1062,54,8,9,1692,17,75
2023,1062,48,6,85,7910,157,75
2017,411,81,7,9,10936,45,60
2023,1062,75,8,85,2500,109,75
2020,1062,81,7,0,6392,155,75
2015,99,54,7,72,576,45,44
2023,1133,52,0,9,2286,158,60
2022,1062,62,0,0,11482,158,75
2023,1062,65,0,85,7756,158,75
2020,678,48,0,1,7623,157,60
2023,1062,62,0,85,7758,158,75
2019,1062,52,8,9,2419,116,75
2018,1062,62,0,0,5533,158,75
2020,1062,61,0,9,10260,158,75
2022,901,47,1,32,5886,123,67
2020,1062,89,0,0,9453,158,75
2021,1062,52,0,42,203,158,75
2021,1084,50,0,1,4378,32,62
2021,1062,74,0,0,8047,126,75
2020,1062,52,8,9,2174,21,75
2021,1062,50,8,85,2620,140,75
2019,1062,92,7,63,10564,44,75
2021,1062,56,5,85,2405,81,75
2022,980,50,0,0,6507,158,75
2022,1062,68,8,85,9135,60,75
2021,1062,22,0,0,6802,8,75
2019,1062,71,8,63,5210,69,75
2020,1062,71,0,9,9647,158,75
2017,691,61,0,0,898,28,38
2016,1180,52,0,63,473,123,75
2016,116,92,4,63,10792,21,11
2016,742,81,8,72,538,158,62
2022,1062,54,3,85,2842,158,75
2023,1062,52,0,85,6499,155,75
2023,1062,51,0,0,11895,158,75
2021,1079,62,0,1,7804,136,75
2021,1062,49,8,85,1745,73,75
2022,1005,51,7,66,3455,150,75
2022,1062,61,0,85,9437,158,75
2023,691,22,3,9,7155,158,38
2021,1062,50,4,85,581,149,75
2022,1062,61,0,0,5325,158,75
2023,412,51,3,0,747,154,60
2023,1179,51,0,85,4563,158,75
2016,1055,86,7,72,9688,119,76
2023,1003,51,0,9,9154,52,75
2023,1062,92,0,0,8640,158,75
2023,847,92,0,0,8896,45,75
2022,454,52,4,9,426,68,75
2016,621,65,3,67,4397,86,75
2023,799,75,1,85,9067,97,52
2014,1038,67,7,14,11295,54,75
2023,857,53,6,85,8635,139,57
2022,153,90,3,60,8297,120,75
2023,148,48,4,63,10882,36,60
2019,1062,92,0,0,9458,158,75
2017,1097,81,4,18,11407,136,79
2023,1062,59,1,85,8976,72,75
2015,513,92,8,9,10348,158,29
2014,1062,81,8,9,11910,158,75
2020,788,92,2,66,677,62,66
2023,1062,89,7,85,2551,158,75
2020,746,22,7,61,2507,143,17
2023,85,62,0,0,8131,156,60
2021,1084,92,0,11,11050,133,62
2022,1062,51,8,69,3672,158,75
2022,1062,59,3,85,1813,105,75
2023,58,92,0,9,10907,158,60
2019,1062,61,0,42,7436,25,75
2022,1105,67,0,0,3025,158,65
2021,292,44,0,1,3108,157,75
2023,1062,77,0,85,7681,158,75
2023,1133,61,0,9,8635,158,60
2016,1062,31,0,42,2735,8,75
2020,1062,72,8,9,3564,102,75
2016,116,81,4,42,1633,21,11
2022,1091,39,0,0,11618,158,68
2023,726,31,4,69,6005,80,60
2019,1062,54,0,9,10534,123,75
2021,957,92,3,85,6949,61,16
2023,1062,51,0,9,10226,158,75
2020,1062,92,0,64,6888,157,75
2017,583,51,7,18,11336,154,63
2022,1062,48,0,85,12106,49,75
2022,1062,78,4,85,9431,112,75
2021,1062,57,5,85,7865,102,75
2018,1062,52,0,13,10509,41,75
2017,1062,52,0,9,5171,155,75
2021,1062,66,1,0,2380,158,75
2018,869,92,3,9,907,103,60
2022,1062,47,0,0,5249,158,75
2024,1062,52,0,0,11680,163,75
2022,1062,44,0,9,2552,158,75
2019,61,92,3,9,4657,63,16
2016,1062,54,0,9,4388,158,75
2022,1062,72,0,85,11177,140,75
2022,763,31,4,69,9812,154,60
2022,1062,62,0,41,2279,158,75
2023,412,51,3,0,747,154,60
2023,515,31,7,84,9051,158,29
2021,1062,54,0,85,5849,158,75
2022,1062,60,0,85,9577,150,75
2022,1093,22,5,85,9241,101,65
2015,1062,81,0,61,9100,158,75
2020,806,78,0,1,11830,158,75
2023,557,73,2,72,10540,50,75
2023,592,62,0,0,8288,158,75
2020,878,61,0,24,9354,158,69
2015,119,65,4,63,4536,84,65
2020,1076,70,0,1,3586,58,75
2014,136,92,4,72,10865,68,73
2016,1062,51,8,42,5312,158,75
2018,1062,52,0,63,5588,71,75
2022,806,52,0,0,9656,33,75
2016,1062,51,8,9,2950,103,75
2022,573,64,0,85,11258,82,75
2021,1062,61,0,85,7748,136,75
2022,726,43,4,69,5944,86,60
2020,1062,83,2,16,5239,74,75
2015,1062,62,0,9,10414,158,75
2018,894,85,5,72,5334,125,55
2021,907,61,5,48,7935,68,70
2022,1062,84,6,85,3804,158,75
2022,1062,66,4,85,2961,158,75
2023,1062,22,0,9,8662,6,75
2023,1062,59,4,85,8984,49,75
2023,1062,92,3,41,5584,94,75
2019,1062,70,1,67,11088,112,75
2022,1062,65,0,85,11090,150,75
2019,1034,71,8,72,2402,59,11
2018,792,74,4,15,1077,158,75
2020,1062,61,8,9,2263,158,75
2022,1062,52,0,85,11040,157,75
2021,1062,70,8,85,1268,112,75
2022,726,31,4,69,6061,86,60
2022,1062,33,6,85,8422,155,75
2022,1062,82,0,85,6861,25,75
2022,806,19,0,0,9656,25,75
2022,1062,69,0,16,600,106,75
2021,599,50,0,0,5201,158,75
2022,1062,92,4,69,11381,122,75
2020,936,62,0,1,5521,158,75
2021,1062,57,0,2,6824,158,75
2014,292,51,4,72,2870,154,74
2022,1062,29,6,85,4251,140,75
2023,1062,81,5,85,2498,158,75
2022,726,48,4,69,5989,41,60
2021,1062,61,0,85,4140,155,75
2022,1062,92,0,9,11839,158,75
2023,1062,51,0,9,5579,158,75
2015,1062,42,0,9,2727,158,75
2022,1062,51,5,85,8996,144,75
2023,433,52,0,41,6995,21,75
2015,1062,54,3,9,4878,123,75
2021,939,57,0,0,5405,119,75
2018,1062,81,8,0,3968,155,75
2016,1062,52,0,9,9946,137,75
2018,834,89,0,63,10554,125,59
2022,763,48,4,69,9829,154,60
2022,1062,52,0,42,6671,155,75
2022,1123,27,0,0,7808,157,62
2022,1062,92,0,85,10510,69,75
2018,1062,62,0,1,85,158,75
2020,1062,52,8,0,5259,25,75
2023,452,52,0,0,1978,69,67
2022,1079,46,0,0,11743,127,75
2021,1062,54,0,42,6760,158,75
2017,691,61,0,0,898,28,38
2023,1062,42,0,85,4376,158,75
2023,1062,83,6,85,2408,153,75
2020,1062,44,0,42,2343,25,75
2020,814,51,0,1,7077,158,60
2021,1062,62,0,42,6556,158,75
2022,1079,92,0,0,11743,51,75
2020,1062,72,1,23,10814,145,75
2020,359,61,0,1,8766,156,74
2021,1062,62,0,1,2338,25,75
2022,1037,31,0,0,1714,11,73
2023,502,51,0,9,872,158,75
2016,1062,51,8,9,788,158,75
2023,549,81,0,9,2951,158,75
2022,1062,61,0,85,9001,158,75
2019,1062,51,8,42,10412,69,75
2021,903,56,0,0,10046,157,65
2022,1062,78,8,85,1723,26,75
2023,54,54,4,9,10627,69,34
2015,534,78,5,63,11216,109,75
2017,1062,31,0,9,6913,158,75
2023,1062,81,5,85,9015,121,75
2016,122,92,4,76,4483,38,66
2021,1062,75,3,85,1824,19,75
2015,112,81,4,28,5439,146,75
2022,203,40,0,0,2081,45,60
2023,1062,54,0,85,11419,157,75
2022,1062,56,0,9,2025,158,75
2021,1062,71,8,85,11097,158,75
2016,1062,81,8,63,5638,158,75
2021,1062,61,1,85,11853,158,75
2016,1062,54,0,9,8044,158,75
2022,726,48,4,69,5989,41,60
2016,135,92,4,72,4537,5,58
2020,1062,44,0,9,10411,157,75
2021,1062,70,3,85,6079,82,75
2022,590,62,0,0,9923,45,60
2020,1086,61,0,0,5117,158,63
2019,1062,92,0,0,7226,158,75
2016,1062,62,8,9,2703,158,75
2022,973,79,3,85,7123,158,75
2019,1062,92,0,72,2658,158,75
2016,673,31,4,72,146,65,78
2023,590,65,0,3,1878,72,49
2023,593,33,0,0,9199,69,75
2024,903,51,0,9,11370,158,75
2017,412,92,7,0,11174,154,60
2019,1062,92,0,0,3595,158,75
2023,1062,82,5,85,284,153,75
2021,1079,66,6,85,9501,142,69
2021,1062,81,8,85,606,158,75
2021,1062,72,8,85,1130,121,75
2020,424,92,8,72,4005,45,78
2021,1062,52,8,63,5863,104,75
2023,1062,56,0,85,11171,158,75
2020,1045,97,0,1,11666,158,75
2021,1062,71,0,63,6959,155,75
2016,1062,54,8,9,10545,158,75
2022,558,62,4,85,6740,158,60
2022,1062,56,7,85,1227,34,75
2014,1165,48,8,72,1661,61,27
2016,157,92,4,72,1910,123,6
2017,906,93,1,0,10641,157,71
2022,806,37,0,0,9656,101,75
2023,1062,47,8,85,2111,69,75
2022,1062,51,7,63,10721,154,75
2022,1054,92,4,63,6987,123,74
2020,913,61,8,13,4667,157,75
2023,854,57,0,85,9856,151,75
2016,1062,48,0,9,11275,8,75
2021,1062,56,1,85,5565,158,75
2022,1062,35,6,85,4637,158,75
2021,1062,92,6,85,8863,110,75
2019,1062,58,6,56,7609,39,75
2021,1062,83,8,85,5931,158,75
2016,1062,51,8,42,11486,158,75
2023,784,54,0,9,9599,158,75
2023,592,61,0,0,9188,158,75
2014,447,31,8,72,9557,61,52
2022,1062,43,8,85,8631,46,75
2021,1062,64,2,85,4816,158,75
2018,1062,44,0,42,11787,157,75
2018,411,92,3,9,7487,69,60
2016,27,51,8,72,2178,158,75
2019,1062,21,8,63,4228,89,75
2019,1062,62,0,42,5482,158,75
2022,1062,92,0,85,7531,24,75
2023,1133,61,0,9,10344,158,60
2021,1062,22,0,84,5818,158,75
2018,1062,44,0,0,7342,136,75
2019,1061,62,0,1,2287,11,73
2019,1062,81,8,9,1882,8,75
2022,599,66,0,0,5201,65,75
2022,528,67,0,0,2121,157,60
2022,1062,92,0,85,7826,135,75
2023,636,25,0,0,9292,55,75
2018,1062,81,0,0,2657,158,75
2018,647,54,1,13,8176,158,16
2019,924,61,3,31,6436,157,69
2023,1133,53,0,0,4011,86,60
2016,157,92,8,72,4003,7,6
2022,985,90,7,85,10566,121,77
2018,1062,61,5,46,1885,158,75
2020,1062,62,8,9,4248,157,75
2020,1062,81,2,42,1858,8,75
2015,1062,44,0,9,5300,158,75
2022,1062,60,0,85,4053,158,75
2022,1062,53,5,85,9076,39,75
2022,112,92,4,63,8262,123,75
2018,983,63,6,24,10484,158,75
2021,608,29,0,1,7154,129,60
2023,1062,71,0,85,10282,97,75
2020,814,71,0,9,8928,49,60
2017,1062,92,0,9,9338,158,75
2022,1062,62,7,69,8897,157,75
2018,1062,70,4,32,8050,89,75
2023,725,32,0,0,9479,69,75
2019,1062,54,8,42,93,158,75
2023,1062,82,0,85,10497,145,75
2014,1062,51,8,63,4567,158,75
2022,1062,35,0,85,2384,95,75
2023,1062,62,0,85,3453,158,75
2022,1062,44,0,86,10958,22,75
2023,1062,56,0,41,7861,158,75
2023,1062,54,8,85,7906,157,75
2023,1062,74,3,85,8955,98,75
2022,203,31,0,0,2081,27,60
2022,112,52,4,9,4465,123,75
2021,1062,53,6,85,2232,62,75
2020,1062,92,8,9,10445,158,75
2023,1062,92,0,85,9966,141,75
2023,1062,52,0,41,5468,158,75
2018,989,53,0,1,2394,14,77
2021,1062,92,0,85,11250,158,75
2021,1062,26,0,85,2414,37,75
2014,351,73,4,72,101,50,21
2021,1079,61,0,1,6508,158,75
2016,851,92,8,72,11347,61,27
2022,638,60,0,0,9829,73,63
2021,1062,72,3,85,6926,34,75
2023,1062,55,8,85,6310,106,75
2023,1062,36,0,85,7641,67,75
2014,112,81,8,72,10744,157,75
2019,928,74,7,50,11383,156,71
2022,1079,22,6,85,8829,59,69
2022,203,43,0,0,2081,156,60
2023,621,62,0,0,8792,69,75
2022,1062,80,8,85,3174,158,75
2021,1062,61,0,85,4254,157,75
2021,1062,62,8,42,11786,158,75
2023,1062,92,4,72,8815,68,75
2022,1062,92,6,85,10852,129,75
2023,754,50,0,7,9529,146,75
2016,785,51,8,63,2102,158,75
2018,1062,61,0,9,8484,158,75
2021,1081,57,0,0,5158,136,71
2021,869,78,6,85,8815,43,58
2018,1062,52,0,9,2635,77,75
2021,902,54,8,9,516,158,75
2023,252,92,0,9,9001,158,60
2020,762,62,0,1,9711,137,63
2022,994,53,7,85,11634,149,75
2021,1062,53,0,85,9607,80,75
2022,1062,61,0,9,6554,146,75
2017,1062,62,0,0,11851,158,75
2023,1062,60,8,85,7879,157,75
2022,1062,55,0,85,3269,158,75
2021,180,54,0,0,2171,36,68
2022,726,60,4,67,5933,86,60
2020,814,62,0,1,7659,157,60
2014,1062,54,0,9,959,158,75
2022,1062,58,0,85,10360,81,75
2023,1062,62,0,0,5463,158,75
2022,1062,54,3,85,3177,99,75
2021,1062,57,5,85,4849,157,75
2020,683,77,6,69,9078,113,61
2021,1062,62,0,42,6468,158,75
2015,1062,72,0,61,7498,157,75
2022,1050,25,0,85,7481,55,71
2022,1062,29,6,85,4193,135,75
2016,1062,62,0,73,10584,157,75
2016,837,51,8,72,1317,21,11
2020,671,71,0,0,3557,158,64
2023,1062,48,8,85,2121,69,75
2014,953,92,4,72,9990,126,68
2023,1062,53,5,85,9331,119,75
2023,1062,79,3,85,7707,158,75
2020,1062,61,8,9,514,158,75
2022,726,92,4,69,5974,117,60
2017,869,92,3,9,895,107,60
2014,659,55,3,67,2164,158,75
2023,13,31,0,9,8147,69,75
2022,777,62,4,69,6592,154,74
2022,941,51,0,85,10208,83,75
2023,763,64,2,2,11319,139,74
2020,1062,31,0,9,3736,158,75
2023,1133,44,0,9,1282,158,60
2023,1062,86,3,85,7846,156,75
2023,725,37,0,0,9477,69,75
2023,1062,74,8,85,2365,124,75
2020,1062,54,8,0,3803,158,75
2017,1062,62,0,9,7221,158,75
2022,1062,77,0,85,10467,119,75
2023,1133,52,0,9,6518,158,60
2022,1062,75,0,85,8936,99,75
2021,583,51,3,9,5081,126,41
2022,1062,92,5,85,10453,158,75
2015,853,81,4,72,409,61,27
2021,320,44,0,0,1927,8,60
2014,676,70,8,72,9678,121,41
2022,147,42,4,69,1569,154,60
2017,1062,51,0,63,1856,8,75
2022,726,92,4,69,6063,64,60
2021,1062,60,1,85,2640,131,75
2021,855,27,0,1,7117,158,75
2018,1044,70,7,61,10935,71,74
2020,913,61,8,13,4673,139,75
2022,1102,31,4,69,11979,154,60
2023,1062,51,8,85,9453,104,75
2023,1133,45,0,9,5344,158,60
2023,1133,52,0,0,4757,158,60
2021,1062,56,8,85,11896,158,75
2019,1062,62,8,13,2453,158,75
2022,1062,61,0,85,9506,158,75
2016,1062,54,0,1,8830,158,75
2021,1062,54,3,85,4191,157,75
2019,1062,22,8,13,7736,135,75
2022,1091,57,0,0,2540,158,68
2023,726,52,4,63,10885,36,60
2016,236,54,0,9,3577,158,65
2020,1062,51,8,9,7656,158,75
2023,1133,52,0,0,11533,158,60
2021,1062,45,7,85,3727,157,75
2021,513,62,1,42,7124,68,29
2022,445,92,4,9,4517,27,75
2023,1062,62,0,85,2698,158,75
2015,867,77,8,78,7636,154,68
2021,842,43,2,0,8098,121,56
2021,1062,52,0,63,10951,158,75
2022,711,42,0,0,5951,157,75
2015,1062,81,8,9,9524,158,75
2016,1062,81,2,72,5043,158,75
2022,1062,31,0,9,3363,157,75
2016,1062,81,4,70,1958,157,75
2019,1062,62,0,0,6982,158,75
2022,1062,56,0,85,3981,158,75
2023,515,49,3,9,6981,68,29
2021,1062,91,8,85,10124,157,75
2022,1062,92,0,85,10457,153,75
2020,846,52,0,10,7459,158,61
2022,1062,62,0,0,3423,158,75
2020,651,53,4,0,1178,158,67
2022,1062,51,0,85,6180,158,75
2022,255,45,0,0,2081,55,60
2020,902,72,0,9,10830,131,75
2020,756,54,8,1,1302,68,75
2023,252,61,0,9,10231,158,60
2020,1062,61,8,72,564,158,75
2022,726,52,4,69,5939,80,60
2018,1062,62,0,0,5377,158,75
2024,1062,51,7,72,7317,154,60
2021,1062,47,5,85,1443,21,75
2023,413,52,2,0,7966,100,48
2020,1063,88,6,24,8672,106,75
2023,1062,84,0,85,8977,87,75
2023,411,92,3,41,587,154,60
2021,803,36,0,0,3056,158,75
2019,1062,54,0,0,991,136,75
2022,1062,54,0,0,11016,158,75
2017,1062,51,0,9,305,28,75
2021,1062,98,0,85,9392,69,75
2021,763,73,1,0,4439,11,67
2022,203,31,0,0,2081,9,60
2017,1062,71,0,9,2256,117,75
2022,1062,42,0,85,2397,91,75
2022,706,55,0,2,7772,90,75
2023,1062,23,8,85,6575,32,75
2020,1062,51,0,9,326,158,75
2022,937,74,4,85,7533,158,75
2023,1062,61,0,85,2954,157,75
2014,1062,92,0,9,65,158,75
2015,1062,71,8,63,6302,67,75
2020,607,54,0,1,10989,158,75
2020,1062,62,0,9,6170,158,75
2021,327,81,0,5,5541,104,62
2014,1062,81,8,9,11630,158,75
2021,1062,59,6,85,8907,15,75
2023,1062,90,0,85,2357,154,75
2022,1062,85,0,85,3716,158,75
2021,1062,68,0,85,1893,99,75
2021,1062,45,3,86,11109,73,75
2015,1062,44,0,9,5140,158,75
2022,1062,61,8,85,5575,157,75
2022,995,55,0,0,1782,141,73
2023,1017,59,0,6,8349,151,74
2021,1062,92,3,9,6947,158,75
2022,761,49,3,69,6000,24,61
2023,691,81,3,9,7145,123,38
2022,1062,60,8,85,10061,52,75
2014,1062,51,7,63,10936,153,75
2023,1062,83,8,85,3016,157,75
2019,1034,71,8,72,2402,122,11
2021,1062,61,0,85,4426,157,75
2021,1062,62,0,42,2769,158,75
2022,1062,56,0,85,3848,158,75
2015,1062,48,8,9,8365,158,75
2022,761,47,2,85,10947,10,51
2021,1062,92,1,85,9436,18,75
2022,1062,53,1,85,6708,56,75
2022,1062,32,2,85,2513,99,75
2022,674,71,0,0,10046,69,75
2019,1062,81,0,72,9028,158,75
2023,592,42,0,9,9172,69,75
2021,1062,61,0,1,2300,158,75
2016,551,33,4,70,1350,108,54
2022,456,31,4,69,1393,129,65
2020,1062,50,8,85,2206,56,75
2022,1062,61,8,85,5391,157,75
2017,629,66,4,0,10932,82,65
2023,1062,54,0,85,2626,158,75
2015,846,52,0,9,10666,140,23
2022,1062,72,0,61,8956,158,75
2023,1062,54,8,85,10258,138,75
2023,1082,62,1,85,8819,155,68
2017,1062,44,0,9,7461,157,75
2021,814,62,0,1,2176,21,60
2022,711,57,1,25,4387,124,58
2017,1062,31,0,9,5908,25,75
2023,1062,52,8,85,8379,96,75
2023,1050,58,5,85,8492,84,67
2019,969,92,4,72,4828,109,52
2022,1062,62,0,41,6205,158,75
2020,1062,92,0,0,10441,45,75
2016,1062,61,0,9,2663,158,75
2020,1062,61,8,63,9579,158,75
2022,763,71,4,69,9803,154,60
2022,1062,53,2,85,2712,158,75
2016,120,11,4,63,4495,133,19
2023,1062,54,8,85,5591,158,75
2022,1062,88,7,85,8900,108,75
2019,1062,51,8,9,3403,158,75
2023,558,92,4,63,10894,69,60
2022,1062,57,0,85,9587,128,75
2015,112,80,7,71,5469,155,75
2022,1062,74,3,85,9715,98,75
2024,1062,92,0,7,9389,136,75
2022,1062,22,0,85,2283,69,75
2022,1089,31,0,0,8660,49,60
2019,1062,92,8,9,9890,131,75
2019,1062,92,0,0,8546,158,75
2022,484,44,4,69,4307,123,74
2022,1127,51,0,0,3857,41,60
2019,1062,81,3,13,8760,39,75
2022,1079,61,0,0,11743,148,75
2022,1079,44,0,0,11742,157,75
2015,1062,61,8,72,10258,8,75
2017,1062,51,0,70,10409,61,75
2015,1062,61,0,1,10574,25,75
2022,1062,62,0,85,6324,118,75
2023,784,48,0,9,9610,158,75
2021,1062,76,5,1,10964,69,75
2022,558,22,4,69,4936,52,60
2022,923,29,0,0,7361,158,75
2021,1062,56,0,0,7808,158,75
2022,313,47,0,0,2149,158,60
2023,923,54,0,0,9899,45,75
2023,1062,42,8,85,8372,84,75
2022,1062,92,0,63,2450,158,75
2022,280,92,4,72,7322,154,60
2021,1062,51,0,9,3647,45,75
2014,1062,81,8,63,6280,28,75
2021,1062,61,0,85,10555,26,75
2020,1062,42,0,0,2982,76,75
2020,1089,61,0,1,6293,158,60
2023,1062,52,0,85,3420,158,75
2022,949,69,0,0,6569,158,68
2022,147,56,4,69,1591,122,60
2018,109,51,8,72,3981,69,34
2020,1062,62,0,9,2303,158,75
2022,826,92,0,0,6814,69,75
2018,1062,81,2,9,8831,157,75
2020,124,51,4,63,1552,151,26
2023,847,56,0,9,3879,21,75
2021,269,49,6,76,1991,28,14
2023,856,65,0,4,9132,106,75
2019,614,53,0,32,3112,157,75
2022,1079,60,0,0,11743,153,75
2020,908,92,3,42,7158,102,27
2022,1062,44,0,9,5652,158,75
2020,1062,31,8,0,1860,8,75
2020,939,61,0,0,9957,140,67
2022,1062,53,8,85,6730,73,75
2021,1062,62,0,9,8128,158,75
2021,1062,61,0,85,7460,158,75
2022,1062,48,4,72,11103,123,75
2022,1062,89,7,85,5915,158,75
2021,410,31,0,0,9675,143,60
2023,475,58,0,8,8960,150,75
2021,1062,62,8,85,6100,158,75
2023,1062,61,0,0,9490,158,75
2019,1062,52,0,9,3502,158,75
2020,1062,64,8,72,11115,158,75
2020,825,95,0,9,4828,141,60
2023,1062,52,0,9,5063,158,75
2022,1062,48,0,85,2980,158,75
2023,208,92,0,0,1070,69,60
2021,1062,60,6,53,10891,77,75
2023,1062,62,0,41,5671,158,75
2020,607,52,0,9,3962,30,75
2019,1062,34,0,0,3771,62,75
2019,969,92,4,72,4828,109,52
2022,726,50,4,69,5990,154,60
2022,1062,52,7,0,789,154,75
2016,1098,54,4,20,4124,124,61
2022,1062,52,0,85,10800,155,75
2021,1062,61,0,15,383,158,75
2022,1062,52,0,85,4608,157,75
2022,1062,68,0,85,1363,80,75
2022,940,60,0,0,5778,158,75
2022,1050,89,7,85,10413,126,77
2020,1062,22,0,0,9680,158,75
2022,726,52,4,69,5931,154,60
2020,1062,62,6,1,7474,158,75
2021,1062,69,8,85,8901,111,75
2023,1062,80,7,85,8940,151,75
2022,1062,64,0,85,2251,157,75
2023,1062,62,0,85,2377,158,75
2022,1062,81,3,85,5007,158,75
2023,1062,62,8,85,2616,158,75
2017,1062,51,0,9,306,28,75
2022,763,29,4,69,9783,154,60
2022,556,47,4,69,4911,156,60
2017,1062,76,5,63,10771,88,75
2015,953,51,8,9,10866,158,68
2018,1062,61,0,9,2643,158,75
2023,780,77,0,0,9605,74,75
2018,1062,61,0,9,6149,158,75
2023,1058,51,4,69,10607,123,74
2024,1062,62,0,9,11685,158,75
2021,1062,25,2,85,2365,59,75
2023,1062,54,0,41,7670,158,75
2022,211,52,7,0,644,68,29
2023,1062,62,8,85,9060,84,75
2023,90,52,0,0,8385,134,63
2023,804,49,2,85,9135,149,75
2021,896,71,0,9,11342,68,75
2022,1062,52,0,9,549,155,75
2021,410,51,0,0,9675,38,60
2022,331,48,0,0,6415,62,75
2017,1062,62,0,0,5974,158,75
2019,1062,56,3,29,2523,86,75
2021,1062,92,3,9,10140,157,75
2022,806,31,0,0,9656,8,75
2022,1062,48,0,85,1894,69,75
2019,1062,92,0,0,9852,158,75
2015,1161,92,8,71,11343,22,18
2017,1062,92,0,9,10837,25,75
2017,412,99,7,0,11174,45,60
2022,1062,23,0,85,2310,88,75
2021,1062,58,5,27,1169,43,75
2020,850,69,0,0,3493,158,62
2021,1062,70,8,85,5550,158,75
2021,490,92,0,6,9378,69,60
2022,1062,69,0,85,2462,157,75
2016,157,92,8,72,4003,7,6
2022,1062,52,0,42,5650,158,75
2019,1062,62,8,13,11695,158,75
2016,548,92,8,9,7520,61,27
2021,1062,61,0,0,8061,49,75
2021,1062,62,0,1,3175,69,75
2021,1062,51,0,9,11474,158,75
2016,545,92,8,9,4988,135,75
2023,718,54,2,85,9052,101,45
2021,764,51,3,37,6943,0,16
2022,788,70,0,0,9537,57,75
2022,726,79,4,69,6026,117,60
2023,930,82,7,85,9858,147,63
2023,592,31,0,0,2137,69,75
2020,1062,52,0,1,2689,158,75
2017,1062,61,0,0,7526,158,75
2015,264,51,8,9,11356,61,75
2023,1062,61,0,41,8182,158,75
2014,257,51,4,64,1626,113,54
2022,1062,44,0,9,11935,8,75
2017,1062,61,0,42,8810,158,75
2020,184,92,0,9,521,61,75
2022,1062,48,0,85,3368,157,75
2016,1062,51,0,9,1676,158,75
2021,278,51,0,63,772,155,75
2021,1062,51,8,85,2755,157,75
2022,1038,53,0,8,1011,155,73
2021,1062,52,0,85,8155,13,75
2020,428,51,7,72,3787,104,8
2020,1062,81,8,9,2546,155,75
2022,1057,72,7,85,10341,144,76
2017,1062,73,3,25,8051,158,75
2022,147,52,4,69,1568,154,60
2019,1062,92,0,9,1677,158,75
2023,552,37,0,9,9227,83,75
2022,1045,25,7,85,6645,42,70
2020,1062,61,0,9,6400,157,75
2018,411,81,3,9,983,158,60
2016,125,68,4,66,4510,23,33
2022,1062,33,8,85,2530,143,75
2020,1062,61,8,9,11601,116,75
2016,411,51,7,13,11193,157,60
2017,412,22,7,0,11174,154,60
2019,1062,80,7,71,5492,25,74
2022,1062,52,0,9,4610,158,75
2021,1062,92,4,85,9629,157,75
2014,1062,92,3,9,9423,25,75
2021,1062,87,6,85,8776,20,75
2022,1079,47,0,0,11743,97,75
2023,1133,92,0,0,9265,158,60
2022,203,31,0,0,2081,158,60
2023,1062,84,0,85,10377,134,75
2022,1062,61,0,85,8947,158,75
2015,1118,44,8,9,12050,28,75
2022,828,44,0,0,7584,135,75
2022,1062,73,4,85,3756,157,75
2023,1062,88,2,85,9892,156,75
2022,497,62,0,5,6337,158,55
2023,1062,46,8,85,7961,156,75
2022,599,52,0,0,5201,158,75
2022,1062,56,7,7,11401,158,75
2023,203,52,0,0,11333,158,60
2022,1062,90,0,0,7746,158,75
2020,770,61,0,1,3677,127,65
2018,411,92,3,13,7109,155,60
2021,775,48,0,0,3424,134,75
2021,1062,11,8,0,6699,25,75
2018,109,51,4,72,4012,158,34
2022,1062,58,0,85,2751,157,75
2022,1062,75,0,85,7313,128,75
2020,1062,92,8,72,222,158,75
2022,1062,68,0,85,10958,145,75
2023,1062,92,8,85,282,158,75
2021,1062,80,1,26,3168,122,75
2021,1062,66,0,0,8717,48,75
2017,1062,81,3,42,8765,155,75
2022,1062,81,2,85,6758,158,75
2023,1062,45,5,85,8256,58,75
2020,1062,51,8,72,4992,78,75
2023,1062,72,8,85,2487,99,75
2023,58,92,0,0,8392,158,60
2023,1133,54,0,0,9356,158,60
2019,382,72,0,61,3067,158,60
2023,1062,61,5,85,9237,102,75
2022,1062,68,0,85,6796,158,75
2022,147,42,4,69,1569,154,60
2021,1062,71,0,42,2316,157,75
2020,1062,31,8,9,5574,71,75
2018,1062,52,0,13,3909,158,75
2022,1062,33,0,85,6607,158,75
2017,1062,61,0,9,675,158,75
2021,1068,92,0,5,8786,54,71
2016,1062,54,0,9,3882,158,75
2023,1073,58,0,2,9954,121,75
2021,1062,76,6,85,813,157,75
2022,1110,22,4,85,9731,151,60
2015,1017,79,7,26,1624,158,75
2022,492,52,4,69,4343,123,74
2019,1095,51,3,9,7197,123,75
2021,1062,67,8,85,5771,158,75
2014,447,80,8,69,10474,123,58
2024,592,54,0,7,5291,45,75
2021,1062,92,6,85,9022,118,75
2021,1062,26,1,85,2250,21,75
2018,1062,92,0,0,11204,28,75
2020,433,61,0,3,7861,158,75
2022,1062,62,8,85,2431,158,75
2022,203,51,0,0,2081,158,60
2019,1062,72,0,61,2536,158,75
2015,1035,53,8,55,7899,153,75
2021,1062,69,4,85,10455,106,75
2020,1067,51,6,1,6267,48,75
2016,1062,52,0,9,6675,158,75
2023,1062,61,8,85,2429,69,75
2022,112,22,4,9,4448,123,75
2021,1062,62,0,9,5347,158,75
2017,1062,92,0,0,5396,158,75
2021,1062,61,0,85,4428,157,75
2022,1062,83,8,85,8720,158,75
2023,1133,92,0,9,9020,158,60
2022,1062,92,0,6,1214,128,75
2023,615,34,0,0,11931,158,75
2022,279,63,3,58,11223,68,68
2017,431,81,8,9,4734,69,75
2020,763,45,0,1,7116,157,60
2019,1062,61,0,0,2705,158,75
2016,1062,92,8,9,11441,158,75
2020,1062,32,8,85,2036,121,75
2018,1062,92,8,9,7206,158,75
2023,1062,54,0,85,6573,158,75
2022,592,52,0,0,9184,29,75
2022,1062,52,0,85,5249,153,75
2019,1062,61,0,0,6207,158,75
2023,54,54,4,41,10628,69,34
2015,364,61,8,72,3967,158,78
2021,1062,66,3,85,8863,64,75
2016,1062,81,8,63,5638,158,75
2021,1062,75,4,85,10577,157,75
2018,1062,61,0,9,11353,158,75
2020,421,53,0,0,8970,156,69
2023,497,51,4,85,9012,111,27
2019,1062,62,8,9,8686,158,75
2023,1062,52,6,85,6776,83,75
2023,1062,61,8,85,750,158,75
2023,524,75,0,5,5150,158,60
2023,1062,61,8,70,9716,158,75
2020,1062,52,8,9,3084,157,75
2019,670,96,0,3,6809,121,71
2022,1062,62,0,9,3129,158,75
2023,1062,85,6,85,3661,158,75
2020,714,92,0,1,1706,6,75
2021,888,46,0,0,10597,124,75
2022,1062,54,8,85,3733,158,75
2018,1062,81,4,72,11086,126,75
2019,1062,54,0,0,8106,158,75
2022,1062,32,0,85,6575,158,75
2018,1062,62,0,0,1769,158,75
2021,1062,44,0,86,10650,24,75
2021,1062,92,0,32,10066,158,75
2016,1062,54,0,0,5308,139,75
2021,869,54,3,9,7480,158,60
2022,502,90,4,85,8227,2,30
2015,1062,51,8,12,4827,158,75
2017,1062,61,0,9,9495,158,75
2014,157,81,4,72,1909,7,6
2015,1159,51,8,9,1529,61,75
2021,172,92,0,6,8310,8,60
2022,1062,61,0,0,2192,158,75
2022,939,54,3,85,7154,155,38
2022,112,52,4,9,1641,123,75
2022,1062,21,4,72,1424,162,75
2022,1062,52,0,85,4209,157,75
2023,1062,62,8,41,5141,158,75
2016,1062,51,8,63,5146,158,75
2017,1062,31,0,42,4983,158,75
2019,1062,44,0,9,6575,158,75
2022,782,70,0,85,10520,126,75
2024,1160,92,4,0,4435,116,56
2020,691,52,0,13,9150,155,38
2023,1062,81,0,85,3634,157,75
2015,199,54,8,9,2079,134,75
2023,1062,53,3,85,9106,62,75
2021,894,52,1,6,5717,136,75
2022,1062,81,0,72,10735,109,75
2019,1062,92,0,1,10449,158,75
2019,1062,92,0,9,1241,49,75
2023,889,72,0,0,8486,158,75
2022,1062,51,0,0,11181,8,75
2022,1062,92,6,85,9076,158,75
2017,1062,51,0,9,3574,25,75
2020,656,69,0,1,9031,158,75
2022,910,56,0,3,2958,102,75
2023,1062,62,0,85,10375,158,75
2021,1062,54,4,9,3979,68,75
2022,763,50,4,69,9746,154,60
2020,1062,61,0,64,1943,158,75
2022,1062,42,0,85,6392,158,75
2022,730,48,4,69,10776,140,60
2021,1062,56,3,85,2717,100,75
2022,1062,63,0,85,11167,151,75
2021,1062,54,8,85,1115,158,75
2022,1062,49,0,85,221,111,75
2021,1062,51,2,85,6223,129,75
2023,265,57,3,0,8348,69,42
2023,1062,92,4,72,8823,154,75
2023,835,57,1,85,9247,47,55
2022,1062,49,0,85,2275,157,75
2021,1062,57,1,85,7789,140,75
2020,742,71,8,72,10087,158,62
2022,940,50,4,66,7286,76,66
2015,759,63,4,68,8038,150,75
2022,974,92,6,67,9579,70,71
2020,1062,72,1,23,10814,145,75
2023,1062,92,8,85,8666,111,75
2015,977,61,8,72,10382,158,2
2021,356,92,3,85,6937,143,16
2015,1062,44,0,9,6582,158,75
2022,726,92,4,69,5932,157,60
2022,1062,94,5,85,8953,99,75
2020,1062,81,0,72,2933,139,75
2015,1062,61,1,42,8896,102,75
2023,218,27,0,3,8131,110,67
2015,511,92,8,9,4524,45,68
2016,1062,92,8,63,10982,126,75
2021,1062,62,0,0,4150,158,75
2021,1062,60,1,85,6306,128,75
2022,188,92,4,60,8350,15,8
2016,1062,61,0,9,11622,158,75
2022,1062,56,4,85,7932,107,75
2022,203,55,0,0,2081,157,60
2020,1062,92,8,9,8776,41,75
2020,1062,51,8,72,8102,158,75
2021,1062,51,6,85,1942,31,75
2021,821,51,0,0,738,68,75
2021,1062,61,0,0,3141,158,75
2023,1062,48,0,85,2811,112,75
2022,1062,90,8,85,10181,158,75
2022,1062,54,0,9,2952,158,75
2023,1062,31,0,9,11233,158,75
2015,1006,71,6,68,4191,158,27
2020,951,75,0,7,10055,110,75
2022,1062,53,0,75,5640,158,75
2014,892,93,4,51,11299,126,57
2022,1175,52,8,72,10388,154,11
2023,1062,22,3,85,7844,29,75
2023,1062,61,0,85,8795,38,75
2021,1062,51,0,54,12037,61,75
2023,214,61,0,9,8908,158,75
2021,1062,37,3,85,1832,21,75
2023,1062,61,0,85,2951,157,75
2019,1062,81,0,0,3446,158,75
2022,726,60,4,69,6039,84,60
2023,763,23,4,69,9792,154,60
2023,1062,54,8,85,317,158,75
2023,1062,54,0,9,5596,158,75
2014,1062,61,0,9,6538,158,75
2022,1062,58,0,85,554,157,75
2020,1062,92,8,42,10199,155,75
2015,1062,51,7,63,6291,28,75
2022,599,31,0,0,5201,158,75
2022,989,40,0,0,1768,24,75
2022,592,31,0,0,2077,69,75
2020,1089,99,0,0,3677,158,60
2022,1051,92,8,41,4609,158,75
2015,28,61,4,9,143,8,75
2022,1062,47,3,85,3268,158,75
2022,1062,87,2,85,5533,43,75
2021,1062,68,4,85,10519,108,75
2022,731,98,3,62,9635,68,60
2022,741,57,3,85,7355,126,61
2023,847,22,0,9,7641,134,75
2023,1086,64,2,0,2403,105,69
2019,1062,72,0,61,5387,158,75
2022,1002,37,5,85,5835,106,57
2019,1062,58,2,16,11610,141,75
2022,1058,69,2,85,7589,108,75
2016,742,71,8,72,9533,158,62
2022,1062,99,8,9,3828,155,75
2021,1062,55,6,65,10420,157,75
2022,500,31,0,9,6580,140,75
2021,1062,58,8,85,10814,83,75
2022,1062,51,4,85,2497,157,75
2021,599,31,0,0,5201,157,75
2020,1062,92,1,0,10180,38,75
2022,1010,56,0,37,11295,93,75
2020,803,62,0,1,7856,158,75
2022,1062,79,0,85,9817,158,75
2021,685,44,4,0,10178,106,75
2021,433,55,0,3,4570,62,66
2020,1062,62,0,9,8094,158,75
2022,726,22,4,69,5950,80,60
2023,1062,57,3,85,9149,137,75
2014,1062,62,8,9,5627,158,75
2023,1062,58,8,85,2372,69,75
2022,726,92,4,69,6029,117,60
2022,763,52,4,69,9787,154,60
2021,1062,52,0,85,9486,45,75
2023,1062,81,8,85,9424,158,75
2022,1052,92,5,85,9808,132,77
2016,968,69,3,66,11388,114,53
2019,1062,81,0,42,6519,158,75
2014,840,92,4,9,10668,151,71
2022,1062,54,0,0,5617,158,75
2020,1062,81,0,13,6306,158,75
2014,112,92,4,63,4484,68,75
2014,1062,72,0,61,3441,158,75
2019,771,80,3,13,3060,100,67
2014,1062,81,8,42,7215,158,75
2022,1062,59,1,85,9798,154,75
2022,821,22,0,0,3858,52,75
2017,1062,48,0,9,2110,158,75
2022,558,92,4,69,11668,69,60
2022,1062,69,0,85,11221,38,75
2023,1062,51,2,85,3587,158,75
2023,1062,31,8,85,3563,158,75
2021,758,61,0,6,2610,158,75
2022,1062,92,7,85,10090,150,75
2021,1062,62,0,42,4909,158,75
2022,1062,62,0,9,11776,158,75
2019,1062,92,8,28,9619,157,75
2023,592,42,0,0,9206,98,75
2020,1062,92,0,13,8767,45,75
2021,1062,81,0,85,6740,28,75
2022,1079,71,0,0,11743,120,75
2022,516,61,0,0,10891,157,61
2016,157,92,8,72,4003,7,6
2022,1062,62,0,0,9851,122,75
2022,1062,61,0,85,4199,157,75
2020,1040,60,0,1,7740,140,75
2022,592,62,0,0,9189,154,75
2022,473,22,0,1,7247,122,60
2021,1062,61,8,0,7632,157,75
2019,1034,71,8,72,2402,107,11
2023,594,58,1,85,8855,80,54
2022,1062,52,8,58,5479,158,75
2021,276,53,0,0,3108,64,75
2020,381,51,0,9,7621,131,60
2018,1062,85,0,23,1442,135,75
2022,1062,51,0,85,8082,89,75
2023,84,61,0,0,8193,158,75
2020,1062,92,0,72,6777,158,75
2023,1062,46,0,85,3323,158,75
2022,1062,83,0,85,7303,128,75
2018,1062,52,0,63,10416,155,75
2022,726,31,4,69,5995,157,60
2017,1047,91,0,1,949,156,74
2020,1062,99,0,42,6991,21,75
2014,1062,81,8,63,4102,154,75
2022,1062,62,0,0,2176,158,75
2023,1133,23,0,0,3319,157,60
2021,1096,61,0,2,3743,137,75
2022,1062,67,1,85,10202,73,75
2023,984,55,0,12,11385,141,74
2014,1062,61,8,9,7438,158,75
2022,1062,42,4,85,180,123,75
2022,112,52,4,61,8251,123,75
2021,1062,51,8,9,7626,8,75
2023,726,48,4,69,6069,86,60
2020,1062,72,0,9,2203,157,75
2023,1062,62,0,85,2931,158,75
2023,726,92,4,63,6074,45,60
2022,201,53,0,0,2378,158,69
2021,1062,81,8,9,1096,151,75
2014,1062,44,0,9,11433,157,75
2022,855,92,0,0,9076,69,75
2015,445,50,5,72,4278,83,39
2022,1062,51,0,70,6534,114,75
2021,957,61,0,28,11817,158,75
2023,635,61,3,85,7093,16,32
2020,957,56,0,1,6488,118,75
2020,1062,52,0,9,2822,41,75
2022,923,58,0,0,7361,81,75
2021,1062,62,0,37,11480,158,75
2021,746,41,0,0,6182,108,75
2021,814,54,0,6,1685,6,60
2023,802,71,0,9,9640,120,75
2021,1062,92,0,1,7965,140,75
2021,1062,69,0,85,5223,135,75
2022,1062,56,5,85,9795,132,75
2023,1062,62,0,9,2047,158,75
2020,1062,61,8,72,1420,158,75
2023,1062,48,0,9,10832,158,75
2021,923,63,0,0,5979,119,71
2018,1062,72,0,9,11911,157,75
2023,1062,52,0,0,6138,69,75
2022,1062,62,0,41,2433,158,75
2021,1062,48,7,85,11244,134,75
2021,200,54,0,0,2063,61,61
2019,1062,71,8,9,10586,158,75
2018,1062,81,8,9,11661,139,75
2023,84,54,0,0,8191,158,75
2021,1062,46,8,85,2183,67,75
2024,612,92,3,9,9250,123,74
2022,642,92,3,42,7143,123,16
2023,1062,61,0,0,8506,158,75
2022,1062,53,0,85,10159,99,75
2021,1062,54,8,85,12035,157,75
2022,1062,37,8,85,4095,138,75
2020,1062,85,0,1,1005,158,75
2022,203,39,0,0,2081,95,60
2023,1013,92,7,85,8523,144,71
2022,592,49,0,0,3723,109,75
2014,840,92,4,72,4125,151,71
2023,1062,52,0,85,1928,158,75
2022,1062,66,0,85,10590,126,75
2019,1062,81,2,9,6863,158,75
2019,1069,93,2,55,2905,134,75
2019,1062,52,0,0,11285,157,75
2020,527,61,0,1,6811,158,60
2014,1062,52,0,61,382,89,75
2022,1062,92,0,85,7866,134,75
2021,1062,62,0,1,6619,148,75
2021,396,92,4,37,4101,40,75
2020,1062,52,0,9,857,158,75
2017,1062,70,0,0,6841,158,75
2021,1062,56,0,85,5457,142,75
2022,1062,51,4,42,11679,123,75
2022,1062,42,8,85,11816,158,75
2022,1062,73,4,85,7140,149,75
2022,1062,77,8,85,1649,36,75
2016,1062,72,0,61,1793,11,75
2022,599,54,0,0,5201,158,75
2023,1133,52,0,0,7961,140,60
2021,1062,52,4,61,4015,158,75
2021,1062,92,8,42,5840,158,75
2022,1062,44,0,9,1710,158,75
2021,1062,68,0,85,4076,138,75
2020,1062,61,0,9,10020,25,75
2021,814,54,0,1,7170,158,60
2022,295,51,0,0,7241,76,75
2020,1062,86,0,6,3915,143,75
2015,713,44,8,9,9438,117,75
2022,1062,49,0,85,3387,157,75
2022,1062,44,0,85,4276,128,75
2020,1062,62,8,9,1997,158,75
2016,112,52,4,63,6315,31,75
2023,870,69,6,85,9672,155,69
2023,697,43,5,85,8802,126,44
2021,1062,54,0,9,3717,158,75
2016,1062,54,0,9,6637,25,75
2021,1062,54,0,0,7958,140,75
2024,1062,55,0,66,11128,158,75
2022,1062,51,0,0,3771,49,75
2019,1062,52,8,9,8783,49,75
2022,1062,92,0,0,8406,21,75
2023,784,54,0,9,9591,158,75
2023,1062,72,0,41,62,71,75
2023,233,31,0,9,8446,8,75
2021,1062,63,3,85,1472,157,75
2022,445,21,4,9,8073,21,75
2023,1062,48,0,9,6844,61,75
2023,1062,51,8,70,10684,158,75
2020,1062,61,8,9,7691,158,75
2020,1062,62,8,42,5726,68,75
2021,1085,67,3,0,5873,158,65
2023,1062,83,6,85,2433,153,75
2022,727,52,4,63,7683,26,60
2018,1062,51,7,13,9871,154,75
2021,1062,54,0,0,6855,157,75
2023,1062,51,0,85,11857,155,75
2021,398,57,0,0,9758,135,67
2023,1062,76,8,85,3012,156,75
2023,1062,92,8,85,9894,162,75
2022,1062,62,0,0,6264,158,75
2022,1111,92,4,85,12035,154,60
2022,799,52,0,6,741,141,75
2022,1062,61,7,85,2442,69,75
2015,314,92,4,72,3284,134,63
2023,296,24,0,1,8565,52,75
2023,1062,52,7,85,9417,111,75
2020,1062,86,0,2,10741,158,75
2022,806,99,0,1,6936,155,75
2022,842,51,8,9,1819,25,60
2022,620,48,0,0,9668,57,63
2021,949,31,0,0,2812,105,75
2023,1062,59,0,85,6127,158,75
2017,1062,22,7,9,7193,80,75
2021,1062,59,0,23,2755,119,75
2023,807,61,0,4,9027,158,67
2020,1058,53,0,0,5097,158,74
2018,1062,52,0,40,7103,158,75
2021,1062,53,6,55,6313,154,75
2022,987,92,4,61,4115,123,75
2021,656,54,0,0,5250,26,75
2020,1062,62,5,53,2286,158,75
2022,1062,76,0,85,9595,89,75
2020,1083,87,0,1,3461,62,75
2023,1062,56,0,85,2154,158,75
2022,726,49,4,69,5984,109,60
2019,1062,67,8,71,633,144,75
2018,972,61,0,54,790,126,66
2023,1062,48,4,85,2718,108,75
2021,1053,92,6,85,9080,142,69
2014,990,88,8,72,10020,98,70
2020,1062,22,8,9,8787,16,75
2015,1062,51,8,63,5714,157,75
2022,1062,77,4,85,1136,90,75
2021,1062,62,0,43,11896,158,75
2022,1062,88,8,85,2359,111,75
2020,843,77,5,69,8914,158,66
2016,545,92,8,9,4988,69,75
2022,1062,81,0,5,2556,158,75
2021,1076,46,0,0,11731,61,75
2023,1062,33,0,9,868,158,75
2021,1062,60,0,85,4204,157,75
2022,858,92,4,69,7300,94,60
2023,1062,90,0,0,8617,153,75
2021,1062,81,8,0,6868,63,75
2017,412,51,7,0,11174,154,60
2023,1062,60,5,85,9030,55,75
2018,644,81,3,13,842,24,16
2021,1062,53,7,85,2234,50,75
2023,1062,62,8,84,1217,136,75
2023,1062,62,3,85,6978,126,75
2020,1062,41,8,85,1506,157,75
2022,1062,71,0,63,2608,155,75
2022,1062,33,0,85,1904,103,75
2021,1062,61,0,85,6886,58,75
2022,500,59,0,5,9451,109,46
2018,176,81,4,72,3584,158,77
2021,1062,89,0,5,2158,43,75
2021,1062,59,6,85,7805,129,75
2023,1062,76,3,85,9018,157,75
2020,1062,99,0,9,4696,71,75
2022,377,50,4,69,1735,75,66
2016,1126,54,8,9,6262,1,75
2021,1063,61,0,1,11957,149,75
2023,141,61,4,72,11104,68,67
2019,1062,56,5,48,7303,158,75
2022,1049,89,8,85,10488,124,77
2018,1062,52,0,46,442,158,75
2021,1062,78,3,0,11960,158,75
2020,1062,67,0,6,4571,55,75
2022,985,33,0,0,11614,143,75
2016,1062,54,8,9,12087,8,75
2022,726,78,4,69,5954,125,60
2020,814,54,0,0,1868,8,60
2022,592,44,0,0,6502,157,75
2022,726,48,4,69,6024,117,60
2022,1062,54,0,0,6314,158,75
2022,1062,52,0,85,11713,155,75
2017,742,71,8,72,9534,136,62
2022,743,59,0,0,9742,158,75
2017,412,22,7,0,11174,154,60
2022,915,82,7,85,10541,94,66
2022,1062,61,0,85,2919,158,75
2022,1062,92,3,85,9820,74,75
2022,1062,65,7,85,6566,143,75
2022,918,53,1,41,4651,112,52
2018,994,59,0,0,764,153,68
2021,1062,44,0,9,3604,158,75
2014,1062,38,8,72,1104,100,75
2020,1038,52,0,0,9724,124,75
2022,1062,71,0,85,1540,71,75
2022,1062,75,1,85,1288,88,75
2023,1062,62,0,9,3496,158,75
2021,1062,92,7,85,4606,158,75
2022,1062,51,0,85,10726,157,75
2023,712,54,0,0,7067,155,75
2022,1062,52,0,9,11541,158,75
2021,1062,61,0,0,7869,103,75
2015,769,51,7,64,2057,140,66
2022,1062,52,0,9,6242,158,75
2022,1021,32,0,85,7398,81,62
2021,1062,92,7,63,9427,154,75
2015,588,51,0,9,1648,45,75
2017,1062,92,4,72,915,158,75
2019,1062,31,1,10,8809,158,75
2020,1062,92,8,72,914,158,75
2017,1062,81,8,63,11063,157,75
2022,1062,54,0,0,7928,36,75
2023,1062,92,0,85,9149,112,75
2017,411,48,7,0,11667,154,60
2022,687,32,0,0,4124,97,75
2020,869,92,3,9,8533,158,60
2022,385,52,3,85,790,154,60
2023,1062,46,8,85,7569,128,75
2022,1079,63,0,0,11743,118,75
2023,832,78,0,0,9254,158,60
2023,1062,33,0,85,6657,158,75
2021,1062,52,0,85,10597,100,75
2015,1062,51,0,2,5307,157,75
2019,1062,92,0,0,10472,158,75
2024,1062,54,0,9,11387,68,75
2021,1062,51,4,61,427,158,75
2022,1062,91,0,85,7187,25,75
2020,525,61,0,0,9506,158,71
2023,622,54,0,9,5592,25,75
2016,1176,54,0,9,7709,158,75
2015,290,92,3,60,351,58,30
2022,1003,58,1,85,6866,128,57
2022,1062,52,0,9,9907,3,75
2022,1062,53,3,85,7109,102,75
2021,933,62,0,0,5459,158,75
2019,1062,83,2,29,10604,158,75
2018,354,92,3,16,883,123,48
2022,1062,65,8,85,2000,55,75
2022,1062,47,0,85,7689,129,75
2023,1133,52,0,9,4886,158,60
2022,1062,56,0,9,6609,158,75
2023,1062,51,0,85,2884,124,75
2023,1062,75,0,85,8701,62,75
2021,1062,92,6,85,8466,27,75
2023,726,92,4,63,8474,25,60
2022,1062,50,0,85,3504,157,75
2022,1062,57,0,85,10422,86,75
2017,412,52,7,0,11174,154,60
2018,1062,62,0,9,11913,158,75
2022,1062,34,3,85,2546,105,75
2016,279,90,4,63,1632,146,69
2021,276,54,0,0,3108,25,75
2021,772,63,0,0,8296,39,75
2021,1062,92,6,85,8258,43,75
2021,1062,53,8,85,1540,157,75
2023,1062,86,6,85,2534,158,75
2021,1062,60,6,85,9075,15,75
2022,1062,58,0,85,6226,137,75
2022,188,80,4,69,1989,104,65
2021,1062,85,6,85,9794,140,75
2018,1062,56,0,42,5053,158,75
2022,1055,92,4,85,9360,138,76
2015,1128,51,8,9,603,158,75
2023,72,34,0,0,8186,154,75
2021,551,92,0,6,9693,89,63
2022,1015,89,0,0,10997,98,73
2023,624,69,0,9,9238,100,75
2021,1062,48,8,85,11270,135,75
2019,1062,49,0,30,6653,147,75
2020,1030,44,8,9,7580,25,75
2022,648,49,0,85,10129,148,75
2023,1062,69,0,5,11256,28,75
2021,1062,44,0,85,11380,157,75
2014,405,71,8,65,10773,122,59
2018,1062,56,0,9,1041,158,75
2023,1133,52,0,9,10822,158,60
2022,1062,53,0,85,2412,157,75
2023,1062,62,0,85,7036,158,75
2022,692,58,2,27,9332,69,70
2022,1062,49,5,85,7885,150,75
2023,1148,33,0,85,904,158,75
2022,491,59,2,0,948,128,64
2014,29,92,4,9,9744,61,75
2023,1062,62,0,85,7260,158,75
2015,419,64,8,63,4463,61,75
2021,571,68,1,0,1149,103,68
2023,1062,61,1,85,8949,148,75
2022,1062,61,0,85,11391,158,75
2021,164,52,0,9,6453,63,29
2022,1062,56,0,85,4000,147,75
2021,814,51,0,63,11436,157,60
2017,1062,71,1,9,6453,143,75
2018,1062,92,0,9,7687,158,75
2020,1062,62,0,1,2170,22,75
2023,1062,92,1,85,3113,157,75
2022,1062,61,0,0,6240,158,75
2022,203,92,0,0,2081,158,60
2019,1062,62,0,0,735,157,75
2019,872,48,2,7,11637,142,61
2021,1062,53,8,85,6138,86,75
2021,1062,25,0,85,2286,21,75
2020,1085,93,0,8,3725,158,61
2023,1050,61,0,0,9130,153,75
2020,1062,81,0,72,3935,25,75
2015,450,51,5,63,6294,78,75
2014,112,92,4,72,10095,74,75
2021,1062,58,2,85,1867,96,75
2020,1086,97,0,1,9350,66,75
2022,1062,64,6,85,2831,87,75
2021,1062,59,0,85,4117,157,75
2022,1062,62,0,41,2665,158,75
2022,1062,48,0,85,3384,157,75
2019,714,97,1,8,3255,158,64
2020,1062,62,8,9,3380,158,75
2022,523,55,0,0,9238,139,75
2020,913,61,8,13,4685,157,75
2021,1062,31,0,0,7892,158,75
2015,1062,74,5,48,10191,98,75
2023,1062,46,4,85,2744,112,75
2022,1062,54,0,85,3297,158,75
2022,1062,31,0,85,1962,97,75
2021,1062,62,0,9,6209,158,75
2016,1062,51,8,63,11144,157,75
2023,1062,92,0,0,8575,158,75
2022,1062,35,8,85,4184,143,75
2022,112,92,4,9,2898,123,75
2022,203,51,0,0,2081,158,60
2023,1062,92,8,85,8848,36,75
2023,592,74,0,2,9201,35,75
2022,1062,58,7,85,1186,28,75
2023,855,61,0,0,5603,158,75
2020,608,31,0,0,9272,76,75
2023,936,48,0,0,1551,69,75
2020,1062,51,0,9,4777,71,75
2022,1062,92,0,85,10453,134,75
2021,431,55,0,0,271,51,63
2019,1062,62,0,42,1447,158,75
2022,1062,41,6,85,2055,85,75
2019,1062,52,0,42,5742,158,75
2021,788,56,0,0,1443,158,60
2017,870,86,3,34,540,107,55
2021,1062,62,0,1,11648,158,75
2022,896,55,0,0,3643,143,72
2019,1062,54,8,9,2456,158,75
2023,1062,48,0,85,7065,158,75
2022,1062,92,0,9,8470,158,75
2021,1062,62,0,9,5839,158,75
2022,1062,92,6,85,4225,117,75
2022,971,61,5,0,8053,61,7
2020,1062,81,0,40,1322,8,75
2021,591,54,0,1,4707,68,75
2022,708,80,0,0,9660,148,71
2022,1062,92,4,72,662,123,75
2018,1062,52,0,9,7557,27,75
2021,1062,58,1,85,9442,54,75
2016,1062,99,0,42,2432,158,75
2022,592,37,0,2,1851,91,75
2023,1062,69,8,85,9065,55,75
2023,558,22,4,63,9640,154,60
2023,58,52,0,0,1913,69,60
2022,726,48,4,69,6008,86,60
2023,1062,62,0,72,5523,25,75
2016,112,92,4,24,8281,146,75
2016,1062,92,7,0,3244,126,75
2022,1062,51,0,85,6416,43,75
2018,1062,52,0,65,6476,138,75
2023,1062,62,0,52,3855,158,75
2014,729,51,8,9,9502,158,75
2019,1062,63,8,64,815,88,75
2014,1062,52,0,9,5901,106,75
2018,1062,31,0,42,1727,158,75
2023,1062,78,2,85,9285,156,75
2022,1062,51,4,72,10789,123,75
2022,203,52,0,0,2081,49,60
2023,726,99,4,63,9644,69,60
2015,138,92,4,72,235,39,22
2023,1133,52,0,9,6626,158,60
2023,291,51,4,84,410,123,74
2023,489,92,0,0,9680,158,75
2022,1062,62,7,0,11877,158,75
2022,203,51,0,0,2081,149,60
2022,1062,66,5,85,5231,60,75
2023,592,54,0,9,2273,49,75
2018,647,54,1,13,8176,158,16
2021,589,55,0,0,268,41,62
2023,58,52,0,0,8162,93,60
2023,1062,56,0,9,3553,158,75
2022,781,48,0,0,2325,146,65
2022,1087,53,0,0,11805,153,60
2020,1062,52,0,30,4773,71,75
2019,1062,62,0,28,6560,8,75
2021,1062,82,1,85,6462,46,75
2022,1133,22,0,0,7765,157,60
2022,726,76,4,69,6056,117,60
2022,1062,62,0,41,3536,158,75
2015,589,54,8,72,1230,89,75
2016,1062,51,0,9,4046,155,75
2014,475,51,8,72,29,35,75
2016,157,92,8,72,4003,7,6
2023,1133,81,0,0,4829,158,60
2023,1062,62,8,85,2445,69,75
2023,1133,62,0,0,953,158,60
2021,1062,87,8,85,5892,158,75
2022,1062,48,0,85,2701,157,75
2019,1062,92,8,9,10106,158,75
2018,1062,81,3,42,5509,158,75
2019,1050,90,0,2,10385,157,74
2020,1062,62,0,9,293,158,75
2019,1062,51,0,64,9236,45,75
2020,1039,56,0,4,5164,150,73
2021,1062,48,8,85,1768,157,75
2023,702,38,0,6,9247,89,75
2021,1062,50,5,85,622,151,75
2015,1062,52,8,63,9662,157,75
2015,973,80,8,72,11334,105,49
2022,112,22,4,85,174,123,75
2023,1062,51,0,9,2818,28,75
2022,1062,57,0,85,258,141,75
2022,766,31,0,5,5150,158,75
2022,1062,61,1,85,4259,157,75
2023,1062,70,0,85,7217,158,75
2021,1062,66,8,85,8740,88,75
2014,1062,81,3,42,10145,157,75
2018,647,54,1,13,8176,158,16
2015,1062,51,8,63,9048,158,75
2020,1062,72,0,63,8885,49,75
2022,712,53,4,85,7341,123,60
2022,1019,89,0,0,2562,153,74
2023,1062,65,4,85,6934,158,75
2021,806,39,0,0,9656,158,75
2023,58,72,0,0,3671,69,60
2020,1062,51,8,42,948,9,75
2023,593,57,0,42,7825,158,68
2015,1062,72,0,61,2270,158,75
2023,1062,55,1,85,8932,41,75
2022,531,64,1,0,1049,116,66
2023,1133,62,0,0,5403,158,60
2023,757,77,2,85,9194,62,49
2022,1062,45,8,85,8063,147,75
2021,1062,70,3,85,5498,158,75
2022,1062,42,0,85,8423,157,75
2022,1062,95,4,85,9034,93,75
2021,1062,48,0,2,11430,157,75
2023,726,52,4,69,10896,154,60
2015,1062,61,8,63,10407,158,75
2023,1062,54,8,85,9881,130,75
2022,1062,51,8,62,880,158,75
2020,599,51,0,0,5201,158,75
2016,1062,92,3,9,11644,157,75
2022,457,55,2,0,861,139,62
2017,1062,51,0,9,305,28,75
2019,1062,62,8,28,4557,104,75
2019,1062,62,0,0,3448,158,75
2020,1062,62,0,9,9507,158,75
2021,1062,50,0,85,9522,58,75
2016,1062,54,0,9,3963,8,75
2023,1062,55,1,0,5660,158,75
2023,1133,52,0,9,3802,158,60
2022,1062,90,3,85,5484,30,75
2021,1062,31,0,1,3915,158,75
2023,1062,62,0,85,11556,155,75
2016,112,52,4,63,6315,37,75
2021,1062,50,7,85,885,147,75
2022,726,40,4,69,6050,115,60
2023,1062,59,8,85,1053,157,75
2016,1062,52,0,9,6533,158,75
2016,1062,81,8,63,5638,158,75
2022,1062,44,0,85,6676,45,75
2022,1062,71,0,85,11128,110,75
2022,1005,36,5,85,5766,104,57
2021,1062,62,0,42,44,158,75
2022,1062,68,0,85,2267,157,75
2022,228,48,0,0,2883,121,71
2023,869,92,3,41,10178,122,60
2023,1062,56,8,85,2664,119,75
2020,255,59,0,0,3915,130,62
2023,488,62,0,9,11869,158,75
2022,558,92,4,63,9844,71,60
2021,1065,61,0,1,8901,146,61
2021,1062,62,1,0,2775,158,75
2016,872,51,7,68,6555,135,67
2022,794,90,0,0,8607,94,75
2022,58,61,0,63,6895,25,60
2023,726,92,4,63,6073,45,60
2022,1062,83,8,85,8613,135,75
2021,955,92,0,9,9689,104,75
2022,1062,61,0,0,10379,158,75
2018,878,81,3,42,750,25,62
2019,1062,53,8,9,11641,8,75
2024,691,31,1,9,9926,77,38
2021,1062,54,0,1,6421,158,75
2024,726,52,4,63,5705,86,60
2021,1062,31,0,9,3703,158,75
2023,1062,89,7,85,8890,17,75
2020,964,85,8,21,10357,79,71
2023,1062,44,0,9,2211,157,75
2016,421,48,8,9,10611,69,75
2022,1062,91,0,85,7199,25,75
2021,1062,45,5,85,2330,39,75
2022,696,61,4,9,5754,123,74
2023,995,74,0,0,8909,158,65
2023,1046,72,4,85,8558,113,64
2020,902,54,8,9,4694,65,75
2014,1062,81,8,63,4102,154,75
2015,889,75,8,72,6600,157,67
2021,1062,48,0,85,4940,119,75
2021,1062,50,1,85,9235,53,75
2022,1062,48,7,0,1371,123,75
2022,1079,62,0,0,11743,127,75
2021,1062,68,8,85,8899,108,75
2022,1017,33,1,85,7386,84,61
2020,1062,92,8,9,9530,158,75
2022,1062,81,2,85,9936,117,75
2023,1062,22,0,0,5276,61,75
2024,676,99,0,42,1754,158,75
2018,1062,51,0,9,1541,158,75
2022,1062,52,0,9,6985,61,75
2022,203,54,0,0,2081,157,60
2022,1062,84,5,85,739,126,75
2023,725,54,0,0,9471,69,75
2023,1062,52,0,9,7283,158,75
2020,1062,23,8,85,1946,156,75
2022,1062,45,3,85,2310,115,75
2019,1062,92,8,42,8409,21,75
2020,1062,61,0,0,3048,158,75
2022,571,60,0,0,2061,157,73
2022,726,61,4,69,6046,117,60
2022,203,31,0,0,2081,69,60
2021,1062,59,6,85,10824,119,75
2023,1062,54,0,9,8217,158,75
2019,1062,92,0,9,8588,158,75
2021,436,64,1,1,4296,23,62
2021,1062,54,0,85,10528,94,75
2020,1062,51,0,0,11131,45,75
2018,1062,52,0,40,1455,49,75
2022,877,67,5,85,7705,138,67
2017,1062,61,0,9,9256,158,75
2023,1062,54,8,85,7037,155,75
2022,385,92,3,41,600,154,60
2022,1062,92,0,0,9106,93,75
2020,1062,51,0,9,3283,158,75
2022,415,53,0,3,9148,158,65
2022,107,57,0,0,7985,131,72
2018,1062,92,0,0,10439,158,75
2023,1062,84,8,85,3016,157,75
2021,655,77,0,0,1363,77,73
2021,688,67,0,0,2616,151,75
2022,1062,89,7,85,3117,157,75
2019,1062,62,0,0,8973,158,75
2021,1062,51,0,42,11664,158,75
2023,818,46,0,0,9757,54,75
2023,774,42,1,85,9288,148,75
2015,653,92,8,9,1732,10,6
2023,726,92,4,69,5935,35,60
2019,1062,51,3,13,8916,157,75
2021,758,72,0,6,5021,93,75
2016,548,92,8,9,7520,61,27
2022,1062,85,0,85,1841,46,75
2019,1062,54,0,0,3649,45,75
2021,1062,48,6,85,713,154,75
2022,751,56,2,85,10255,74,50
2016,990,89,4,71,547,161,79
2023,359,55,0,0,4892,157,75
2018,1062,71,8,63,10928,71,75
2021,1062,62,0,42,2304,158,75
2023,941,53,0,9,11790,84,75
2022,894,48,6,85,7658,141,67
2019,1062,31,0,42,4775,71,75
2017,1062,54,0,9,1362,45,75
2016,1062,52,0,12,8671,123,75
2023,50,63,0,4,8173,106,75
2014,259,51,5,65,1464,101,57
2021,642,92,3,42,11028,99,16
2019,1062,54,0,0,8106,158,75
2023,844,31,1,0,9613,69,75
2021,1062,71,8,85,5467,158,75
2015,1062,51,8,63,3669,158,75
2021,1062,32,0,85,2408,57,75
2019,691,51,3,42,889,28,38
2022,1061,52,8,85,11588,153,75
2019,1062,44,8,9,6683,158,75
2023,1133,92,0,0,10602,25,60
2021,1062,92,0,37,9720,122,75
2021,1062,52,0,85,10632,102,75
2021,410,31,0,0,9675,143,60
2020,1062,61,0,9,5513,158,75
2016,157,92,8,72,4003,7,6
2019,605,54,4,9,3987,69,34
2023,562,52,0,0,9129,158,75
2021,1062,67,2,85,6685,33,75
2021,988,58,0,18,11526,52,70
2021,793,55,3,85,7430,125,63
2022,784,51,0,9,6829,158,75
2023,1062,94,1,3,9970,147,75
2022,1062,52,0,85,5354,158,75
2022,590,31,0,85,11236,25,60
2015,1062,72,0,61,5233,158,75
2023,1062,54,5,85,7141,101,75
2020,1062,51,0,0,6121,158,75
2023,1062,75,3,85,280,158,75
2022,1062,55,1,85,2725,158,75
2019,1062,61,5,45,2697,158,75
2018,953,70,8,72,6568,58,70
2023,1062,61,0,85,8950,153,75
2017,1062,92,3,34,4282,107,75
2022,1062,56,0,9,3359,158,75
2015,292,92,8,63,9643,49,74
2017,1062,62,0,9,7268,158,75
2021,855,81,0,16,1766,45,75
2022,1062,62,0,1,4908,158,75
2016,1028,79,6,66,6499,101,46
2022,1062,50,0,0,1471,31,75
2023,306,49,4,4,3313,63,66
2022,1062,92,8,0,6250,117,75
2022,203,52,0,0,2081,158,60
2020,1062,62,0,0,3760,49,75
2020,941,93,5,13,10903,105,75
2020,1062,52,0,9,11800,155,75
2019,1062,48,0,9,11098,65,75
2021,213,34,0,0,7947,138,75
2014,953,92,4,72,9990,126,68
2021,1062,92,3,85,8212,76,75
2020,877,51,8,9,425,102,75
2022,1062,37,0,0,2637,158,75
2023,768,53,0,0,9515,150,75
2022,726,31,4,69,6028,117,60
2021,714,25,4,54,6164,94,31
2022,1005,33,0,8,796,95,75
2023,1062,47,8,85,3163,155,75
2021,1062,69,8,85,551,158,75
2022,726,52,4,69,5925,154,60
2020,956,60,0,0,7424,157,75
2023,636,58,4,66,9705,108,60
2022,64,92,3,85,6940,61,52
2021,1001,47,1,0,11127,19,75
2020,1062,62,8,9,5455,158,75
2023,234,70,0,0,8272,158,75
2018,1062,44,0,9,8483,25,75
2022,933,77,5,43,7542,154,65
2018,265,81,0,12,3160,155,31
2022,1079,54,0,0,11743,21,75
2022,1079,62,0,63,10306,158,75
2020,748,62,0,1,3264,158,75
2021,963,61,0,0,3105,158,75
2021,1062,92,4,85,9473,86,75
2022,690,92,0,0,8725,102,75
2022,1079,27,0,0,11739,90,75
2022,1062,66,2,85,11308,55,75
2022,724,57,0,86,11452,60,75
2020,1062,44,0,9,10527,62,75
2015,1062,81,8,9,5678,158,75
2021,1062,48,3,1,4659,63,75
2023,1062,71,7,63,11101,158,75
2022,1062,66,0,6,11331,93,75
2015,553,81,8,9,4897,136,75
2018,411,81,3,13,893,9,60
2023,1062,33,0,0,5267,158,75
2022,726,79,4,69,6031,110,60
2022,726,92,4,69,5956,117,60
2018,1062,81,0,46,5494,158,75
2018,1062,91,0,0,710,157,75
2022,203,40,0,0,2081,95,60
2021,1062,62,0,0,10643,69,75
2014,1062,44,8,9,12065,158,75
2019,575,92,7,9,4784,63,29
2021,1062,62,0,42,4096,158,75
2014,979,92,4,9,3996,158,75
2023,869,92,3,87,7028,155,60
2022,1100,36,0,0,7022,76,66
2023,1062,62,0,85,7529,158,75
2019,1062,71,8,72,10962,158,75
2020,1062,23,8,85,1944,157,75
2019,1062,62,8,42,5590,8,75
2022,1156,51,0,9,1845,8,75
2023,61,58,0,8,5121,157,62
2023,1062,62,0,85,3907,158,75
2021,1062,54,8,72,11067,158,75
2019,1062,62,8,42,6338,158,75
2019,1053,64,2,20,2318,19,56
2023,1062,61,6,85,3029,155,75
2018,1062,51,0,50,5895,158,75
2020,1089,92,0,0,8545,158,60
2023,1062,78,2,85,2573,156,75
2022,1062,92,6,85,10451,150,75
2022,1079,65,0,0,11743,149,75
2019,1062,62,0,0,9932,158,75
2023,573,54,0,85,10574,146,75
2023,1062,62,0,9,4211,158,75
2022,733,48,0,85,9781,150,75
2024,1062,71,0,9,10942,61,75
2023,1062,52,0,9,7242,155,75
2023,1062,49,0,85,3417,158,75
2022,1062,68,0,85,5658,124,75
2022,1062,92,0,9,8599,158,75
2023,1062,55,8,85,6347,103,75
2014,617,56,8,9,5320,156,75
2022,1062,92,4,85,10450,133,75
2021,1062,55,0,1,5286,66,75
2022,1062,49,0,85,3076,157,75
2018,1001,58,0,6,6752,155,73
2023,784,40,0,3,9564,158,75
2023,1062,54,8,85,3464,158,75
2018,1062,62,0,9,11443,158,75
2022,995,58,0,3,11738,92,75
2023,58,54,0,0,2405,158,60
2020,1062,68,1,0,9618,96,75
2017,1062,31,0,9,9090,71,75
2016,1062,81,7,63,7511,158,75
2020,948,53,0,6,2007,119,75
2022,492,22,4,69,4346,123,74
2015,237,61,8,9,2373,158,75
2022,1062,62,8,41,1393,158,75
2023,852,57,3,85,9026,151,75
2019,1062,31,0,0,8001,136,75
2017,1062,51,0,9,305,28,75
2022,1062,62,0,41,2750,158,75
2017,112,92,4,63,8238,158,75
2018,1062,81,0,9,10571,61,75
2019,1062,64,0,0,3157,150,75
2018,1062,61,0,76,5032,158,75
2015,772,54,8,72,686,69,34
2020,661,54,0,1,2057,49,75
2021,1062,54,0,9,692,158,75
2023,908,61,8,85,7362,158,75
2022,783,59,4,85,7499,129,63
2020,1062,52,0,49,11784,158,75
2021,938,81,8,42,374,158,78
2021,737,56,0,0,7928,158,67
2018,691,31,0,0,251,143,38
2023,726,92,4,63,9075,69,60
2022,726,67,4,69,6036,117,60
2018,0,61,0,9,3538,158,75
2022,676,59,1,5,7365,151,75
2021,1062,63,8,85,6039,158,75
2022,726,31,4,69,5987,85,60
2022,862,66,0,0,8802,120,75
2020,1062,31,8,9,4884,71,75
2021,475,49,0,2,4189,22,68
2023,1133,51,0,0,1162,158,60
2015,73,91,8,72,11001,152,72
2022,1062,62,8,85,9575,20,75
2018,1062,72,0,0,5556,158,75
2021,1062,43,0,1,7132,109,75
2016,112,52,4,63,1626,156,75
2023,1062,45,0,85,3127,112,75
2022,1095,44,2,85,9235,154,64
2021,1062,92,0,0,8561,158,75
2022,1062,51,0,85,2054,157,75
2023,1133,52,0,9,7793,158,60
2017,412,51,7,0,11174,154,60
2018,1062,51,0,9,6808,158,75
2018,1062,62,0,42,5397,158,75
2022,731,75,0,0,5576,61,75
2023,914,81,6,81,1119,148,75
2022,1062,77,2,85,4729,158,75
2020,1062,92,0,9,2401,158,75
2020,1062,51,8,2,684,15,75
2020,1062,52,0,1,10933,155,75
2022,524,82,0,0,9096,122,72
2016,1062,81,8,63,5638,158,75
2022,1062,51,0,85,233,120,75
2022,815,62,5,85,7569,132,64
2021,1062,70,8,85,5331,158,75
2020,1062,52,8,85,8847,49,75
2023,1044,91,0,8,9413,148,75
2020,546,61,0,1,3431,158,67
2019,1062,52,0,54,2632,158,75
2023,1062,52,0,9,6082,158,75
2022,557,92,8,69,4926,158,60
2021,1089,92,0,0,11823,8,60
2020,1062,71,1,0,9192,148,75
2023,920,56,0,0,3969,146,75
2021,1062,65,7,85,6275,141,75
2023,1062,84,6,85,9036,132,75
2020,247,56,8,0,2530,158,75
2022,1062,75,3,85,3941,158,75
2022,203,52,0,0,2081,49,60
2016,1062,81,3,42,884,158,75
2021,1062,72,0,17,8533,158,75
2022,1062,51,0,3,11751,153,75
2023,58,92,0,0,8167,158,60
2021,1062,54,8,42,3299,158,75
2021,1062,57,4,85,10016,147,75
2021,1062,51,4,72,626,158,75
2020,1062,61,8,9,4203,158,75
2021,402,41,0,0,1844,12,61
2021,1062,51,8,42,6231,143,75
2022,1062,61,8,9,10728,158,75
2021,1062,92,8,72,2617,158,75
2023,1133,62,0,9,10649,158,60
2022,1062,86,0,85,7003,25,75
2021,1062,56,0,1,144,71,75
2021,1062,92,0,85,4219,61,75
2022,1062,50,0,85,3790,157,75
2023,1062,35,6,85,2967,158,75
2020,607,62,0,1,7926,158,75
2023,214,71,0,0,12045,158,75
2021,1062,52,2,85,9816,70,75
2023,1062,88,2,85,7737,157,75
2022,1062,35,2,85,2378,69,75
2019,1062,48,0,9,4999,71,75
2021,1062,62,0,1,11794,158,75
2015,1062,92,8,13,2851,73,75
2023,1026,59,0,9,9184,158,75
2022,1062,50,2,85,1806,157,75
2022,1062,29,0,85,2219,139,75
2021,1062,54,0,9,10528,155,75
2021,278,51,0,63,772,155,75
2015,675,52,8,72,6431,61,27
2023,1062,61,8,85,924,158,75
2023,1062,62,0,9,11238,158,75
2023,58,22,0,0,8380,61,60
2020,967,52,0,1,361,147,69
2014,1084,92,4,72,11350,116,56
2023,1062,69,2,85,8989,157,75
2022,977,43,4,85,6971,114,49
2019,1066,82,5,19,9822,157,75
2022,1062,63,0,85,7820,15,75
2021,1018,32,0,0,5774,158,75
2015,1062,92,8,9,10758,49,75
2016,303,60,4,63,6157,17,75
2022,821,62,0,0,1912,69,75
2022,1062,37,6,85,6850,50,75
2021,1062,61,0,6,4822,158,75
2015,1062,44,0,9,6582,158,75
2023,1062,89,0,85,2350,157,75
2021,1064,87,7,0,406,154,73
2022,1062,49,0,85,6234,158,75
2022,1062,57,4,85,3165,104,75
2021,347,52,4,63,3145,68,75
2023,1062,62,8,85,9041,90,75
2023,1062,54,5,85,5974,31,75
2021,1062,65,0,85,4475,158,75
2017,1062,72,0,0,6271,9,75
2020,1091,31,0,1,9436,137,75
2022,1062,55,6,85,2811,157,75
2019,385,92,3,13,7484,154,60
2014,1062,92,3,9,3782,49,75
2019,616,92,8,72,10788,158,75
2014,1062,72,0,61,12016,158,75
2023,1062,48,1,85,3347,158,75
2021,1062,51,0,85,6308,24,75
2020,1062,61,0,0,365,25,75
2023,562,44,0,0,9125,69,75
2023,1062,92,8,85,8792,59,75
2022,1062,70,2,85,11266,158,75
2021,955,92,0,1,8745,25,75
2023,990,92,7,85,8509,138,69
2022,1062,52,0,9,3000,155,75
2020,1062,52,8,63,6183,27,75
2022,1062,57,5,85,7587,121,75
2020,1062,66,3,26,4021,118,75
2019,189,63,3,28,4558,74,36
2021,1062,71,0,85,1735,73,75
2021,1062,62,0,0,7412,157,75
2023,1057,92,0,85,8242,156,71
2023,1062,86,1,85,2437,156,75
2022,1062,53,0,85,2160,140,75
2018,1062,99,0,9,6544,154,75
2021,806,40,0,0,9656,124,75
2023,588,54,0,8,5579,32,74
2021,1062,47,0,16,297,157,75
2022,1062,92,4,85,10454,158,75
2022,276,31,0,0,3108,158,75
2023,592,61,0,0,10376,157,75
2023,1062,53,3,85,7859,157,75
2020,913,61,8,13,4668,8,75
2021,147,83,0,4,5576,77,60
2015,1061,61,8,72,449,158,78
2022,276,54,0,0,3108,158,75
2023,1062,62,0,9,988,158,75
2022,592,44,0,0,6505,150,75
2022,558,92,4,63,6737,22,60
2021,1062,63,1,21,11272,146,75
2023,1062,54,8,9,6327,158,75
2021,1062,92,0,9,9440,103,75
2023,1062,61,8,9,1826,158,75
2016,1119,92,8,72,439,158,75
2023,977,78,6,85,8744,155,75
2022,112,51,4,72,10618,123,75
2022,1062,76,0,85,9655,158,75
2015,1054,53,8,56,7872,156,75
2021,1062,52,1,85,8034,27,75
2024,809,92,4,9,10605,82,75
2023,202,54,0,0,8381,61,75
2020,1062,71,0,9,8399,157,75
2022,763,31,4,69,9817,154,60
2019,1062,62,0,42,5449,158,75
2023,751,36,0,85,9528,133,75
2021,1062,62,0,42,4600,158,75
2022,1062,59,1,85,2931,157,75
2022,1062,73,3,85,6388,158,75
2022,726,92,4,69,5949,80,60
2023,1062,50,0,85,4435,158,75
2016,157,92,8,72,4003,7,6
2023,957,74,0,85,10146,154,75
2018,1062,78,4,68,474,158,75
2015,1062,81,8,9,8216,158,75
2021,977,51,0,1,11769,158,75
2023,1062,52,4,85,7874,157,75
2017,717,30,0,12,766,77,44
2019,1062,62,8,9,4131,158,75
2018,1062,51,8,9,1360,158,75
2018,483,48,8,72,10766,146,75
2023,1062,61,0,85,6852,158,75
2021,1062,52,0,0,2167,21,75
2023,1062,52,0,85,1295,148,75
2017,1062,72,0,9,5722,158,75
2021,1062,54,0,9,11525,89,75
2023,303,62,0,0,5612,158,75
2021,542,61,0,0,458,21,75
2021,1062,51,8,72,3975,158,75
2022,957,80,1,85,7513,147,70
2023,1062,51,4,72,6836,123,75
2023,1062,35,0,0,5207,158,75
2020,726,47,0,1,1325,32,75
2022,1062,47,1,85,3428,157,75
2022,828,53,0,86,11304,48,75
2016,1062,61,0,0,10505,25,75
2020,1062,30,5,85,2026,157,75
2023,1062,92,0,69,10465,45,75
2022,826,31,0,0,6814,139,75
2014,1062,21,0,9,7272,158,75
2022,1062,54,0,85,11559,158,75
2019,764,99,1,9,909,140,16
2024,1062,72,0,9,4783,158,75
2017,431,81,8,9,4734,69,75
2019,1062,51,8,9,2588,158,75
2022,823,62,0,0,2150,158,75
2020,1062,81,8,0,10797,49,75
2022,1028,88,0,0,8571,144,75
2018,1062,88,0,0,6324,158,75
2020,1062,90,0,6,2893,152,75
2023,910,44,4,85,4106,68,75
2022,1079,61,0,0,11743,89,75
2022,1062,64,5,85,5278,158,75
2021,477,55,0,3,9371,164,56
2023,1133,62,0,85,3698,25,60
2016,424,92,4,72,4099,0,78
2015,1062,44,8,9,1864,8,75
2016,425,51,4,63,5441,158,78
2020,860,60,0,0,7885,157,62
2022,1062,92,4,0,7312,123,75
2020,1062,51,0,9,8087,25,75
2020,1062,51,8,9,2772,33,75
2021,307,51,3,85,4662,68,29
2015,921,81,8,9,7277,155,75
2018,989,52,0,9,11115,157,77
2019,1062,61,0,0,7779,25,75
2023,1062,62,0,85,6761,158,75
2020,911,72,2,0,6497,70,75
2022,1062,60,0,85,2378,152,75
2021,1006,62,0,0,8466,135,75
2014,1062,92,0,72,11009,8,75
2014,1007,86,8,72,10031,112,71
2018,1062,61,2,30,5419,97,75
2022,1062,29,8,85,2448,157,75
2020,1062,62,0,9,1800,158,75
2023,1062,52,8,9,8008,25,75
2017,1062,44,0,9,5164,157,75
2023,726,92,4,63,9776,154,60
2022,716,43,0,0,9845,69,75
2017,1062,92,8,63,9982,139,75
2022,203,28,0,0,2081,158,60
2020,792,54,0,0,3076,158,75
2022,1062,24,0,85,2539,38,75
2022,1062,57,0,85,8229,32,75
2021,1062,71,8,85,6050,158,75
2019,1062,31,7,0,3048,44,75
2022,841,86,5,1,8956,158,75
2023,1062,38,7,85,2237,157,75
2016,1180,52,0,63,473,123,75
2022,1062,51,7,85,8681,151,75
2023,1133,44,0,0,7724,71,60
2022,203,53,0,0,2081,36,60
2020,1062,52,0,42,645,118,75
2023,1130,90,0,0,9007,158,60
2020,1089,92,8,26,9863,157,60
2023,378,52,0,9,8932,128,71
2020,1062,99,8,27,3365,69,75
2023,1062,81,0,85,7654,158,75
2022,1062,52,0,85,3656,158,75
2021,1066,86,0,0,10819,151,75
2019,1039,78,8,72,6647,18,74
2014,1062,81,3,9,1019,158,75
2023,1062,52,8,85,7913,157,75
2019,1062,61,0,42,1780,158,75
2021,1062,35,0,85,2405,68,75
2022,1062,90,7,85,5892,158,75
2023,1062,21,8,85,6567,25,75
2020,495,61,8,72,97,158,75
2022,1052,83,7,85,10390,132,77
2022,473,71,0,1,8962,158,60
2022,932,34,3,31,7237,85,75
2023,1052,54,0,0,8115,158,63
2022,1079,89,0,0,11743,107,75
2020,1062,54,0,9,625,61,75
2022,1062,85,8,85,8889,21,75
2022,733,51,0,0,9384,155,75
2021,1062,62,0,37,10148,157,75
2017,1062,65,1,10,2355,135,75
2023,609,55,0,0,9253,158,75
2021,1062,47,2,85,177,75,75
2015,659,92,4,72,990,10,6
2022,1048,50,3,8,5606,152,74
2023,336,58,0,0,3450,158,75
2023,1062,60,0,85,3038,157,75
2023,1039,92,3,41,7172,154,60
2021,1062,79,0,85,6739,35,75
2017,319,68,5,23,10482,111,39
2022,1079,52,0,0,11743,8,75
2021,1062,31,0,0,4209,158,75
2018,1062,61,0,13,1391,158,75
2020,1062,61,0,13,4027,140,75
2023,979,59,0,7,9619,142,75
2021,1062,49,4,85,1333,157,75
2022,1109,45,0,0,2730,158,64
2022,1049,83,1,85,9745,97,66
2022,1062,68,2,85,11275,158,75
2022,859,42,2,6,7183,149,70
2021,1062,47,0,85,9874,32,75
2022,1062,77,4,85,9104,136,75
2018,1062,62,0,9,1764,158,75
2020,1062,92,8,0,57,158,75
2021,927,56,0,0,4060,147,75
2021,921,53,0,0,8146,157,75
2020,512,62,0,1,7092,158,66
2022,1062,92,5,85,10450,138,75
2022,592,68,0,0,5065,129,75
2023,497,92,4,85,9013,111,27
2022,1062,61,0,41,8452,158,75
2023,763,31,4,69,9788,154,60
2023,516,58,7,0,9061,68,29
2021,1062,46,8,85,6448,63,75
2023,1062,22,6,85,8186,14,75
2021,1062,45,5,85,2061,77,75
2023,1062,61,6,85,6926,130,75
2022,549,87,0,0,9205,63,75
2022,876,42,0,0,1168,153,64
2023,726,48,4,69,5923,86,60
2020,1062,51,8,63,681,59,75
2023,1062,51,8,85,9469,106,75
2023,1062,48,0,9,2391,69,75
2020,814,54,0,9,10591,25,60
2021,1062,67,8,85,1014,157,75
2021,1062,59,3,85,205,97,75
2016,1062,81,0,9,1991,158,75
2023,1062,33,6,85,2693,158,75
2023,1062,61,1,85,8982,140,75
2023,1062,62,0,0,716,157,75
2023,1133,52,0,9,5353,158,60
2014,1062,81,8,72,10069,157,75
2022,1062,34,3,85,3186,91,75
2020,1062,25,8,85,1970,146,75
2023,569,92,4,85,8255,25,36
2017,691,31,0,0,900,45,38
2019,1062,48,0,0,10686,123,75
2023,1062,56,6,85,10759,157,75
2023,1133,38,0,0,1859,158,60
2022,1062,28,0,85,6714,158,75
2022,974,50,0,58,1195,110,75
2022,826,65,0,0,6814,127,75
2022,1062,62,0,42,8920,158,75
2022,1062,51,7,85,8545,154,75
2022,1079,44,0,0,11743,158,75
2022,726,92,4,69,5986,117,60
2020,1062,92,4,0,10455,31,75
2023,1062,51,0,41,1820,68,75
2018,1062,62,0,9,2523,158,75
2023,511,92,3,85,8327,9,31
2023,549,62,0,9,9113,158,75
2022,1062,92,0,85,9305,93,75
2016,1062,72,0,61,8988,158,75
2022,549,81,0,87,9043,9,75
2022,1062,36,8,85,8529,34,75
2020,1090,86,0,1,3659,84,72
2020,1062,85,0,70,10743,38,75
2017,691,62,0,0,898,133,38
2017,892,92,0,9,9877,158,60
2022,1062,48,1,85,10921,146,75
2021,1062,62,0,1,11844,158,75
2020,1062,48,8,0,4688,63,75
2020,1062,54,0,9,3078,158,75
2014,112,92,4,9,8268,28,75
2019,641,51,1,15,6144,107,16
2017,1062,92,8,63,9234,87,75
2023,1062,90,0,85,2352,157,75
2022,992,61,0,0,9251,158,75
2020,691,46,0,1,6257,53,75
2022,1062,57,8,85,6472,82,75
2016,1062,62,0,0,2548,157,75
2023,910,54,4,9,9000,158,75
2021,1062,60,0,85,9518,141,75
2021,803,61,0,1,4396,158,75
2022,558,92,4,69,4952,45,60
2020,1062,62,8,9,5390,158,75
2022,952,54,6,13,3188,142,71
2022,1062,47,6,85,3046,138,75
2023,1062,58,1,85,3528,158,75
2022,1062,87,1,85,7883,137,75
2024,1062,92,0,85,3019,157,75
2023,1062,58,3,85,7398,94,75
2022,1062,48,0,0,8769,136,75
2022,1062,39,0,85,2990,127,75
2023,1046,54,0,0,5283,158,75
2020,1089,62,0,1,3423,158,60
2022,639,92,0,0,9054,48,75
2022,653,79,5,85,8398,14,42
2019,1034,71,8,72,2402,69,11
2023,1062,91,7,85,282,157,75
2020,1062,92,0,0,9098,158,75
2022,763,76,4,69,9804,154,60
2020,1062,62,0,1,723,158,75
2023,580,33,0,0,9186,69,74
2020,596,52,3,0,1289,158,66
2022,641,99,3,41,9345,16,16
2023,1062,62,0,85,9099,91,75
2014,269,92,8,72,10434,108,53
2023,1133,49,0,9,10197,157,60
2022,1062,50,5,85,8351,53,75
2022,1079,61,0,0,11743,21,75
2023,1062,71,0,9,6177,158,75
2021,1062,62,0,1,7612,131,75
2022,1062,76,0,85,9695,158,75
2014,226,81,8,42,4709,155,33
2020,1062,61,0,9,4905,158,75
2022,203,54,0,0,2081,49,60
2017,1062,81,0,42,4807,8,75
2022,1062,51,0,85,2423,157,75
2022,1062,52,8,63,1177,75,75
2022,445,92,4,9,8917,56,75
2022,590,31,0,0,3610,93,60
2022,1062,52,0,9,590,158,75
2023,1062,62,0,9,3665,158,75
2022,665,40,0,0,9331,69,75
2018,1062,60,0,0,5857,148,75
2023,455,54,4,85,4505,61,27
2021,1062,61,0,26,8418,158,75
2023,1062,62,0,52,11946,158,75
2021,1106,54,0,1,5139,158,75
2019,1062,92,0,42,683,158,75
2021,599,31,0,0,5201,158,75
2023,1062,88,7,85,8807,120,75
2014,131,52,4,63,1557,107,51
2024,209,22,0,0,3305,158,60
2020,1062,52,0,13,4335,49,75
2023,1062,48,2,35,171,33,75
2021,1062,51,0,50,10809,158,75
2023,573,45,0,0,5032,107,75
2018,1062,51,0,9,3766,49,75
2016,424,92,4,72,4099,0,78
2023,179,90,3,60,10661,157,60
2018,1062,55,8,72,1316,158,75
2020,1062,98,0,1,4179,140,75
2018,411,92,3,13,7500,158,60
2017,1062,52,8,63,11237,28,75
2022,1062,61,8,85,5464,157,75
2022,147,92,4,69,1580,22,60
2015,112,92,4,63,4541,60,75
2023,996,62,2,85,7774,53,75
2023,1062,72,3,85,8996,99,75
2019,1062,62,8,42,7369,158,75
2022,1062,61,0,85,9189,158,75
2019,227,92,3,42,7023,155,75
2020,1062,58,0,1,10447,158,75
2021,1062,90,7,85,4938,143,75
2023,1062,62,4,85,6075,158,75
2022,1062,75,0,85,9647,131,75
2018,863,67,5,17,11133,138,66
2014,144,81,8,9,4501,154,74
2022,777,62,4,69,6592,154,74
2024,1062,92,3,85,3840,116,16
2023,435,51,6,80,9735,147,60
2023,1062,62,0,52,4279,158,75
2016,424,92,4,72,4099,0,78
2023,394,42,4,85,10633,143,75
2021,1062,61,0,72,937,158,75
2021,890,73,0,0,2477,108,75
2014,112,52,4,63,4485,64,69
2017,989,62,0,9,11121,158,77
2024,1062,31,0,72,10736,158,75
2018,1062,51,0,9,3228,158,75
2021,1062,92,8,37,4421,93,75
2023,622,61,0,9,8971,158,75
2017,852,76,6,56,424,128,75
2021,1062,44,0,72,4332,139,75
2023,1062,46,2,85,3235,158,75
2021,1062,55,0,1,145,71,75
2023,449,66,0,4,10027,69,56
2020,1062,61,0,0,11993,158,75
2020,645,74,1,31,10459,142,75
2016,1062,44,0,9,11919,158,75
2022,1062,47,6,85,2727,132,75
2023,1062,70,8,85,2704,156,75
2023,1062,63,0,85,7882,110,75
2021,806,42,0,0,9656,158,75
2022,1065,62,0,0,11775,158,72
2022,1062,96,0,85,1624,17,75
2020,1062,52,0,9,6965,158,75
2022,1062,54,0,85,6126,158,75
2022,1007,36,1,85,7354,94,58
2016,1062,52,8,80,4553,116,75
2022,1062,89,8,85,2435,128,75
2015,1062,51,8,9,1478,158,75
2023,260,51,4,63,10856,158,75
2022,1062,48,0,85,300,61,75
2022,1079,54,0,0,11743,158,75
2023,1082,48,0,0,1207,158,60
2015,774,51,4,28,4092,69,34
2022,1062,54,0,41,3911,158,75
2023,1062,54,8,85,2267,69,75
2021,1062,76,8,85,5497,124,75
2021,1062,52,0,85,4646,157,75
2021,796,31,0,6,947,158,75
2023,1062,56,8,85,9295,86,75
2014,512,56,4,9,401,68,29
2023,631,51,0,2,2761,63,70
2022,1062,22,0,85,2294,70,75
2024,1062,62,0,0,9493,158,75
2022,755,48,4,69,6353,154,67
2018,1062,92,0,9,270,158,75
2019,1062,61,2,16,11815,157,75
2022,1079,62,0,0,11529,136,75
2022,1062,49,1,85,2322,157,75
2020,1062,64,0,41,8593,85,75
2022,1079,54,0,0,11743,157,75
2020,1062,61,0,0,2805,158,75
2018,671,76,8,12,2306,41,47
2021,1062,63,0,85,7758,136,75
2022,1079,88,0,0,11743,43,75
2021,1062,70,6,7,5666,126,75
2022,459,54,0,3,5122,57,69
2022,1062,61,0,0,9861,157,75
2023,1062,52,0,41,5746,155,75
2021,1062,61,0,0,8921,158,75
2016,295,65,6,66,1455,136,66
2022,1015,92,6,85,10339,122,74
2022,238,51,5,0,736,107,62
2023,1062,61,4,3,9546,158,75
2022,1062,58,0,85,9547,88,75
2023,1062,61,8,70,9144,158,75
2019,511,53,0,19,612,126,71
2018,1036,61,7,73,11369,158,78
2020,1062,31,6,85,2181,157,75
2022,491,52,8,85,791,154,29
2021,679,92,4,63,387,99,46
2023,1013,90,6,59,1399,19,74
2020,491,61,0,24,11824,157,60
2023,1062,78,2,85,8914,157,75
2021,1062,62,0,1,3155,158,75
2023,670,44,5,85,8831,124,41
2017,1062,92,2,25,552,145,75
2023,1062,52,0,85,1816,153,75
2022,1062,35,8,85,4213,145,75
2021,320,44,0,1,3894,158,60
2022,1062,63,0,85,11208,153,75
2021,1062,62,8,85,4997,157,75
2019,1062,54,8,9,7971,8,75
2023,58,31,0,0,8388,8,60
2018,849,55,0,30,914,137,53
2023,1062,61,0,72,7488,158,75
2022,819,92,4,69,11085,154,60
2021,955,31,0,6,11673,158,75
2022,1079,51,0,0,11743,64,75
2021,1060,31,0,1,3909,158,75
2021,1062,49,7,85,11267,129,75
2023,1062,62,0,85,2690,158,75
2023,1062,54,8,85,9450,122,75
2016,135,92,4,72,4537,5,58
2020,747,90,0,1,4188,158,71
2020,722,63,0,0,9376,147,75
2023,203,54,0,0,7962,140,60
2015,738,67,8,74,7574,156,64
2017,812,64,2,20,646,136,50
2021,1062,27,1,85,2195,21,75
2022,702,64,0,85,10540,132,75
2016,112,92,4,63,4536,158,75
2023,990,61,0,0,9298,128,75
2022,492,52,4,69,4339,123,74
2016,32,52,8,9,5437,158,75
2023,1062,55,0,85,3271,157,75
2022,728,41,0,0,6066,157,75
2022,1062,92,0,63,10352,117,75
2023,1062,67,2,85,1288,145,75
2017,1062,92,0,9,3505,158,75
2020,520,48,7,4,4700,63,33
2015,1062,81,2,42,12015,157,75
2023,592,52,0,7,6627,158,75
2017,691,62,0,0,898,157,38
2014,1062,52,0,9,11076,49,75
2017,1062,81,2,72,7497,158,75
2021,1062,62,8,9,7483,158,75
2022,1062,61,0,85,9509,158,75
2024,1,52,0,85,3476,158,75
2023,712,76,0,3,8961,158,75
2022,1062,77,3,85,7277,146,75
2020,828,22,0,1,1874,119,75
2020,1062,52,0,0,7980,158,75
2021,59,55,0,9,8338,13,75
2022,1062,52,0,9,2407,158,75
2023,1133,54,0,9,6530,158,60
2021,1062,61,0,63,5530,158,75
2022,1062,48,0,85,2215,157,75
2021,806,63,0,0,9656,133,75
2022,670,48,4,69,1944,68,74
2022,203,31,0,0,2081,25,60
2023,1062,92,0,52,1229,58,75
2022,168,53,0,0,6005,49,63
2021,1062,92,0,85,4324,58,75
2015,637,73,3,69,6092,99,57
2015,712,51,8,72,11194,89,7
2023,1062,52,0,9,7617,131,75
2023,1062,61,0,9,6474,158,75
2018,1000,51,0,43,5801,158,75
2022,1062,71,0,41,2278,155,75
2018,1062,92,0,42,11603,158,75
2023,914,38,0,0,8010,143,63
2022,858,92,4,69,7297,94,60
2023,1062,42,8,9,11864,158,75
2024,1062,92,0,72,10393,141,75
2023,665,53,0,9,9199,139,75
2017,691,62,0,0,898,25,38
2022,763,23,4,69,9820,154,60
2016,1062,81,0,9,5034,158,75
2022,880,92,0,0,8718,25,75
2020,369,54,0,1,882,158,60
2023,71,62,0,9,594,158,75
2020,428,51,7,72,3787,117,8
2017,1062,79,4,38,8314,158,75
2022,923,51,0,0,7361,61,75
2022,558,92,7,63,9721,122,60
2021,1062,54,0,25,7796,146,75
2021,1062,80,0,85,7580,99,75
2023,1080,60,0,0,5392,157,60
2021,1062,54,0,9,10528,109,75
2022,726,92,4,69,5946,80,60
2023,726,22,4,63,10895,69,60
2022,1107,40,0,0,2969,149,60
2021,1062,92,0,1,976,158,75
2022,599,52,0,0,5201,158,75
2023,1133,46,0,0,8863,111,60
2022,1062,92,2,85,10456,158,75
2016,1094,62,8,9,8198,156,75
2021,1062,67,3,85,6833,158,75
2020,1062,61,8,9,9650,158,75
2023,1062,61,0,0,9948,157,75
2022,1062,51,0,85,8150,12,75
2022,989,54,0,4,7688,88,75
2023,203,54,0,9,4834,158,60
2022,1062,79,0,85,9817,158,75
2022,763,92,4,69,9739,154,60
2022,527,54,4,85,10880,11,33
2020,639,37,0,1,4940,157,63
2022,1062,90,0,85,10378,158,75
2020,1062,92,0,0,8343,158,75
2022,410,48,0,0,9675,29,60
2020,703,56,5,1,1239,99,75
2022,1062,54,8,9,4302,158,75
2019,1062,61,0,10,5116,157,75
2018,434,49,2,85,1975,53,25
2019,1062,92,4,76,2725,158,75
2021,538,87,0,3,9343,100,65
2023,193,62,0,9,1179,158,75
2022,858,48,4,69,7301,94,60
2022,147,52,4,69,1572,80,60
2016,1062,72,0,9,2860,157,75
2016,8,52,0,9,35,158,75
2021,1062,90,4,0,7330,125,75
2021,1062,70,8,85,5588,158,75
2018,1062,51,0,9,992,158,75
2016,1062,68,3,68,10369,143,75
2015,481,61,7,27,4920,155,75
2020,1062,51,0,63,3037,103,75
2022,1062,62,0,9,7391,158,75
2021,320,44,0,25,2331,25,60
2022,1055,72,8,85,10986,137,76
2021,1062,61,0,85,8983,74,75
2022,112,54,4,9,4456,123,75
2024,647,99,3,85,7066,71,16
2023,592,52,0,9,10128,158,75
2021,1062,44,7,85,6491,50,75
2015,112,56,4,64,1598,136,75
2022,1062,61,0,42,134,158,75
2020,1089,62,0,0,204,158,60
2016,217,92,4,9,9522,146,69
2021,490,92,0,6,9388,69,60
2021,1062,62,0,1,2306,158,75
2019,1062,51,0,0,10365,158,75
2021,1062,69,4,85,6392,107,75
2019,1062,61,8,42,3844,158,75
2023,557,39,0,2,9527,87,64
2023,450,61,4,72,9349,68,53
2023,558,22,4,63,9640,154,60
2023,725,92,0,0,9045,25,75
2021,1062,54,0,9,4795,158,75
2020,183,42,0,1,6593,136,74
2023,1062,62,8,9,7787,158,75
2022,1062,55,6,85,2427,69,75
2023,1062,62,0,9,5414,158,75
2023,800,71,3,85,10517,151,75
2022,1079,86,0,0,11743,78,75
2023,1062,62,0,85,7268,158,75
2023,1062,72,0,85,7357,158,75
2019,1062,76,3,24,3503,148,75
2020,1062,99,8,63,2904,36,75
2022,1062,72,2,85,9459,158,75
2016,1176,54,0,9,7709,158,75
2022,394,60,0,7,3213,131,75
2014,246,55,8,72,10710,154,75
2019,1062,51,3,42,5712,152,75
2023,717,70,0,0,8864,46,74
2015,244,61,8,9,2524,8,4
2023,1062,87,3,85,7797,156,75
2022,726,92,4,69,6043,117,60
2022,858,48,4,69,7298,25,60
2018,966,83,0,12,10622,121,75
2022,1062,91,1,85,1600,37,75
2022,1082,60,0,0,2457,158,60
2022,112,51,4,84,1629,123,75
2023,726,48,4,69,10898,139,60
2023,1062,61,5,85,7847,158,75
2022,147,48,4,69,1570,117,60
2023,1062,44,8,85,7847,149,75
2022,1062,86,8,85,10372,158,75
2021,1062,59,0,0,8474,61,75
2020,934,51,0,0,442,157,72
2019,1062,61,8,84,2117,158,75
2023,965,62,5,0,2975,54,64
2016,112,92,4,63,8275,126,75
2023,412,51,3,0,747,154,60
2022,1062,55,6,85,7698,45,75
2017,691,51,0,0,898,139,38
2017,1062,92,0,0,11142,104,75
2024,1062,92,0,0,10482,158,75
2022,1062,74,5,85,1383,105,75
2016,1062,92,8,13,4998,71,75
2021,1062,75,3,85,1767,41,75
2023,1062,76,3,85,7730,158,75
2022,1079,57,0,0,11743,57,75
2021,1062,62,0,0,8426,124,75
2021,1062,92,5,85,8071,57,75
2020,1062,83,2,20,8924,70,75
2015,1135,61,8,9,12063,158,75
2022,1027,88,0,85,7565,154,73
2022,643,92,4,63,1781,40,60
2018,1062,92,1,9,862,74,75
2020,1062,80,1,26,10131,155,75
2021,1062,92,5,85,8809,54,75
2023,569,33,0,0,9293,113,75
2022,1055,92,4,9,11509,123,74
2021,518,72,0,0,3777,90,60
2021,1062,47,7,85,11097,136,75
2015,1062,92,4,9,8407,21,75
2022,96,92,4,63,4703,68,29
2023,592,33,0,0,9177,69,75
2019,1089,51,0,0,5479,158,60
2019,1062,52,0,42,7151,117,75
2021,1062,73,4,85,10335,102,75
2023,971,83,0,0,9829,158,64
2022,1062,52,7,85,3050,155,75
2016,1162,54,8,9,12092,158,75
2022,1062,84,5,85,8921,126,75
2022,1062,61,8,85,5654,157,75
2023,971,72,0,0,9459,69,75
2022,1062,54,5,85,7489,157,75
2022,1062,61,0,85,277,156,75
2022,412,52,7,0,658,154,60
2020,742,71,8,72,10093,158,62
2018,647,51,8,9,10165,158,16
2022,1062,52,0,41,6217,158,75
2017,514,85,8,68,11087,67,76
2022,209,54,0,0,8377,69,60
2018,1062,61,0,9,6456,158,75
2017,1021,61,4,9,388,158,75
2020,1070,68,0,1,3814,158,70
2020,1062,84,0,0,8017,154,75
2020,1062,52,8,9,5433,8,75
2022,490,90,0,0,8995,154,75
2020,1062,51,0,9,336,16,75
2020,329,43,0,5,5394,52,60
2014,953,92,8,72,9995,68,68
2021,1061,92,7,85,9349,136,74
2021,1062,58,5,85,2170,157,75
2023,830,32,0,2,7536,47,65
2020,764,21,8,64,2502,143,16
2018,869,71,3,13,824,140,60
2022,1062,42,8,85,2051,157,75
2018,1062,48,8,67,1779,158,75
2023,1062,62,0,9,2268,158,75
2020,1062,62,8,9,11590,158,75
2023,1062,85,8,85,8914,95,75
2018,1062,72,8,70,250,25,75
2021,1062,52,0,42,3529,158,75
2023,667,53,3,85,10499,141,63
2021,1062,92,1,85,9435,18,75
2022,1055,77,3,85,9946,67,76
2021,1062,61,0,9,2309,158,75
2023,317,24,0,2,8608,53,75
2022,1062,49,8,85,3508,103,75
2021,1062,72,0,37,5392,158,75
2018,1062,51,0,42,1085,158,75
2023,636,51,3,54,6970,145,29
2022,1062,38,3,85,2387,69,75
2021,375,56,0,0,8637,158,65
2014,1062,81,3,42,6939,28,75
2022,1062,83,8,85,2566,158,75
2023,1040,90,2,85,8630,151,60
2020,1062,41,1,5,3827,143,75
2022,959,61,0,0,9247,158,75
2019,1062,61,0,0,5578,158,75
2023,1062,92,0,70,10465,45,75
2021,427,47,0,2,1233,140,75
2014,791,52,7,24,5378,145,68
2021,583,51,3,9,5075,156,41
2017,1151,51,8,72,11357,158,75
2023,492,51,4,63,793,123,74
2023,1062,61,4,85,7416,158,75
2022,1062,58,0,85,1967,126,75
2018,1062,51,0,0,5406,89,75
2020,1062,92,0,48,3849,134,75
2014,602,61,5,18,8425,81,75
2022,209,31,0,0,8376,28,60
2018,1062,92,0,42,10437,158,75
2020,428,51,7,72,3787,117,8
2014,1062,51,5,66,11603,127,75
2020,1062,62,7,1,7481,158,75
2017,1062,61,0,0,10194,157,75
2022,1044,52,7,0,11281,158,75
2015,112,42,8,9,8236,68,75
2022,1062,48,0,9,5677,158,75
2021,1062,92,0,85,9524,19,75
2022,1062,57,0,85,6716,45,75
2022,1062,77,0,85,10453,118,75
2023,363,58,0,0,8861,119,68
2022,592,31,0,0,9140,69,75
2022,1062,61,0,85,11313,158,75
2015,691,92,3,42,820,77,38
2022,147,22,4,69,1573,80,60
2018,43,44,8,9,8413,21,75
2016,112,92,4,80,4436,69,75
2021,1062,47,6,85,10840,139,75
2022,948,59,0,85,9771,127,66
2022,1062,64,0,85,11677,152,75
2019,1062,53,0,0,6210,39,75
2018,1062,82,0,56,6740,158,75
2022,1074,92,0,9,11170,56,75
2020,1062,54,8,9,4646,157,75
2022,894,68,6,85,7573,158,75
2022,1062,52,7,63,6276,154,75
2021,829,66,0,4,5112,117,75
2021,872,62,0,0,5583,158,63
2021,1062,62,0,85,7757,135,75
2022,1062,48,0,85,11268,157,75
2021,1062,87,7,85,9235,130,75
2014,1062,61,8,42,5621,158,75
2018,1062,53,0,0,6055,136,75
2024,288,31,4,85,11506,123,74
2016,157,92,8,72,4003,7,6
2021,1062,61,0,10,8500,158,75
2022,726,48,4,69,6024,117,60
2015,633,61,8,72,511,104,49
2023,884,92,4,66,10965,154,60
2022,1079,61,0,0,11743,7,75
2022,591,55,0,0,9332,140,72
2017,355,48,3,85,1946,40,19
2016,1062,81,0,13,1497,28,75
2022,492,42,4,69,2899,123,74
2022,1062,39,0,85,4077,111,75
2023,1133,92,0,0,9003,158,60
2020,1062,61,8,72,934,158,75
2023,800,56,0,1,9547,158,75
2022,77,54,4,9,393,28,75
2023,1062,71,0,9,6261,158,75
2021,478,44,0,0,4419,158,75
2022,1062,92,2,85,10456,158,75
2023,1062,71,2,63,11176,45,75
2023,1062,76,3,85,8927,98,75
2023,1062,77,8,85,9004,41,75
2022,1079,57,0,0,11743,145,75
2022,58,54,0,0,970,158,60
2023,1062,74,2,85,2317,157,75
2022,1062,62,0,85,3720,158,75
2021,1062,62,0,42,8123,158,75
2015,1062,72,0,61,3370,158,75
2021,467,62,0,1,6336,158,75
2018,644,31,1,13,7130,157,16
2023,555,31,0,9,8019,143,75
2022,1062,56,0,85,6127,158,75
2021,1079,62,0,1,2296,158,75
2021,806,87,0,0,9656,78,75
2022,1062,86,0,85,7002,25,75
2018,411,81,3,13,893,155,60
2022,492,52,4,69,4362,123,74
2021,403,51,0,0,9649,40,60
2023,1062,52,0,85,6333,77,75
2021,1062,92,3,42,11200,154,75
2023,1062,54,0,9,4830,158,75
2023,1028,23,0,0,1895,120,74
2022,1062,52,0,85,2174,144,75
2021,522,81,4,9,1399,158,78
2023,1133,54,0,9,11393,158,60
2023,1062,60,8,85,8018,156,75
2020,1062,92,0,0,6776,158,75
2023,1067,88,0,0,3714,157,73
2022,1062,53,8,85,6726,74,75
2023,1062,54,1,85,8971,45,75
2022,411,92,3,0,11504,154,60
2016,1062,92,7,63,11495,154,75
2019,1062,61,0,42,1828,158,75
2023,1115,48,0,0,1211,158,60
2014,112,71,4,9,1745,21,75
2019,1062,61,8,0,10363,158,75
2021,1062,61,0,0,1237,158,75
2021,1018,54,0,0,7975,147,75
2017,404,44,0,0,3607,61,27
2022,291,59,0,6,8114,157,64
2020,969,75,0,0,8379,119,75
2023,850,47,0,0,5105,118,75
2017,742,71,8,72,6870,136,62
2022,1062,67,6,85,6730,158,75
2020,1062,92,7,28,8786,103,75
2022,1081,50,1,0,10720,145,62
2020,1062,81,2,72,602,158,75
2023,870,57,1,85,9968,62,69
2023,1062,44,0,9,7359,158,75
2014,1164,81,8,9,470,133,75
2022,591,92,0,1,8864,45,75
2020,902,54,8,9,6758,158,75
2023,1062,52,8,85,8386,106,75
2020,1089,61,0,1,10374,158,60
2022,1062,89,6,85,2437,144,75
2020,873,62,0,1,3376,158,75
2016,742,81,8,72,6376,158,62
2024,1062,92,0,85,2632,157,75
2021,1062,92,0,85,4122,64,75
2023,1062,57,3,85,6759,123,75
2022,1062,80,2,85,7390,144,75
2022,872,69,0,0,9813,81,75
2018,1062,51,0,13,6173,158,75
2017,1062,62,0,1,5189,158,75
2020,1089,51,0,1,7408,25,60
2022,726,92,4,63,6738,44,60
2022,512,31,0,0,4641,158,75
2022,147,48,4,69,1592,117,60
2023,1062,62,0,85,12071,158,75
2022,1065,52,0,0,2477,144,61
2020,1012,62,0,1,6077,158,75
2022,1062,49,0,85,2390,113,75
2022,168,53,0,0,2051,158,67
2023,1029,52,0,1,11477,140,63
2023,1062,54,0,85,4858,158,75
2020,805,58,0,1,1620,150,75
2022,1062,61,0,0,3743,158,75
2016,982,51,0,9,7326,123,75
2021,1062,62,0,0,10621,158,75
2014,112,92,4,63,4409,68,75
2022,1062,62,0,9,3071,158,75
2015,1062,53,0,9,11753,157,75
2020,1062,70,0,0,10078,158,75
2023,1062,51,0,9,8286,45,75
2018,1062,54,0,9,9867,131,75
2022,806,82,0,0,9656,25,75
2022,763,92,4,69,9830,154,60
2014,670,81,8,72,458,61,27
2022,1062,52,0,85,10239,92,75
2020,1060,51,0,1,6325,157,74
2023,1133,61,0,9,10287,157,60
2020,1062,54,0,9,847,69,75
2017,691,31,0,0,898,71,38
2022,1062,61,0,72,9526,158,75
2022,1062,48,0,85,218,109,75
2023,412,92,3,9,11512,154,60
2022,1062,51,3,85,527,147,75
2019,1062,81,2,42,4525,158,75
2014,991,81,8,72,149,158,42
2021,1062,92,0,85,3840,73,75
2023,697,54,2,85,10475,115,64
2023,1062,26,3,85,7958,98,75
2022,1089,22,5,85,9112,88,66
2023,1062,53,6,85,9360,116,75
2022,1052,83,5,85,9343,117,77
2022,58,48,8,85,11341,49,60
2023,1010,61,0,0,10243,157,75
2021,1062,56,0,9,6817,103,75
2023,592,54,0,9,9169,157,75
2017,1062,56,0,9,6478,158,75
2022,1062,29,0,85,2471,63,75
2022,1062,49,0,85,2266,157,75
2018,1062,52,0,9,11897,158,75
2021,1062,92,1,85,3530,158,75
2022,1062,61,0,85,10395,8,75
2022,726,48,4,69,5989,129,60
2023,543,62,4,41,9109,123,75
2021,1013,92,7,85,8739,16,70
2017,989,51,0,9,8703,158,77
2019,503,92,7,9,4647,28,75
2022,1062,92,7,85,9085,158,75
2023,1062,33,8,85,2225,158,75
2014,112,92,4,63,4483,68,75
2021,1062,59,0,85,10452,27,75
2022,1062,52,3,9,5636,154,75
2022,656,92,5,85,8928,82,40
2019,1062,62,0,4,3975,158,75
2021,1062,62,0,85,4710,68,75
2022,1062,73,3,85,11253,158,75
2022,1062,57,0,85,6605,95,75
2014,1062,51,0,64,2619,158,75
2017,1062,52,0,19,2483,158,75
2022,112,31,4,9,1625,123,75
2019,1062,52,3,35,8534,158,75
2022,902,68,4,65,7436,112,60
2023,1041,86,0,0,9946,158,62
2022,913,37,0,0,7305,148,75
2021,1062,92,8,1,10708,21,75
2023,1133,55,0,0,11771,157,60
2022,112,48,4,9,4447,123,75
2022,1062,92,2,85,8066,130,75
2023,1062,22,4,85,7989,23,75
2017,980,63,0,11,11854,158,75
2023,726,48,4,69,5922,86,60
2018,898,68,4,33,8517,23,75
2020,1062,92,8,0,705,158,75
2021,1062,54,0,1,2241,158,75
2023,1062,61,7,85,6734,155,75
2023,1062,31,0,85,7393,157,75
2023,253,31,0,4,8663,35,66
2019,1062,54,8,9,10694,158,75
2017,567,51,8,80,4991,21,75
2021,172,52,0,0,7363,45,60
2021,195,51,2,66,1285,134,65
2021,1062,51,0,53,2781,155,75
2020,1062,61,8,63,11374,158,75
2023,488,31,0,9,11995,116,75
2023,1062,44,8,85,7950,157,75
2022,730,52,4,69,10763,140,60
2022,1062,72,2,85,11259,158,75
2020,1062,54,8,63,3953,155,75
2017,412,48,7,0,11174,45,60
2023,1062,55,0,85,8885,35,75
2020,1009,71,1,42,11212,158,75
2023,1062,33,0,9,4313,158,75
2022,203,42,0,0,2081,158,60
2021,1062,51,0,9,4823,158,75
2016,1062,51,7,63,865,139,75
2023,1062,90,8,85,8900,40,75
2022,1062,60,0,85,6280,127,75
2023,1062,35,8,85,2311,157,75
2020,1062,92,8,64,10463,45,75
2021,1062,62,0,0,11811,104,75
2023,1062,53,3,85,9097,61,75
2014,1062,81,2,9,12014,158,75
2023,726,92,4,63,10873,140,60
2023,654,62,0,9,9366,69,75
2021,1062,51,5,66,7498,135,75
2015,453,52,0,9,454,156,75
2020,1062,61,0,13,7055,158,75
2023,1062,65,0,85,9437,7,75
2022,806,31,0,0,9656,158,75
2020,1062,81,0,9,4304,158,75
2023,1062,61,0,9,9651,158,75
2015,921,51,8,9,7651,158,75
2021,1062,81,8,9,8797,155,75
2022,1062,70,4,85,9186,76,75
2023,923,62,0,0,9900,158,75
2016,1062,51,8,42,2180,158,75
2020,1062,31,8,9,11224,158,75
2022,1062,27,4,85,4006,116,75
2023,1062,92,8,85,3021,158,75
2014,1062,81,8,63,4102,154,75
2015,160,71,4,68,1896,7,5
2021,410,31,0,0,9675,126,60
2022,564,26,0,2,3190,48,62
2016,1062,56,2,36,11626,111,75
2021,685,53,0,0,7643,158,75
2023,1062,72,8,85,2691,156,75
2021,1062,57,0,35,2812,109,75
2023,1062,54,0,40,542,154,75
2022,1062,81,0,41,3277,158,75
2021,1062,56,0,0,11802,158,75
2019,1062,62,8,72,8772,158,75
2019,1062,92,0,0,9525,158,75
2019,1062,92,3,9,2012,16,75
2022,1049,92,7,85,10269,125,77
2022,1062,92,7,85,9078,158,75
2022,361,84,2,2,6675,124,20
2023,1062,61,4,72,4843,74,75
2024,1062,56,0,0,7504,135,75
2021,1062,92,0,0,8565,158,75
2021,1062,55,6,85,1923,61,75
2021,620,61,0,0,2684,157,67
2018,1062,81,2,9,2934,157,75
2020,1062,61,0,0,8893,158,75
2022,273,59,4,67,1619,72,60
2021,592,31,0,0,5161,158,75
2022,1048,91,7,0,8498,28,75
2018,1062,92,0,9,11873,158,75
2017,1062,44,8,72,5158,157,75
2021,1062,59,8,85,6192,143,75
2022,1062,70,1,85,4019,145,75
2021,1062,61,0,0,3214,158,75
2023,1062,55,5,85,2654,156,75
2016,1062,92,8,80,4553,116,75
2019,991,68,0,1,3584,77,73
2023,635,34,0,0,2111,141,75
2023,1062,58,5,85,4045,158,75
2023,122,69,0,0,8384,158,60
2020,1062,92,8,0,4716,158,75
2022,1062,48,5,85,8421,157,75
2021,1062,49,8,85,1717,78,75
2023,1062,92,8,70,7777,158,75
2020,1062,51,8,63,2550,158,75
2021,1062,45,5,85,2326,39,75
2022,1062,92,0,0,11652,159,75
2022,1062,92,8,85,8954,104,75
2021,1062,52,0,1,7601,158,75
2022,112,51,4,72,8249,123,75
2023,1062,92,1,85,3108,157,75
2019,1062,46,0,25,6645,134,75
2020,714,61,0,1,11129,25,75
2022,1062,51,0,0,8861,157,75
2018,1062,51,0,0,2598,158,75
2020,1062,44,0,9,440,158,75
2020,1062,54,0,9,8333,158,75
2021,1062,61,0,1,2310,158,75
2018,1062,71,0,9,9227,158,75
2021,1062,46,5,85,1490,21,75
2022,1062,92,0,0,8517,27,75
2022,1062,72,8,85,1950,32,75
2015,390,81,4,72,195,61,75
2022,806,31,0,0,9656,90,75
2020,1062,51,8,85,2207,55,75
2023,1062,52,8,85,2787,147,75
2022,1062,88,0,85,10269,110,75
2022,1062,60,2,85,1897,115,75
2019,1083,53,0,12,5489,158,63
2022,1062,53,6,85,7931,157,75
2015,1062,51,0,42,3492,157,75
2016,157,92,8,72,4003,7,6
2020,712,41,3,0,8832,114,75
2022,1079,61,0,0,11743,37,75
2018,1062,81,8,42,10372,157,75
2022,1079,34,0,0,11743,140,75
2016,989,62,0,9,11120,158,77
2021,1062,62,0,0,10644,45,75
2020,951,62,0,1,5912,158,75
2020,859,68,0,6,4125,139,75
2015,1062,72,0,9,7868,158,75
2021,1062,69,0,85,1503,75,75
2021,1062,87,6,85,3986,158,75
2022,1062,56,0,9,3707,158,75
2019,644,62,3,13,2508,158,16
2021,1062,55,8,85,11964,158,75
2015,1062,51,8,63,2620,158,75
2023,1133,45,0,9,8007,158,60
2022,1062,48,2,85,10727,141,75
2023,1133,54,0,0,3347,157,60
2022,407,78,0,0,8561,84,75
2022,1062,32,7,85,4507,158,75
2023,1062,61,1,85,8875,50,75
2022,1062,89,0,85,1802,35,75
2017,1062,72,0,9,1527,158,75
2022,1062,81,0,85,10567,125,75
2022,726,48,4,69,5985,41,60
2019,1062,92,8,13,9528,158,75
2014,1062,92,0,72,10764,116,75
2023,759,42,1,85,9300,121,75
2022,1038,53,0,0,3379,67,74
2022,1062,51,0,85,4597,154,75
2019,527,61,7,8,4158,136,69
2019,1062,92,0,0,724,158,75
2022,1062,51,0,85,10753,136,75
2019,1062,54,0,42,7409,158,75
2023,1062,71,0,9,7645,158,75
2020,558,72,3,0,8476,107,66
2022,726,68,4,69,6023,100,60
2023,1062,32,0,0,3715,158,75
2021,381,31,0,54,2240,25,60
2023,1003,62,2,85,7781,48,75
2023,784,51,0,0,5504,69,75
2021,1062,63,7,85,11413,145,75
2023,1062,51,8,85,9455,104,75
2021,1062,64,4,85,6803,38,75
2022,1062,52,1,85,378,142,75
2021,1062,86,7,85,9211,129,75
2023,1062,36,0,1,5142,92,75
2023,1062,62,0,41,2702,158,75
2023,929,49,0,0,9982,153,75
2023,1133,92,0,9,5572,158,60
2020,742,71,8,72,8816,158,62
2021,335,60,0,0,7685,134,75
2022,203,33,0,0,2081,64,60
2022,858,48,4,69,7299,94,60
2023,1133,81,0,9,3533,158,60
2015,1062,51,8,9,6885,158,75
2021,1062,58,2,85,2562,94,75
2018,473,50,2,85,1334,53,28
2023,724,92,2,85,9146,67,48
2015,1062,52,0,9,3580,158,75
2017,1062,52,0,63,1932,123,75
2018,1062,71,0,63,6639,158,75
2023,698,75,0,0,6904,129,72
2021,1062,62,0,42,6583,158,75
2021,1062,48,0,85,9667,40,75
2018,1062,62,0,42,5398,158,75
2014,1062,44,0,9,4972,158,75
2023,1062,57,1,85,8884,35,75
2022,1056,23,0,85,7501,49,73
2021,1062,52,0,85,6293,23,75
2022,1090,69,0,0,12035,102,68
2022,1062,92,0,85,3168,158,75
2023,731,72,0,0,9650,157,73
2022,1110,22,4,85,9766,154,60
2022,365,61,0,8,3217,147,75
2022,812,22,4,69,6813,52,75
2022,1062,62,8,85,9639,15,75
2021,1062,37,0,85,153,56,75
2022,958,46,6,85,7770,147,70
2020,1062,61,0,9,10242,157,75
2021,1062,68,3,85,9220,73,75
2017,742,71,8,72,6374,158,62
2021,1062,37,0,85,168,68,75
2022,726,52,4,69,10894,154,60
2023,252,52,0,9,1275,158,60
2018,1062,61,0,9,11993,158,75
2018,1062,52,0,9,1684,158,75
2019,1039,48,0,3,2129,56,69
2021,1062,40,0,0,3827,158,75
2022,1062,37,0,85,2892,91,75
2023,784,49,0,9,9588,158,75
2021,1062,51,0,1,6322,158,75
2020,362,48,0,1,3685,45,75
2023,1062,47,8,85,8939,157,75
2020,1089,62,0,0,7634,158,60
2021,1062,89,0,85,3986,79,75
2022,112,92,4,9,8250,123,75
2023,1062,71,3,85,8938,82,75
2023,1133,52,0,9,5531,158,60
2019,1062,92,0,42,2219,158,75
2016,1062,92,0,9,10436,158,75
2022,1062,62,0,9,2031,158,75
2016,1062,92,8,80,4553,116,75
2023,13,62,0,0,2335,25,75
2022,1062,79,4,85,3869,158,75
2016,742,81,8,72,10746,158,62
2015,523,44,8,9,4751,158,75
2023,1062,58,8,85,6033,129,75
2020,1062,31,0,13,7049,155,75
2021,1062,51,7,63,1423,155,75
2018,1062,51,0,0,185,158,75
2017,1062,49,5,39,10946,121,75
2022,1062,57,0,85,3984,157,75
2022,656,51,0,85,10605,137,75
2022,1079,61,0,0,11743,143,75
2022,1062,24,7,85,6570,32,75
2022,1062,61,0,85,2384,96,75
2023,1062,70,2,85,279,158,75
2021,1062,56,8,85,5255,157,75
2019,1062,61,0,0,757,158,75
2023,620,48,0,3,8269,108,68
2015,112,92,4,9,8237,146,75
2017,1062,52,0,9,1001,131,75
2016,291,58,1,29,3959,64,29
2023,1062,62,0,85,7466,158,75
2017,112,71,4,72,8267,21,75
2017,1062,81,3,42,9309,93,75
2014,112,92,4,63,8203,158,75
2022,112,51,4,72,173,123,75
2022,90,53,0,0,8785,146,60
2023,896,70,1,85,9638,49,61
2021,1062,61,0,0,10220,88,75
2017,640,70,6,63,8378,143,75
2022,1062,62,8,85,2845,63,75
2023,1062,92,8,85,3693,158,75
2023,1031,32,7,85,8454,152,72
2022,1062,31,7,85,2249,141,75
2022,1062,92,6,85,9073,158,75
2022,1062,62,0,86,1717,158,75
2022,1062,74,1,85,4688,102,75
2018,1062,61,0,9,137,158,75
2017,1062,59,8,72,9134,150,71
2016,938,52,4,63,9957,23,67
2023,1062,72,8,85,8072,155,75
2017,581,48,8,9,215,8,81
2022,203,31,0,0,2081,158,60
2018,1062,72,0,0,1734,157,75
2023,1062,91,7,85,9080,154,75
2019,1062,69,0,21,6726,44,75
2020,1062,51,0,63,6479,158,75
2021,806,31,0,0,9656,61,75
2022,203,48,0,0,2081,158,60
2021,659,50,4,0,3558,91,69
2023,1133,71,0,9,11833,158,60
2023,1062,52,0,85,1840,158,75
2022,1062,61,8,85,9742,22,75
2020,1062,61,0,13,7060,158,75
2022,1062,72,8,85,1600,71,75
2022,147,51,4,69,1588,123,60
2019,1062,51,7,63,8081,158,75
2021,490,31,0,0,6954,158,60
2022,1062,23,0,85,2351,74,75
2019,1062,54,8,20,4578,61,75
2017,412,51,7,0,11174,154,60
2015,1062,81,8,28,1536,158,75
2022,1062,58,0,85,6563,105,75
2022,1062,58,5,85,11455,105,75
2021,1062,51,0,42,1436,158,75
2015,980,51,0,13,415,25,75
2021,1062,62,8,85,6029,158,75
2021,1062,74,3,85,1828,19,75
2023,84,61,0,0,8192,158,75
2014,1062,81,0,63,6634,158,75
2023,1062,53,3,85,9148,67,75
2020,1043,62,0,1,6463,158,75
2017,1062,71,0,9,1454,158,75
2021,1062,62,8,85,1166,157,75
2022,1062,92,3,85,10222,73,75
2022,1065,57,7,85,10250,156,73
2023,1133,52,0,85,2114,158,60
2021,1062,71,0,85,5078,128,75
2024,820,62,0,0,9225,158,60
2016,851,92,8,72,11347,61,27
2019,1050,92,3,42,10158,158,75
2022,1062,62,0,0,9124,49,75
2015,441,62,8,9,3865,157,75
2023,1133,33,0,0,3394,158,60
2018,1062,44,0,13,2133,158,75
2023,1000,81,8,9,810,21,75
2014,1062,92,8,72,11048,99,75
2017,1062,51,0,9,7954,139,75
2023,1062,92,8,72,11154,157,75
2023,1062,48,8,85,7932,157,75
2022,1054,75,8,85,10901,135,76
2020,1062,59,0,3,11283,157,75
2022,426,22,4,84,7104,68,75
2017,381,41,4,85,2527,21,21
2020,1062,51,0,9,11468,158,75
2022,1062,57,0,85,6127,158,75
2022,1062,89,7,85,2604,158,75
2019,261,63,3,24,4529,78,39
2022,692,52,0,41,2120,156,38
2022,147,48,4,69,1581,117,60
2022,1062,62,0,9,9945,158,75
2023,1062,61,8,85,1178,158,75
2022,1062,56,8,85,3523,157,75
2014,350,54,8,63,10983,149,70
2023,1062,81,8,85,3015,157,75
2022,1062,92,0,41,6357,158,75
2021,1062,62,0,1,5417,158,75
2022,1089,92,0,1,7544,30,60
2021,1079,72,0,30,8442,108,65
2023,784,31,0,9,9592,158,75
2022,726,88,4,69,6025,114,60
2014,953,51,8,63,364,158,68
2014,1062,51,8,9,6669,157,75
2022,1079,31,0,0,11743,49,75
2023,1062,79,8,85,8986,37,75
2022,59,54,0,0,8388,158,60
2014,1062,51,0,9,3027,143,75
2022,1062,62,8,85,5740,158,75
2022,1062,92,3,85,9834,78,75
2020,1062,52,8,85,1258,157,75
2023,1062,52,8,85,8117,95,75
2023,932,40,0,0,4945,158,75
2020,1091,31,0,1,9434,21,75
2016,4,44,8,9,6,158,75
2017,1062,51,0,9,6545,61,75
2023,286,53,0,9,1007,65,65
2022,1062,31,7,85,2573,158,75
2022,1062,62,0,0,5160,158,75
2022,58,92,0,0,8160,38,60
2021,1062,87,6,85,4017,158,75
2021,1062,54,0,37,6756,158,75
2022,1062,72,2,85,8965,56,75
2020,1062,52,0,67,2064,155,75
2020,1131,31,8,72,11626,49,75
2021,410,50,0,0,9675,43,60
2016,742,81,8,72,538,158,62
2022,620,35,0,4,1098,69,66
2022,149,41,0,0,3160,63,60
2022,1042,62,0,1,1371,126,60
2023,1062,68,5,85,9963,157,75
2023,1062,22,3,85,7871,28,75
2021,1062,54,0,0,11442,158,75
2021,1062,57,4,85,2468,94,75
2014,1062,92,8,42,10504,89,75
2022,890,31,0,0,7178,158,75
2023,931,82,7,85,9861,147,63
2023,624,62,0,9,9295,158,75
2017,972,39,0,15,10416,138,75
2021,955,61,0,9,7995,158,75
2024,1062,71,0,72,8874,158,75
2022,821,54,0,0,3115,69,75
2018,1062,61,0,9,6550,157,75
2021,962,57,0,25,11513,68,68
2020,1062,62,8,9,6706,158,75
2023,1062,37,5,85,2867,158,75
2021,929,58,0,2,5408,135,60
2023,1062,62,0,41,4215,158,75
2021,1062,64,1,85,7791,137,75
2022,575,80,0,32,5631,120,75
2017,1062,92,0,9,10102,158,75
2022,1062,84,0,85,8852,131,75
2016,1062,92,8,72,10369,154,75
2022,1062,64,0,85,8393,58,75
2022,731,62,0,0,9516,158,75
2019,1062,62,8,63,2135,25,75
2022,726,48,4,69,5922,86,60
2023,1062,81,2,85,9014,156,75
2018,1062,62,0,9,7788,158,75
2021,1062,44,0,0,8911,69,75
2022,1062,53,0,9,3696,158,75
2022,473,54,0,1,7594,158,60
2024,502,48,0,9,4628,158,75
2023,1093,57,0,0,8314,108,68
2017,1062,62,0,0,10719,158,75
2022,1062,92,5,85,4520,94,75
2018,1062,82,0,21,1239,157,75
2023,607,61,0,0,9236,156,75
2022,1079,49,0,0,11743,157,75
2023,1133,54,0,0,7671,157,60
2023,726,99,4,63,9644,69,60
2022,763,45,4,69,9771,154,60
2022,595,92,4,85,8961,93,35
2014,1062,51,8,63,7723,104,75
2019,1062,61,0,42,8451,158,75
2023,316,59,0,3,7960,107,67
2023,1062,82,1,85,8788,95,75
2021,1062,92,4,85,8363,84,75
2022,936,39,0,0,8275,77,65
2016,120,54,4,63,4495,35,19
2022,1062,55,0,85,10002,115,75
2023,605,62,0,9,8839,158,75
2016,1062,61,0,9,2962,158,75
2020,1062,61,0,9,10264,157,75
2023,1062,52,8,85,5654,158,75
2023,1062,61,8,9,10290,158,75
2022,333,67,0,0,8108,73,64
2022,147,22,4,69,1587,154,60
2022,196,99,3,41,7142,13,27
2022,558,31,4,85,10892,158,60
2018,1062,81,0,1,6384,28,75
2019,1062,62,8,9,12025,158,75
2015,1062,61,8,72,10253,158,75
2023,783,92,0,2,8365,115,75
2023,723,49,2,65,11133,84,64
2022,1062,50,0,85,7996,156,75
2021,1013,61,0,59,7401,157,75
2021,1062,76,3,85,10195,97,75
2023,592,54,0,0,8016,143,75
2022,826,52,0,0,6814,158,75
2019,1062,62,0,0,8437,158,75
2023,84,31,0,0,8197,103,75
2020,1062,86,0,0,8234,158,75
2021,1062,62,0,1,12062,158,75
2019,1061,61,0,2,11545,152,58
2015,556,72,5,67,8116,112,75
2021,1062,74,8,85,8685,109,75
2020,714,62,0,1,9443,158,75
2020,1062,92,8,63,2556,158,75
2022,1062,57,0,0,6557,114,75
2022,1062,61,0,85,4192,157,75
2023,1062,85,8,85,8916,103,75
2020,1062,92,7,63,2496,61,75
2015,860,92,4,72,188,63,29
2016,157,92,8,72,4003,7,6
2022,1062,61,3,85,3046,158,75
2020,746,84,0,1,3443,158,64
2023,84,61,0,9,5459,158,75
2022,9,52,4,85,8141,123,75
2022,1062,61,8,85,9809,28,75
2018,1062,62,0,9,3069,158,75
2020,1062,62,0,27,5461,158,75
2021,1062,62,0,0,620,158,75
2021,360,53,0,4,3282,64,63
2014,1062,42,8,72,11023,158,75
2021,815,59,0,0,9648,153,75
2023,497,91,4,85,9012,111,27
2022,58,31,0,0,970,158,60
2023,1062,62,0,9,3348,158,75
2022,637,62,0,0,9301,158,75
2023,859,62,7,85,7632,149,75
2022,276,54,0,0,3108,143,75
2022,1062,62,0,9,11799,158,75
2022,1062,72,0,85,1921,158,75
2023,1083,61,1,85,8854,155,68
2022,1062,75,3,85,3939,158,75
2019,1062,61,0,0,9569,158,75
2021,192,58,0,0,2005,158,67
2023,1133,92,0,9,2682,65,60
2023,638,53,3,85,10600,145,62
2023,1133,62,0,9,5411,158,60
2021,1062,61,0,0,3084,158,75
2020,1062,58,0,1,2971,101,75
2020,913,61,8,13,4676,49,75
2022,1062,62,0,41,9370,158,75
2023,252,52,0,9,1782,158,60
2020,1062,52,8,42,5743,158,75
2020,1062,31,0,0,2359,49,75
2023,1133,81,0,0,3227,158,60
2014,1062,72,0,61,7181,158,75
2022,726,48,4,69,5918,86,60
2022,1062,51,7,72,8011,154,75
2023,704,58,0,3,3636,97,75
2021,1056,92,6,85,9186,140,71
2014,1062,22,3,13,887,158,75
2023,1062,49,8,85,7108,93,75
2023,558,92,4,63,10894,69,60
2022,1062,56,8,85,1426,124,75
2023,1062,53,7,85,9423,105,75
2024,1062,92,0,72,11189,158,75
2019,947,84,4,22,4070,35,75
2022,1062,62,0,0,12028,158,75
2023,918,60,0,6,1553,128,75
2023,726,92,4,63,1812,45,60
2023,252,61,0,9,8641,158,60
2022,1062,65,0,85,9312,155,75
2023,862,56,0,1,5357,157,63
2021,1062,52,0,9,6076,158,75
2021,1062,61,0,85,7698,8,75
2018,1062,61,0,9,347,166,75
2020,607,71,0,1,6296,155,75
2021,1062,44,1,86,11026,41,75
2019,1062,92,0,0,10335,158,75
2020,1062,63,2,26,312,102,75
2022,112,72,4,9,8256,27,75
2022,1062,61,0,41,9360,158,75
2015,1062,56,8,70,11935,157,75
2023,1062,54,8,9,3361,158,75
2021,1062,59,2,85,848,117,75
2023,1062,54,0,41,3279,158,75
2018,236,52,0,13,7100,123,65
2020,1062,56,8,85,8821,59,75
2024,1062,52,0,9,882,158,75
2024,1062,61,0,85,9406,5,75
2022,1062,65,0,0,1154,158,75
2021,1040,51,0,0,3816,149,75
2022,1062,52,0,85,3883,158,75
2022,1062,59,0,85,2813,142,75
2024,1062,86,0,0,10965,157,75
2020,445,85,7,70,3903,40,75
2022,863,56,0,0,9375,158,75
2019,955,95,2,43,2019,93,68
2015,1062,72,0,61,3642,158,75
2023,1062,60,7,85,6684,157,75
2022,574,48,0,0,8485,158,75
2020,1062,62,8,9,11696,25,75
2023,622,33,0,0,11934,158,75
2018,1062,61,0,9,10865,158,75
2021,1062,77,3,57,7433,128,75
2020,1062,61,8,72,11229,158,75
2022,703,92,4,65,10964,58,64
2021,1062,33,0,33,7115,85,75
2018,1062,22,0,1,11674,61,75
2020,822,75,0,1,9033,107,66
2018,1062,61,0,0,9337,158,75
2014,602,81,4,72,11008,162,55
2020,742,71,8,72,8819,158,62
2021,1062,86,4,85,5667,97,75
2024,1062,92,0,85,9724,25,75
2016,162,64,5,63,2086,105,75
2023,1062,92,0,85,1972,158,75
2023,1062,62,8,85,6708,158,75
2023,944,72,0,85,10107,154,75
2016,405,51,8,9,3613,45,75
2021,1062,44,8,85,1982,36,75
2016,1134,22,0,0,2709,158,75
2023,1062,61,6,85,5647,28,75
2021,928,80,0,3,9354,143,69
2022,1062,92,0,85,10451,121,75
2023,733,32,0,2,7536,113,75
2022,1062,61,0,0,2792,90,75
2014,1062,61,8,42,1787,158,75
2014,1062,51,0,42,5331,158,75
2015,667,54,5,27,11240,142,58
2015,112,92,8,9,5448,45,75
2018,1062,51,8,63,10725,116,75
2023,1062,92,0,0,10120,158,75
2016,1062,52,0,9,5765,106,75
2016,112,92,4,28,1624,158,75
2015,775,51,8,63,6528,157,75
2023,58,52,0,0,8166,69,60
2019,1062,61,8,13,4904,158,75
2022,781,51,0,0,9442,155,75
2022,777,31,4,69,9837,71,74
2022,1062,72,0,41,3561,158,75
2023,1062,92,0,0,1330,159,75
2017,309,81,7,72,402,155,30
2018,187,82,5,19,2636,115,77
2015,1062,51,8,9,4416,157,75
2019,1062,59,0,0,2047,158,75
2021,1062,36,8,85,3255,115,75
2020,1062,61,0,13,7054,158,75
2021,1062,62,0,0,8708,45,75
2023,1062,52,0,9,3471,158,75
2022,911,61,0,0,260,158,75
2021,1062,62,0,0,10337,45,75
2022,992,63,0,8,3821,151,71
2022,549,92,0,0,10703,30,75
2022,1062,92,8,69,10781,154,75
2023,1062,57,0,85,8839,38,75
2019,1062,92,8,72,8537,158,75
2019,112,92,4,28,4516,69,75
2015,63,92,3,13,11759,24,81
2021,1062,55,8,85,6071,93,75
2021,1062,76,3,85,10344,147,75
2016,1062,51,0,9,2774,158,75
2022,1062,55,0,85,7962,119,75
2021,1062,51,0,9,776,89,75
2022,1062,61,8,85,4139,158,75
2020,1062,62,0,0,3533,82,75
2022,552,52,0,9,4893,69,75
2023,1062,62,0,0,3428,158,75
2023,1062,59,1,85,6897,157,75
2018,836,73,0,0,832,158,52
2023,1062,76,0,85,3173,132,75
2016,145,89,4,64,4535,148,70
2019,1062,81,0,42,509,158,75
2014,1062,44,0,9,3434,158,75
2022,1062,51,0,63,4405,28,75
2023,735,38,0,85,9292,147,75
2022,576,58,4,85,10837,22,37
2022,1062,92,0,85,9727,85,75
2022,1062,37,5,85,2125,69,75
2023,1062,61,0,85,6128,158,75
2023,247,51,0,0,10482,69,75
2022,1062,80,8,85,1891,6,75
2015,1062,48,8,72,4033,21,75
2022,516,52,7,0,3933,58,29
2022,1062,92,3,9,5636,154,75
2023,1133,71,0,9,8924,158,60
2022,203,52,0,0,2081,49,60
2023,725,42,0,0,9475,69,75
2023,1133,52,0,0,8026,158,60
2021,1062,62,0,9,5700,158,75
2019,1062,57,4,24,10987,158,75
2023,1133,54,0,0,7673,158,60
2018,1062,62,0,42,4183,158,75
2023,1096,77,0,0,3942,158,67
2022,1062,62,0,85,6794,158,75
2015,409,53,4,63,5394,155,77
2022,1062,92,0,85,10451,124,75
2021,1062,50,8,85,2494,116,75
2022,1062,62,0,41,3790,158,75
2021,583,51,3,9,5080,126,41
2023,1062,56,0,85,8833,29,75
2021,1062,56,5,85,2375,74,75
2015,921,81,8,9,7277,155,75
2023,972,61,0,7,5855,158,75
2023,526,90,3,85,9018,109,29
2020,355,62,8,1,3664,49,75
2023,1062,61,0,0,6208,158,75
2022,1062,44,0,9,8075,69,75
2023,1062,52,0,85,106,155,75
2022,992,70,1,85,7581,155,54
2014,953,92,4,72,9990,126,68
2022,1062,25,0,85,2289,100,75
2021,1062,51,8,13,11473,158,75
2021,1062,64,6,85,6232,140,75
2022,1062,74,1,85,1329,85,75
2022,1062,28,5,85,4105,126,75
2021,1062,52,0,85,6599,163,75
2018,912,51,6,52,7512,27,72
2021,1062,72,0,61,3729,158,75
2023,669,61,1,85,10550,148,75
2020,1062,54,1,42,7944,157,75
2022,1062,73,3,28,10872,73,75
2021,835,22,7,84,5741,61,16
2023,621,23,0,7,9227,82,75
2023,757,77,2,85,9060,99,49
2022,581,98,0,3,9189,69,74
2019,691,52,0,20,3518,27,38
2022,782,58,0,0,1378,157,60
2022,74,51,0,0,1099,145,60
2016,157,92,8,72,4003,7,6
2015,1062,52,0,9,248,158,75
2022,1062,62,0,9,11479,158,75
2021,190,38,0,0,1997,94,68
2021,515,65,0,0,6701,123,75
2022,1062,60,8,85,1251,152,75
2022,1062,79,0,85,6755,32,75
2014,1062,61,8,63,126,158,75
2023,695,38,0,0,9395,96,75
2020,607,99,0,1,7763,77,75
2022,331,72,0,0,2914,146,75
2023,1062,54,0,87,1810,155,75
2024,502,54,0,9,10985,158,75
2022,1062,65,0,85,10595,125,75
2021,1062,62,8,85,6102,158,75
2018,83,92,4,72,10058,52,71
2020,981,51,5,20,886,158,77
2021,806,40,0,0,9656,5,75
2014,345,74,6,63,323,155,75
2022,565,78,0,7,9278,141,75
2021,1062,42,0,0,2173,21,75
2022,203,81,0,1,10602,62,74
2020,691,52,0,9,10133,155,38
2022,649,65,0,0,9936,59,61
2021,1062,67,8,0,6835,55,75
2022,806,31,0,0,9656,158,75
2020,1062,61,0,0,1783,158,75
2021,1062,92,3,85,7654,90,75
2021,1062,45,0,86,10577,25,75
2020,1062,61,8,9,2670,158,75
2021,1062,61,0,0,3079,158,75
2021,1062,36,3,85,2092,157,75
2023,436,51,0,6,8958,139,70
2023,1062,66,2,85,9285,42,75
2022,1062,48,8,85,8374,121,75
2023,121,54,0,0,6067,49,61
2023,1062,37,8,85,2362,157,75
2022,1062,72,0,0,5332,25,75
2017,1062,92,3,42,896,15,75
2023,592,44,0,0,1698,27,75
2022,1005,36,1,85,7350,95,58
2022,1062,54,7,85,8088,21,75
2021,1062,57,0,85,1054,61,75
2023,1062,86,8,85,3017,157,75
2018,924,62,5,0,516,25,61
2020,909,68,0,1,3963,158,65
2023,1062,67,0,85,9902,73,75
2023,784,48,0,9,9590,158,75
2021,1062,71,8,72,10026,77,75
2021,1062,45,2,85,10028,149,75
2017,1062,51,0,0,4842,158,75
2016,1062,62,8,80,4553,116,75
2022,1062,62,0,9,2438,158,75
2020,1062,71,3,0,9572,150,75
2022,1062,67,0,85,2406,157,75
2022,1062,81,3,9,3735,158,75
2023,691,81,3,85,6958,77,38
2020,1062,61,8,9,280,158,75
2023,1062,62,0,9,7233,158,75
2019,1062,62,0,0,6100,158,75
2021,1062,51,8,72,9026,8,75
2023,684,56,0,2,8976,82,75
2020,427,49,0,4,8529,70,64
2022,476,66,2,68,10148,102,75
2023,652,92,5,85,8305,47,42
2022,891,77,6,77,9813,158,69
2023,696,31,0,85,9410,144,75
2016,412,30,7,59,11399,154,60
2022,1062,31,0,41,6632,158,75
2016,1062,54,0,9,444,143,75
2022,428,52,8,41,11445,15,8
2017,1062,61,0,9,2565,158,75
2021,1062,48,0,85,9568,39,75
2017,1062,81,4,34,6050,158,75
2022,1062,61,3,85,519,158,75
2014,873,81,8,72,10016,136,69
2021,1062,48,7,85,831,157,75
2024,1062,61,0,85,3389,157,75
2022,203,48,0,0,2081,16,60
2020,1062,92,8,3,2462,158,75
2023,592,23,0,0,9215,25,75
2022,1059,61,8,85,11330,146,75
2015,1062,81,8,9,6179,158,75
2022,726,48,4,69,5953,86,60
2022,572,69,0,0,7297,73,74
2022,58,54,0,0,970,158,60
2022,1062,51,6,85,6667,58,75
2021,1062,48,7,85,928,157,75
2020,957,87,7,63,10245,153,75
2015,983,61,8,9,8135,157,75
2018,1062,72,0,29,8811,97,75
2022,1062,27,0,85,2218,128,75
2020,990,48,0,5,4887,147,75
2021,1062,92,0,9,8098,158,75
2021,1062,49,0,0,8779,138,75
2021,1062,54,0,85,9397,49,75
2014,998,69,8,67,7746,157,75
2014,1062,81,8,72,10064,69,75
2016,101,61,8,72,1534,158,75
2016,1062,54,8,9,1492,157,75
2018,1062,66,0,0,6115,158,75
2015,1062,62,8,42,5480,158,75
2017,869,92,3,9,895,107,60
2020,381,92,0,9,11846,158,60
2023,1037,35,8,0,9120,71,75
2014,1062,72,0,61,1413,158,75
2022,1062,53,0,85,8754,156,75
2023,1062,44,7,85,7949,157,75
2023,1062,78,0,85,10519,141,75
2022,218,54,0,0,8568,102,64
2020,1062,81,0,9,339,158,75
2020,1032,54,0,1,9435,45,75
2022,1062,52,0,9,5400,158,75
2023,1028,92,7,85,8533,149,72
2022,1062,64,0,85,8880,61,75
2023,1062,31,0,9,6439,158,75
2023,692,52,0,9,7067,158,38
2020,1062,54,1,9,2506,158,75
2023,1062,73,4,85,285,148,75
2021,1062,62,0,54,11576,158,75
2023,1133,62,0,9,7853,158,60
2021,565,31,0,19,2183,100,75
2022,1062,61,0,85,4199,157,75
2016,718,81,8,63,10624,158,78
2021,444,51,0,0,1341,39,60
2023,1062,63,4,85,7982,132,75
2022,1079,33,0,0,11743,22,75
2022,1062,55,0,1,2705,158,75
2021,1062,56,8,85,697,158,75
2023,148,92,4,69,1606,158,60
2020,362,61,0,1,8756,158,75
2022,778,34,0,0,9523,158,75
2018,1062,52,7,63,6828,103,75
2023,530,88,4,85,8977,113,29
2023,1062,51,0,9,1832,158,75
2019,1062,61,0,0,9756,158,75
2020,1062,32,5,85,2206,157,75
2021,182,92,0,0,1934,158,75
2022,1058,74,0,85,10763,44,72
2022,726,52,4,69,5943,80,60
2015,294,51,8,72,2871,158,75
2020,1062,72,8,9,10823,158,75
2021,650,58,0,0,8237,158,68
2022,1062,92,4,69,11072,123,75
2022,544,54,0,0,8941,75,73
2015,482,71,0,0,6715,158,75
2020,1062,92,3,35,8537,93,75
2021,1062,72,5,85,803,158,75
2021,1062,61,0,30,11412,84,75
2022,826,92,0,0,6814,69,75
2020,886,81,2,13,118,157,75
2023,784,54,0,9,9597,158,75
2022,1062,64,0,85,11714,158,75
2022,1062,51,0,85,10622,130,75
2023,1133,54,0,0,10690,158,60
2023,1062,49,0,9,4985,158,75
2016,861,52,7,64,1390,36,18
2020,1117,56,3,35,10302,156,43
2021,585,63,1,1,4471,66,56
2021,1062,44,8,85,6487,51,75
2022,203,49,0,0,2081,158,60
2022,1062,77,8,85,5764,158,75
2022,1062,62,0,85,7389,158,75
2022,1062,52,0,9,6394,158,75
2015,195,92,4,80,2063,158,78
2023,612,85,0,0,10334,138,75
2020,1062,44,8,9,3789,158,75
2022,492,52,4,69,4364,123,74
2022,826,56,0,0,6814,149,75
2020,1062,48,8,9,8577,25,75
2021,362,92,0,54,9429,154,75
2021,1062,45,7,85,3772,157,75
2018,691,52,0,23,588,158,38
2017,52,51,8,28,8278,155,75
2019,1062,62,8,13,7082,158,75
2022,649,50,2,85,10556,10,42
2022,1062,62,0,87,11563,158,75
2023,1062,90,7,85,9081,157,75
2021,1062,65,3,85,6665,35,75
2017,528,51,8,70,8414,158,75
2017,449,48,7,3,11100,102,60
2022,1079,54,0,0,11743,45,75
2020,1062,59,6,59,9960,138,75
2021,937,61,0,2,10582,118,75
2021,1062,61,0,1,6299,158,75
2015,659,62,4,72,12102,157,77
2019,1062,72,0,42,7688,158,75
2023,1062,61,3,85,7233,158,75
2014,934,63,5,42,10017,147,70
2022,558,92,4,69,6391,49,60
2022,1062,92,2,85,10456,158,75
2017,1062,71,8,63,7839,71,75
2021,1062,51,8,63,3470,49,75
2020,1062,45,0,0,3788,158,75
2023,890,79,0,0,8492,38,75
2017,1062,31,0,9,761,158,75
2014,1062,99,0,9,8798,158,75
2021,1077,62,0,1,7712,137,75
2023,1062,62,0,0,7340,158,75
2023,1062,51,0,0,9073,69,75
2017,891,71,4,38,9457,158,68
2015,498,81,4,72,6258,109,52
2023,13,44,0,0,8144,136,75
2022,272,59,0,0,8281,157,75
2023,1062,69,0,85,7099,158,75
2022,1054,52,4,72,10176,123,74
2021,1062,71,2,85,9422,98,75
2023,1062,42,0,85,2022,158,75
2022,1062,45,0,85,2394,101,75
2023,302,33,0,0,8684,69,75
2023,252,51,0,9,1274,158,60
2023,1115,54,0,0,9963,135,63
2021,734,61,0,0,7839,157,64
2022,1062,62,0,9,7179,158,75
2022,445,62,0,8,8903,158,75
2020,1062,54,0,9,7457,158,75
2021,320,48,0,0,2332,25,60
2023,909,92,3,85,7008,102,27
2022,58,33,0,0,4743,158,60
2022,886,86,0,2,6671,91,75
2022,806,22,0,0,9656,158,75
2016,1062,81,8,63,5638,158,75
2023,1062,62,0,9,292,158,75
2015,1062,61,8,9,10281,158,75
2023,1061,92,0,85,8142,156,74
2022,174,62,0,1,8325,158,75
2020,902,71,0,9,5544,158,75
2021,1062,61,0,0,7443,157,75
2019,1062,81,0,13,7813,158,75
2022,923,61,0,0,7890,158,75
2021,1062,69,0,85,7019,83,75
2022,591,87,0,0,8886,46,75
2015,363,81,4,28,6360,155,78
2023,634,75,0,5,8877,158,75
2021,261,44,0,1,5878,158,75
2021,1073,62,0,0,3775,158,68
2024,1062,54,3,85,2726,158,75
2022,1062,42,7,85,2043,78,75
2020,1062,59,8,85,8879,76,75
2023,1062,52,0,85,3114,158,75
2023,570,48,0,5,9736,128,75
2022,1094,22,5,85,9267,104,65
2023,1062,81,2,85,3096,156,75
2021,1062,71,7,85,5488,158,75
2021,1062,53,7,85,2245,44,75
2021,1091,53,0,1,9435,25,75
2023,1062,51,8,85,10921,155,75
2016,518,51,8,9,7762,77,35
2023,1062,92,4,85,3072,157,75
2020,913,61,8,13,4678,8,75
2022,1062,61,0,0,4338,158,75
2015,953,81,4,72,8824,141,68
2022,691,52,0,41,1827,155,38
2019,1062,72,0,61,2412,158,75
2022,1057,90,0,85,7774,136,73
2021,1062,59,0,85,5692,158,75
2015,1062,92,8,13,2495,8,75
2023,1062,72,2,85,280,158,75
2020,816,66,0,1,9705,156,61
2022,1062,66,1,85,11294,50,75
2021,1062,58,8,85,11734,158,75
2021,172,92,0,6,9633,158,60
2015,227,51,0,42,10673,123,75
2022,1062,43,4,85,3107,156,75
2022,1062,52,8,85,11597,154,75
2023,1062,58,0,85,8853,39,75
2023,1062,61,0,9,9224,25,75
2023,1087,72,0,0,10005,157,69
2021,814,51,0,63,11436,157,60
2023,1062,77,2,85,7673,145,75
2020,1027,61,0,59,11588,157,75
2021,1062,60,0,85,6133,157,75
2023,1062,32,8,70,3763,49,75
2020,995,82,1,6,11506,117,71
2018,1062,61,0,9,1544,158,75
2022,1099,56,0,0,11671,158,67
2023,1065,61,0,8,7270,158,74
2022,1062,47,1,85,3412,157,75
2019,1062,60,0,1,9112,49,75
2022,1057,64,8,85,11225,144,75
2018,1062,92,0,42,665,158,75
2022,1062,53,0,85,4535,158,75
2023,1062,89,8,85,8902,49,75
2018,1062,92,8,9,9959,158,75
2022,623,96,1,20,9119,69,70
2022,1105,61,0,0,5536,158,67
2023,1043,54,0,0,11134,130,64
2017,1062,72,8,9,3867,158,75
2023,497,88,4,85,9012,111,27
2023,435,69,0,0,8884,81,75
2022,726,31,4,69,11731,158,60
2018,1062,61,2,0,2856,157,75
2023,966,61,0,2,11907,157,75
2023,1062,92,0,85,9495,124,75
2019,1062,62,0,42,6458,158,75
2020,1062,82,8,27,2795,158,75
2022,203,54,0,0,2081,157,60
2018,1062,92,3,9,6657,158,75
2016,171,92,8,9,9965,63,75
2024,1062,62,0,85,6129,158,75
2023,1079,61,0,0,10318,157,75
2019,1062,61,0,0,3695,158,75
2022,1062,35,1,85,3255,70,75
2022,412,51,7,0,3194,154,60
2021,1062,52,8,0,5910,71,75
2023,1011,61,8,85,6928,158,75
2019,1062,31,8,0,3038,36,75
2023,58,33,0,0,7685,69,60
2020,947,32,0,1,2566,139,75
2015,589,51,2,63,2976,158,75
2020,1062,54,0,21,8538,137,75
2022,1062,54,7,85,8159,17,75
2020,428,51,7,72,3787,80,8
2020,914,82,1,34,10136,156,67
2020,1062,92,3,14,11325,1,75
2022,1062,26,0,85,7410,157,75
2023,1054,45,1,85,7903,82,69
2023,1056,92,0,85,8263,156,71
2019,1062,62,8,0,4140,158,75
2021,1062,62,0,25,11890,158,75
2017,636,92,3,9,11280,158,29
2023,1062,54,5,85,7091,96,75
2020,428,51,7,72,3787,117,8
2023,777,62,4,9,689,61,74
2019,1062,79,3,28,480,121,75
2021,1062,62,0,42,2302,158,75
2015,1062,44,8,9,3437,158,75
2022,112,92,4,85,1616,15,75
2021,1062,46,5,85,10684,141,75
2016,116,81,4,42,4556,21,11
2019,270,43,1,30,1015,105,66
2019,1062,75,8,65,946,117,75
2022,1091,54,0,0,5931,158,68
2022,1062,83,8,85,6042,139,75
2017,1062,72,0,61,6201,158,75
2021,1062,67,4,85,1257,157,75
2016,1062,44,0,42,6378,158,75
2019,1062,92,8,64,8606,25,75
2021,172,54,0,0,6793,25,60
2022,1062,49,3,85,10534,136,75
2016,1062,62,1,26,4519,157,75
2023,478,92,4,85,8200,1,29
2022,735,51,4,85,6741,123,74
2021,943,25,7,85,4228,54,65
2024,1062,99,0,0,10038,158,75
2022,1062,31,0,0,1931,25,75
2019,428,51,7,72,3787,86,8
2023,1062,39,0,85,6999,158,75
2021,973,62,0,0,1840,119,75
2022,1062,69,2,85,11272,158,75
2015,588,51,8,9,5143,136,75
2018,1062,50,8,63,8745,39,75
2015,981,85,8,70,7606,158,77
2023,1133,61,0,9,8122,158,60
2023,1062,88,7,85,3662,158,75
2017,691,48,0,0,898,95,38
2023,686,52,0,9,10937,135,75
2023,1062,52,0,0,3232,104,75
2020,1062,92,0,0,8866,45,75
2020,1062,92,8,54,7018,163,75
2022,763,57,4,69,9816,154,60
2014,1062,51,8,9,8142,158,75
2019,1062,54,5,40,2208,85,75
2023,1062,22,0,85,6893,157,75
2022,1062,52,8,69,159,107,75
2014,955,53,8,72,7910,157,75
2022,1062,61,0,85,2244,157,75
2022,966,39,0,0,11756,139,75
2021,1062,81,1,24,3145,124,75
2018,1062,51,0,9,4266,28,75
2023,419,61,0,0,8373,131,75
2021,951,32,0,1,7546,158,75
2018,105,92,8,72,1341,157,75
2022,1062,31,8,42,1907,140,75
2020,677,62,0,3,5484,106,60
2020,1062,74,0,63,8950,55,75
2023,1062,92,3,85,10181,154,75
2022,517,50,3,85,10927,2,32
2019,1062,31,0,42,1119,158,75
2014,1062,11,8,9,5602,158,75
2016,1062,61,8,68,5116,103,75
2022,1062,43,8,85,2003,157,75
2022,1062,58,8,85,3032,74,75
2023,1025,52,4,72,4497,36,71
2023,1133,54,0,0,10689,158,60
2017,411,51,8,0,11667,123,60
2022,858,48,4,69,7300,93,60
2023,1062,55,6,85,7866,157,75
2022,1045,26,0,85,7468,59,70
2019,1062,44,0,9,1675,158,75
2021,341,92,0,37,6181,158,60
2023,1062,62,0,9,7917,158,75
2021,1062,36,8,85,3310,113,75
2022,796,37,0,0,7716,158,75
2018,1062,58,2,22,426,123,75
2021,1062,45,3,86,11113,74,75
2022,1062,84,8,85,10456,158,75
2019,1062,92,0,0,8516,27,75
2023,1062,52,0,0,8860,158,75
2023,1133,52,0,9,3326,158,60
2021,1062,51,8,0,712,8,75
2022,1062,66,5,85,1487,61,75
2021,1062,48,7,85,11170,136,75
2023,872,92,0,0,10655,158,74
2019,825,92,3,42,7117,24,16
2023,1062,75,4,85,8867,22,75
2022,1062,54,0,0,5713,111,75
2020,428,51,7,72,3787,117,8
2023,497,71,4,85,9012,111,27
2022,471,51,4,69,4358,120,71
2014,1062,62,8,9,4184,158,75
2022,51,99,8,9,10001,155,75
2016,1062,92,0,9,10968,158,75
2023,1062,54,0,85,7178,158,75
2016,1062,51,8,9,1476,158,75
2022,785,41,6,21,10662,133,71
2022,203,52,0,0,2081,158,60
2020,1062,62,0,9,6118,158,75
2022,1079,78,0,0,11743,73,75
2017,374,51,0,9,3825,158,75
2015,479,62,8,28,4918,157,75
2017,1062,54,8,9,622,158,75
2021,806,56,2,85,7445,126,64
2022,112,92,4,63,4113,63,75
2023,62,73,0,2,8181,118,75
2023,1062,45,8,85,7944,157,75
2022,1062,52,0,41,3074,158,75
2021,1062,50,5,85,617,151,75
2022,875,61,0,0,10137,69,70
2021,1062,72,0,85,1683,65,75
2024,1062,22,7,63,5764,154,75
2021,1004,85,0,2,8925,149,65
2023,1079,61,0,0,10324,157,75
2020,935,53,0,1,3738,94,68
2021,1062,81,5,85,8846,33,75
2018,1062,22,8,40,10186,154,75
2022,1062,31,0,85,2446,72,75
2023,622,61,0,9,11539,158,75
2022,754,31,0,0,1888,49,75
2021,919,48,0,85,9977,26,63
2015,557,61,7,65,4204,126,60
2023,1062,54,0,85,11307,158,75
2022,1104,51,0,2,3036,158,66
2022,1062,55,0,85,6126,158,75
2023,1062,92,0,85,8852,102,75
2023,136,52,0,0,8275,69,60
2022,331,53,0,9,2913,146,75
2022,1062,58,0,85,8845,37,75
2022,986,41,1,85,7293,112,52
2018,1076,92,8,28,11167,101,66
2021,965,66,0,12,10182,140,72
2020,1062,61,0,64,6438,158,75
2021,1062,92,4,63,4531,48,75
2022,1062,57,0,85,2011,131,75
2023,1062,72,0,9,8947,158,75
2021,1062,57,8,85,2288,157,75
2023,617,76,0,1,9274,134,75
2015,770,51,8,63,6569,158,75
2021,656,84,4,63,11153,85,62
2021,1062,56,8,42,612,131,75
2022,66,61,0,0,8173,158,60
2018,1062,71,8,9,3406,140,75
2023,1062,51,7,85,9456,107,75
2022,1062,54,0,42,3278,158,75
2021,1062,52,6,0,7092,154,75
2020,1063,62,7,1,7529,158,73
2015,1062,31,8,72,928,93,75
2022,670,81,3,85,11269,112,76
2019,1062,92,8,9,1043,35,75
2023,926,79,0,3,10093,158,66
2022,1056,73,7,85,10345,143,76
2022,74,51,4,72,4660,63,29
2023,301,54,0,0,8679,69,75
2023,1061,61,0,8,8504,157,75
2020,1076,46,0,0,11544,135,75
2019,411,81,3,13,4087,49,60
2021,356,99,3,85,6938,61,16
2016,1119,92,8,72,439,158,75
2023,1062,65,2,7,11172,135,75
2020,584,67,3,63,716,114,75
2020,1062,92,0,72,11620,123,75
2020,1047,81,2,7,567,144,75
2023,1062,50,8,85,2681,140,75
2023,1062,23,0,85,5131,158,75
2019,1062,51,8,72,11106,48,75
2018,1078,58,0,12,820,158,65
2023,713,61,0,5,9365,148,75
2018,960,25,4,21,10270,105,68
2022,473,52,0,0,2171,21,60
2020,1062,61,7,71,1038,158,75
2021,955,99,0,6,3877,25,75
2022,623,47,0,2,7226,144,71
2021,868,77,0,1,5865,140,69
2015,921,81,8,9,7277,155,75
2015,1062,61,2,72,356,157,75
2020,409,51,0,42,2788,158,75
2022,1062,52,6,85,3336,155,75
2021,1062,92,0,9,3176,103,75
2022,1062,62,0,41,9571,158,75
2021,1062,53,1,85,6709,20,75
2023,141,61,4,72,11104,68,67
2021,1062,54,0,85,9619,92,75
2016,1023,92,8,63,3997,83,71
2016,116,81,4,63,10792,21,11
2023,1031,87,0,1,8629,158,75
2022,536,51,4,69,292,112,60
2019,1062,81,8,72,5335,158,75
2018,1062,64,0,0,3412,158,75
2022,1062,26,0,85,2876,109,75
2017,643,31,1,9,10114,49,16
2023,543,57,0,0,2823,147,65
2017,691,81,0,0,898,103,38
2014,373,80,0,1,3219,158,77
2022,58,47,0,0,970,130,60
2018,1062,81,0,9,7421,157,75
2022,1062,47,8,85,2127,113,75
2021,806,79,0,0,9656,158,75
2022,1062,42,0,85,8316,152,75
2014,1062,99,1,9,10499,158,75
2022,1062,54,8,9,8002,158,75
2023,1062,33,0,0,7604,158,75
2024,1062,92,0,72,8979,158,75
2022,964,85,0,85,9524,36,66
2016,393,52,5,63,1481,78,75
2022,1062,62,0,0,4814,158,75
2023,1062,33,0,0,8062,45,75
2022,1062,54,0,0,5617,158,75
2022,464,61,0,0,2403,158,60
2022,1062,86,7,85,3042,149,75
2022,410,51,0,0,9675,158,60
2017,404,46,0,0,3607,61,27
2021,450,52,0,0,7627,150,65
2022,1062,52,0,9,7370,155,75
2019,1062,92,0,0,253,158,75
2022,1062,92,8,69,10781,154,75
2023,1062,92,8,9,1326,157,75
2023,58,54,0,9,8171,158,60
2022,1079,48,0,0,11743,158,75
2022,1062,69,0,85,11273,119,75
2023,1133,67,0,0,8571,150,60
2021,1062,61,0,85,4580,157,75
2022,1062,71,0,9,8664,158,75
2015,738,52,4,63,4547,126,62
2020,1085,54,0,21,6744,111,69
2022,612,59,0,0,10425,69,75
2014,1062,21,8,42,6971,158,75
2021,1062,86,0,0,5084,42,75
2015,144,98,4,63,4482,39,20
2021,531,32,0,5,7026,156,61
2020,1062,44,0,9,9485,158,75
2023,1021,89,7,85,10038,154,71
2022,1062,61,8,85,6497,158,75
2023,1062,59,0,0,11467,162,75
2019,1062,62,0,42,7496,158,75
2021,1062,92,0,1,10461,158,75
2022,599,52,0,0,5201,158,75
2015,63,92,3,13,11759,155,81
2022,1062,48,3,85,3210,158,75
2021,1062,24,8,85,4339,71,75
2022,1062,55,0,85,8497,33,75
2024,1062,62,0,72,1237,158,75
2017,412,21,7,0,11174,154,60
2023,1062,61,3,85,7339,75,75
2024,1062,62,0,72,2789,158,75
2023,1062,71,5,85,7782,158,75
2022,1062,66,0,85,6607,158,75
2023,784,39,0,9,9585,107,75
2022,1062,47,0,85,247,112,75
2020,1062,62,0,0,7116,25,75
2022,1062,24,0,85,6963,154,75
2021,1062,79,7,85,653,158,75
2020,1062,52,0,9,11420,157,75
2023,716,35,0,85,9337,142,75
2015,1062,92,8,42,10500,143,75
2022,374,54,0,0,11575,158,75
2020,225,41,6,14,4179,44,47
2022,1079,99,0,0,11743,45,75
2021,746,85,0,3,9420,158,65
2022,1062,79,3,85,1032,106,75
2022,1062,52,0,9,10548,155,75
2016,501,73,2,20,9153,159,37
2023,392,66,0,0,8370,140,71
2022,750,70,4,69,6341,116,60
2023,784,54,0,0,9551,158,75
2023,724,72,6,85,8107,141,58
2021,1062,91,0,0,10197,158,75
2014,478,54,7,70,463,134,74
2018,1062,62,0,9,4175,158,75
2019,1062,62,8,9,9889,131,75
2021,1062,62,3,32,1789,149,75
2021,410,36,0,0,9675,150,60
2021,1062,80,3,85,7152,158,75
2021,744,54,3,85,7374,124,61
2023,473,62,0,0,9243,158,60
2023,1062,62,0,9,3044,158,75
2022,203,54,0,0,2081,158,60
2016,1062,61,8,9,214,157,75
2023,1062,52,8,0,11293,158,75
2022,203,80,0,0,2081,131,60
2022,473,62,0,1,5739,158,60
2016,1023,92,8,63,3998,123,71
2017,412,51,7,0,11174,154,60
2022,1079,38,0,0,11743,158,75
2023,513,81,3,85,3779,49,29
2021,1062,62,0,1,6212,158,75
2019,1061,91,7,63,4213,157,74
2023,592,53,0,3,3341,94,75
2021,1073,57,0,0,5205,158,72
2021,1062,86,6,85,9950,141,75
2022,996,39,1,85,7322,103,55
2016,535,54,0,13,373,158,78
2021,911,61,0,0,10458,151,75
2023,878,61,4,85,9142,80,75
2023,712,53,0,3,8915,53,74
2022,1062,92,0,85,9567,21,75
2019,930,52,1,48,10068,55,60
2021,1062,62,0,37,11446,158,75
2019,1062,61,0,13,2430,158,75
2016,1062,52,0,9,2011,16,75
2022,389,67,0,0,3842,100,75
2019,643,56,1,10,5441,148,75
2021,621,89,0,0,2916,29,75
2020,1062,52,0,9,371,69,75
2021,958,49,0,63,6316,76,75
2022,143,55,0,0,10101,26,60
2022,864,66,5,85,7675,137,66
2021,443,46,0,0,9673,145,61
2022,599,72,0,0,5196,158,75
2023,541,88,4,85,8837,116,33
2015,830,55,8,64,11227,158,75
2024,1062,92,0,85,3094,157,75
2022,391,42,0,0,8233,81,64
2014,112,92,4,63,4409,68,75
2021,1062,54,0,8,183,157,75
2022,1062,55,0,85,7203,17,75
2021,1062,92,0,0,8292,158,75
2020,995,45,0,1,653,146,75
2023,982,62,0,3,5312,158,67
2022,1062,56,0,0,2437,158,75
2023,784,48,0,9,9589,158,75
2020,1072,61,8,9,8857,158,75
2018,644,92,3,13,840,24,16
2019,1062,81,8,72,3927,158,75
2016,1062,61,0,9,10280,158,75
2020,1062,61,8,9,7439,158,75
2023,231,62,4,71,10635,69,75
2022,203,31,0,0,2081,133,60
2023,1062,53,3,85,7860,157,75
2022,437,48,0,0,9335,111,61
2021,1089,54,0,0,7805,136,60
2016,1062,72,0,61,11876,158,75
2021,331,54,0,1,3056,89,75
2023,986,61,0,6,3851,146,75
2016,1062,54,0,13,3970,158,75
2016,1062,71,8,72,8090,158,75
2017,411,92,7,0,11376,154,60
2022,858,92,4,69,7300,94,60
2024,1062,92,4,63,10784,90,16
2021,1062,56,0,85,10446,88,75
2023,910,92,4,41,4119,158,75
2024,1062,52,0,9,1025,158,75
2021,1062,61,8,85,4962,157,75
2016,135,92,4,72,4537,5,58
2018,1062,62,0,9,6712,158,75
2021,1062,60,0,1,4801,131,75
2020,1062,61,8,0,1102,158,75
2021,1062,31,8,45,3072,158,75
2022,1062,75,3,85,9632,158,75
2022,1062,22,0,85,2345,69,75
2021,835,22,7,84,5741,61,16
2020,1062,71,8,9,3815,158,75
2016,1062,54,8,9,5583,157,75
2016,989,62,0,9,465,158,77
2017,1062,75,3,26,1589,103,75
2022,1062,86,5,85,2330,133,75
2023,1062,59,1,85,7559,138,75
2015,588,51,8,9,3986,45,75
2019,1062,51,8,9,11801,25,75
2022,1062,35,0,85,6586,92,75
2016,653,92,4,72,1729,10,6
2019,1062,52,0,9,7758,77,75
2022,1062,56,4,85,2678,156,75
2023,54,92,8,9,10608,69,34
2023,1062,62,0,85,7189,158,75
2020,884,58,0,48,5638,51,75
2022,1062,57,0,85,2381,142,75
2014,840,51,4,9,4055,151,71
2022,538,80,4,69,4770,51,64
2022,1048,83,1,85,9693,99,66
2018,1062,51,0,42,7024,158,75
2020,714,54,0,1,2886,158,75
2022,1062,69,3,85,3933,157,75
2022,1062,69,8,85,1498,94,75
2014,842,87,3,71,3017,158,77
2021,1062,39,8,85,3043,124,75
2017,1062,71,8,63,10419,158,75
2022,1062,66,0,85,11075,149,75
2020,1062,54,0,1,2476,158,75
2018,1062,81,2,42,38,157,75
2021,856,50,0,0,7906,133,75
2015,1062,92,0,9,10028,157,75
2018,1062,53,0,9,7590,54,75
2020,1062,23,8,85,1927,157,75
2022,1055,61,0,0,10259,155,75
2023,1062,62,0,41,5153,158,75
2023,1056,40,6,85,8404,45,71
2021,1062,90,0,85,7152,32,75
2021,1062,24,1,85,2458,80,75
2016,249,61,8,49,108,158,77
2022,726,92,4,69,6027,117,60
2023,1062,70,4,85,9053,99,75
2021,863,67,0,1,2552,128,63
2022,1079,31,0,0,11738,140,75
2020,1062,70,0,0,7078,157,75
2019,1062,61,0,42,5886,157,75
2021,276,52,0,0,3108,158,75
2022,246,44,0,9,11961,8,75
2023,1014,67,0,0,9161,55,75
2020,1062,48,8,9,4572,61,75
2020,637,51,2,9,10048,127,65
2017,404,72,0,0,3607,61,27
2018,1062,52,0,9,2827,49,75
2023,497,57,0,5,9093,127,71
2017,1062,54,0,9,4239,158,75
2023,866,62,7,85,7638,144,75
2022,1036,28,0,85,7442,67,67
2014,865,59,8,64,10515,149,75
2021,1062,61,1,85,8837,84,75
2023,915,72,6,85,9498,155,70
2020,1081,33,0,1,1771,8,64
2023,1062,40,0,85,3218,158,75
2014,1112,92,4,72,4049,61,75
2016,288,44,4,85,2245,16,14
2020,1062,92,7,72,3955,117,75
2021,1062,34,0,5,1552,14,75
2023,1097,77,0,0,3944,158,67
2021,1062,92,0,85,9611,20,75
2019,1062,92,0,0,11536,158,75
2022,671,64,4,69,10775,155,60
2021,1062,42,1,85,2158,157,75
2023,862,89,0,0,9360,83,75
2014,953,81,8,72,9989,141,68
2022,777,92,4,69,6591,154,74
2016,1062,31,0,13,12018,68,75
2023,710,62,0,0,9043,145,75
2019,260,77,3,28,2581,130,62
2020,1062,61,0,9,10239,158,75
2022,1062,66,0,85,6608,158,75
2022,1062,52,0,85,4271,157,75
2014,201,92,8,72,10518,109,52
2014,1062,62,8,9,5635,158,75
2023,1062,28,0,85,6923,158,75
2021,861,62,0,0,8038,137,75
2022,1062,62,0,41,2697,158,75
2022,1062,35,6,85,2602,158,75
2021,1062,79,5,0,711,4,75
2023,1062,35,6,85,2760,158,75
2023,588,78,0,0,9253,97,75
2022,840,38,0,0,6893,141,75
2020,1073,60,0,0,8191,158,72
2022,1062,61,0,42,10366,158,75
2022,1062,48,7,1,7295,123,75
2021,1062,42,8,85,6162,157,75
2022,1030,82,0,85,7635,140,65
2020,1062,52,0,9,6425,136,75
2015,1062,54,0,9,1066,158,75
2015,237,61,8,9,10235,158,75
2022,1062,71,2,85,11278,158,75
2020,1062,92,8,9,5846,158,75
2019,1062,44,0,13,3440,71,75
2019,1062,52,0,61,4815,158,75
2014,1062,99,0,9,1449,158,75
2023,1062,45,0,9,1772,158,75
2016,785,51,8,63,1525,158,75
2022,1056,74,7,85,10349,142,76
2023,1062,52,0,85,2747,158,75
2017,1062,71,0,42,10994,158,75
2022,1062,52,2,7,5728,140,75
2014,1062,61,8,9,1451,158,75
2018,1096,92,3,42,2887,109,75
2024,815,92,4,9,9667,123,75
2016,673,31,4,72,146,45,78
2014,1062,81,8,63,11205,155,75
2021,1062,70,5,85,851,158,75
2022,1062,54,0,85,6126,158,75
2022,1062,45,5,85,3039,155,75
2023,1062,56,2,85,7836,157,75
2017,691,61,0,0,898,62,38
2021,599,34,0,0,5201,158,75
2023,593,91,0,0,9180,77,75
2020,1062,92,0,0,8544,158,75
2015,112,92,8,9,11610,25,75
2022,1062,55,0,49,7595,158,75
2020,1062,56,8,63,3862,158,75
2020,1014,51,6,50,474,128,72
2020,941,54,0,1,1434,158,60
2021,689,61,0,3,7790,157,68
2019,1034,71,8,72,2402,103,11
2015,1062,72,0,9,2757,157,75
2021,694,54,0,1,2937,78,65
2023,543,65,4,54,9694,137,65
2021,599,32,0,0,5200,157,75
2020,1062,61,0,1,2355,153,75
2022,726,48,4,69,6039,154,60
2024,1062,61,0,9,3293,158,75
2021,781,48,0,1,1683,151,68
2021,1062,62,0,64,9517,45,75
2018,1062,44,0,9,3101,157,75
2023,594,48,0,0,3881,69,75
2023,469,55,0,4,4042,113,75
2016,166,54,4,63,1554,109,74
2017,1062,92,0,42,8199,158,75
2022,1062,92,2,85,8081,129,75
2022,1062,44,0,85,4301,130,75
2018,1062,22,1,9,862,158,75
2017,1062,61,8,61,3956,157,75
2023,1048,79,7,85,8945,154,75
2022,745,62,0,0,8285,28,75
2019,1062,72,0,61,3203,158,75
2018,1062,92,0,9,11886,25,75
2020,814,22,0,64,7667,21,60
2020,814,51,0,1,7455,158,60
2017,1062,61,8,9,10401,131,75
2023,1133,63,0,0,3365,157,60
2019,1062,72,0,9,5340,158,75
2016,1176,54,0,9,7709,158,75
2015,25,92,8,9,79,158,75
2015,977,92,8,72,242,158,2
2023,725,45,0,0,9474,69,75
2020,643,53,0,1,2364,42,73
2023,1062,60,8,85,9178,74,75
2014,995,61,8,72,1520,109,52
2015,1062,31,0,9,21,157,75
2022,1062,54,0,85,3730,158,75
2021,1062,69,8,85,2671,158,75
2022,1043,52,8,41,780,154,60
2023,562,44,0,0,9132,21,75
2020,756,54,7,9,4691,68,75
2022,989,57,1,85,6931,134,53
2021,451,31,4,68,4162,123,73
2014,1062,62,8,9,5628,158,75
2019,1062,61,0,42,5465,158,75
2019,647,22,1,13,7121,158,16
2022,1089,92,0,85,8663,30,60
2021,1062,31,0,42,11388,158,75
2023,355,25,0,8,9496,143,75
2017,412,92,7,0,11174,154,60
2023,695,81,0,0,2048,157,69
2021,1062,71,5,85,6478,116,75
2016,1062,44,0,9,316,157,75
2015,1062,52,0,9,2500,28,75
2021,1062,60,1,85,543,133,75
2021,1062,48,8,0,5614,25,75
2020,1062,92,8,63,9714,49,75
2022,1062,79,0,85,9041,122,75
2019,1062,48,0,0,6513,158,75
2023,654,56,0,0,9365,69,75
2023,1062,62,0,9,5012,158,75
2021,1062,90,0,85,9927,110,75
2022,1062,68,0,85,1348,81,75
2016,662,74,7,41,11272,100,41
2022,1062,92,4,85,9893,95,75
2014,964,72,8,27,11360,40,56
2022,1062,51,0,85,4104,157,75
2023,776,92,0,0,10092,158,69
2015,917,51,8,9,7622,158,75
2023,356,62,0,5,3955,97,68
2022,1062,31,0,85,3418,158,75
2022,1062,64,0,10,5266,157,75
2018,644,81,3,13,843,24,16
2015,953,92,8,72,10780,158,68
2023,1133,92,0,0,5573,158,60
2022,510,45,0,0,4560,158,66
2022,1062,51,0,9,3795,158,75
2020,490,92,0,0,3126,158,60
2022,590,62,0,0,4280,136,60
2022,203,52,0,0,2081,132,60
2021,1062,77,1,85,6659,52,75
2022,890,50,0,86,11217,40,75
2023,1133,62,0,9,6112,158,60
2022,552,54,0,9,6087,69,75
2023,1062,62,0,52,9564,158,75
2016,1062,54,8,48,3066,158,75
2023,313,53,0,0,8375,79,60
2020,1005,68,0,4,8189,129,75
2020,1031,64,0,1,6148,158,72
2022,1062,62,0,41,8630,158,75
2018,1062,62,0,9,2347,158,75
2019,1062,92,0,9,9157,158,75
2020,1062,61,8,9,11286,158,75
2015,1062,52,0,9,7538,156,75
2021,1062,67,0,0,3968,158,75
2018,1062,92,0,9,12,158,75
2021,1062,54,3,85,8242,94,75
2018,1062,57,2,22,666,158,75
2022,1062,61,0,85,4213,157,75
2021,1062,81,8,9,9266,123,75
2023,456,61,4,9,4110,123,74
2020,910,58,0,1,11247,157,65
2020,1062,81,8,72,5738,158,75
2023,1062,66,0,85,6685,158,75
2016,116,81,4,42,1633,21,11
2020,1062,62,0,9,7858,25,75
2016,157,92,8,72,4003,7,6
2017,1062,61,0,0,7526,158,75
2016,989,62,0,9,6491,158,77
2022,1062,62,8,85,5800,158,75
2020,607,62,0,1,5375,158,75
2023,1062,62,0,85,987,158,75
2022,501,55,0,3,3370,71,75
2016,673,31,4,72,146,158,78
2022,492,42,4,69,4350,123,74
2023,923,62,0,0,8033,158,75
2023,129,62,0,1,4138,143,62
2022,1062,96,0,85,9518,80,75
2014,131,52,4,63,1557,107,51
2020,1062,48,3,29,11262,136,75
2023,1062,92,0,0,2759,30,75
2023,1062,77,0,85,8008,133,75
2021,606,80,0,0,5249,157,75
2018,1062,62,0,9,11217,158,75
2021,859,63,5,45,10572,158,66
2020,1062,51,8,9,10541,61,75
2022,1046,85,3,85,8761,154,60
2021,1062,29,0,85,2413,35,75
2019,969,92,4,72,4828,109,52
2015,492,64,8,69,1626,92,43
2020,1062,99,8,9,3026,93,75
2021,425,47,0,11,6132,70,72
2022,788,56,2,85,10752,109,66
2021,955,61,0,9,10251,158,75
2022,1062,31,0,0,4075,158,75
2014,544,61,8,9,4852,109,27
2021,1062,54,0,1,5421,158,75
2022,1062,92,0,9,8455,158,75
2021,1062,88,0,0,8799,78,77
2023,658,92,0,5,8764,158,75
2016,1062,51,7,63,865,139,75
2021,873,77,0,4,6821,49,55
2023,1062,65,5,85,3043,155,75
2022,486,55,4,69,4325,123,74
2022,1062,46,0,85,3279,152,75
2021,1062,78,2,85,6408,63,75
2023,592,31,0,9,9173,69,75
2022,1062,88,6,85,5561,158,75
2020,1062,52,0,42,2634,131,75
2020,297,77,0,4,8479,67,60
2021,792,49,0,0,8997,65,75
2023,1062,30,0,85,6727,158,75
2019,1062,81,7,63,5003,28,75
2022,1062,34,8,85,2430,157,75
2023,311,62,0,9,5105,158,63
2022,492,52,4,85,4360,123,74
2020,1062,62,0,0,6452,158,75
2024,55,81,0,85,1797,68,75
2014,47,81,8,9,10614,33,75
2017,1062,92,8,63,2320,157,75
2020,1062,62,0,9,10844,158,75
2017,742,51,8,72,6373,158,62
2022,1062,62,0,0,2399,158,75
2021,1062,92,0,9,3920,62,75
2015,390,81,4,72,11095,155,75
2022,487,38,0,0,8618,66,70
2022,806,81,0,0,6798,158,75
2021,517,81,0,0,9669,92,64
2022,1062,71,3,85,2076,85,75
2019,121,73,4,28,4470,69,49
2023,592,32,0,0,5219,69,75
2014,672,89,7,69,4030,158,62
2021,1062,57,3,85,9944,49,75
2016,719,87,3,60,1881,34,17
2022,1062,85,0,85,1590,48,75
2022,1062,62,0,41,4848,158,75
2015,1062,61,8,63,7333,158,75
2023,711,73,0,6,9015,119,75
2023,1062,60,0,85,6128,158,75
2016,977,92,8,72,8056,158,2
2023,784,92,0,0,9552,107,75
2018,496,56,2,85,1752,31,30
2021,1062,92,0,0,10433,45,75
2023,989,61,0,7,1627,143,75
2015,677,51,8,72,8342,14,75
2023,1133,62,0,9,2625,158,60
2016,112,92,4,80,4436,69,75
2022,1062,61,0,85,2947,157,75
2023,622,81,0,9,8478,25,75
2023,515,22,7,0,7848,158,29
2022,1062,61,7,85,6727,158,75
2022,1062,81,0,85,9606,69,75
2022,1062,85,1,85,8420,105,75
2021,1062,92,8,9,10713,158,75
2020,1062,44,0,40,6562,158,75
2015,108,92,4,63,234,61,27
2023,1062,22,8,85,8318,8,75
2021,1062,70,3,0,9835,158,75
2022,1062,52,8,85,1985,158,75
2021,1062,92,0,85,3841,73,75
2023,747,40,1,85,9317,126,75
2022,1062,62,0,0,718,158,75
2022,1062,92,0,0,10195,158,75
2021,1062,59,8,85,6202,140,75
2022,1062,29,2,85,2469,91,75
2023,1062,51,0,63,6865,116,75
2021,1062,42,0,0,3934,97,75
2022,1062,63,7,85,6651,152,75
2022,1022,88,0,0,9859,158,75
2019,1062,54,0,42,9019,61,75
2018,1062,71,0,9,1421,158,75
2023,1128,33,0,0,7590,56,61
2022,723,53,4,85,7360,124,60
2023,1002,60,0,85,9364,16,69
2020,1062,92,8,0,8998,9,75
2016,387,81,7,9,3889,158,60
2023,883,99,0,54,7132,155,75
2021,1062,51,0,53,2782,155,75
2017,1062,71,0,4,6428,151,75
2023,1062,54,0,85,3627,158,75
2022,24,47,0,6,8151,60,71
2021,601,77,0,0,5540,67,75
2015,1062,51,8,42,1652,158,75
2016,771,51,8,63,8685,158,75
2023,70,54,0,4,8183,99,67
2024,1062,51,0,85,12082,122,75
2022,1083,38,6,85,10773,154,68
2020,756,54,8,1,964,68,75
2022,1062,71,8,0,5486,158,75
2019,1062,48,0,9,3688,69,75
2022,183,82,0,6,11000,158,60
2022,1062,51,0,41,6480,158,75
2021,59,51,0,9,46,146,75
2022,1062,62,0,85,7866,158,75
2019,1062,92,8,42,6345,158,75
2023,890,62,6,85,7663,127,75
2022,1062,64,0,85,3599,132,75
2023,1062,33,8,0,5255,158,75
2022,1062,90,2,85,5469,31,75
2019,1062,92,0,0,715,158,75
2022,1062,62,0,0,66,158,75
2023,1062,44,3,85,2788,118,75
2022,991,39,5,85,6902,99,53
2017,996,59,0,1,5205,157,71
2023,746,52,0,0,3826,137,74
2023,1062,77,6,85,8331,124,75
2023,1062,62,0,85,8932,158,75
2022,1079,60,0,0,11743,153,75
2023,1062,61,2,85,7813,158,75
2014,112,92,4,63,4544,100,75
2016,782,59,1,15,889,134,47
2022,1062,89,0,85,9480,32,75
2023,659,49,1,7,9108,67,75
2019,1062,62,0,0,3351,158,75
2022,941,92,4,69,10192,123,74
2023,784,33,0,0,9549,158,75
2022,1062,52,4,85,7113,74,75
2023,784,54,0,6,9579,115,75
2024,622,92,0,0,4214,158,75
2021,897,62,0,4,5730,158,75
2021,1062,60,0,85,5716,153,75
2023,1062,68,8,85,2715,156,75
2018,1062,71,0,9,11969,65,75
2015,1118,51,8,9,12049,158,75
2021,1062,71,0,28,10381,157,75
2023,1062,99,3,9,9846,128,75
2019,1062,62,0,42,1992,158,75
2023,1018,93,2,7,10020,158,75
2023,1062,72,4,58,9425,154,75
2022,1062,43,0,85,1573,133,75
2015,1062,51,8,9,4328,158,75
2023,553,92,4,85,8245,21,34
2023,576,54,0,0,9142,53,75
2021,1062,79,1,85,6557,48,75
2022,740,69,0,4,10443,109,75
2019,1062,52,0,9,5363,49,75
2020,805,61,0,1,1782,158,75
2017,1062,62,0,0,11346,25,75
2021,1046,72,0,0,9048,158,75
2016,1023,92,8,63,3998,123,71
2022,1103,21,3,87,7014,103,60
2019,1062,72,0,61,7180,158,75
2022,1062,71,0,85,7076,120,75
2021,692,61,0,0,9258,158,75
2022,1062,62,0,9,5218,158,75
2020,1062,23,8,85,1958,157,75
2020,955,54,0,1,151,157,75
2023,1062,56,2,85,7122,157,75
2022,1060,65,0,85,8147,21,75
2016,742,81,8,72,6367,158,62
2015,1062,71,8,72,8668,135,75
2021,1062,61,8,63,10289,157,75
2021,1062,44,1,86,11023,40,75
2015,138,92,4,72,235,39,22
2016,989,62,0,9,465,158,77
2023,365,77,4,67,10990,68,63
2018,112,92,4,9,9081,69,75
2022,726,48,4,69,6020,86,60
2023,489,56,0,9,10131,158,75
2022,1062,61,6,85,7861,155,75
2020,1062,72,8,9,2885,158,75
2022,1062,42,6,85,2049,81,75
2021,935,44,0,1,2165,21,75
2022,492,52,4,69,4351,123,74
2023,987,59,0,85,9624,27,72
2022,513,66,0,85,11451,87,75
2022,764,42,0,0,2329,81,75
2016,928,54,8,9,7719,158,75
2015,1062,51,8,63,4401,158,75
2016,1062,44,0,9,6182,17,75
2021,842,48,0,0,2239,19,75
2022,1079,92,0,0,11743,104,75
2015,1062,51,2,63,11096,157,75
2023,1062,51,5,85,2266,157,75
2022,726,54,4,69,6014,86,60
2015,195,92,4,80,2063,158,78
2023,741,55,2,85,10239,131,65
2020,1084,53,0,12,5032,158,75
2022,1161,81,0,9,7579,155,75
2023,781,46,1,85,9271,114,75
2022,1062,69,0,85,4993,158,75
2020,1062,61,0,0,6601,158,75
2024,726,99,4,63,10874,154,60
2024,1062,92,0,42,10473,158,75
2015,1062,81,8,9,10294,158,75
2017,1062,54,0,9,11426,157,75
2016,43,59,8,72,2005,157,75
2016,1090,52,8,72,407,123,60
2022,1062,52,0,41,8836,158,75
2021,1062,46,8,85,2568,157,75
2023,1062,55,0,85,8840,29,75
2018,1062,92,0,9,5521,158,75
2021,1062,54,0,0,6086,107,75
2023,389,54,0,0,8282,148,66
2023,1062,54,0,9,7757,77,75
2020,1062,71,0,9,4981,103,75
2021,1062,75,4,85,10770,134,75
2023,1062,62,0,85,4170,158,75
2023,1062,57,8,85,2347,69,75
2024,1062,92,0,7,3674,158,75
2016,785,51,8,63,1530,155,75
2023,633,33,0,0,3909,75,73
2022,112,54,4,9,4522,123,75
2021,1062,61,0,6,8185,158,75
2016,157,92,8,72,4003,7,6
2014,421,89,8,69,10694,120,57
2019,1062,92,8,3,809,12,75
2014,840,51,4,9,4055,151,71
2022,1054,78,3,85,8870,154,60
2018,1065,26,0,0,11687,80,75
2016,1062,72,8,72,9040,158,75
2024,699,42,0,9,1405,146,75
2020,1062,62,3,0,4369,160,75
2022,826,92,0,0,6814,69,75
2023,641,52,0,0,3860,77,75
2023,1062,22,0,85,7517,45,75
2020,1062,81,8,72,10065,28,75
2015,589,51,8,63,4095,158,75
2021,1062,88,0,85,7342,158,75
2022,1062,62,0,41,3716,158,75
2020,823,62,0,1,2049,158,75
2016,1062,81,8,63,1058,158,75
2022,689,49,0,85,9962,149,75
2021,1062,51,1,85,6208,133,75
2021,1062,32,0,85,193,46,75
2019,1062,31,0,9,6174,158,75
2021,1062,62,0,37,6597,158,75
2023,1062,51,0,0,11304,158,75
2014,136,59,8,72,10627,157,75
2020,1062,55,4,85,9598,48,75
2022,261,52,0,0,2963,149,73
2023,923,33,0,0,9903,77,75
2017,869,54,3,1,5879,158,60
2021,1062,51,3,85,9745,127,75
2023,1062,48,0,9,7896,158,75
2018,1062,92,8,63,9745,123,75
2022,1062,60,8,85,3829,86,75
2022,1062,41,6,85,2054,84,75
2021,1062,62,0,9,8130,158,75
2023,67,53,0,3,8310,84,65
2023,1062,58,0,85,6806,157,75
2022,331,44,0,9,3057,146,75
2023,1062,59,1,85,6751,141,75
2022,558,92,4,69,4939,94,60
2022,1043,53,4,71,1456,120,74
2020,186,44,0,9,4582,61,75
2019,1062,92,0,9,8594,158,75
2023,802,67,2,59,2531,117,70
2017,412,51,7,0,11174,154,60
2023,1062,81,8,69,8881,49,75
2021,1062,61,0,85,10590,26,75
2021,1062,31,8,0,9414,108,75
2022,1062,59,8,85,3888,157,75
2015,657,61,8,72,7536,158,62
2022,348,92,4,72,9253,61,43
2022,1062,54,0,9,7349,158,75
2020,1062,90,0,0,2015,69,75
2022,1062,39,4,85,6586,61,75
2023,1036,61,8,85,6824,158,75
2019,1062,62,8,9,3274,158,75
2021,1062,51,0,85,10576,109,75
2022,732,53,0,0,9018,135,60
2022,1062,41,6,85,2111,138,75
2023,1062,51,8,85,2806,155,75
2020,1062,52,0,9,849,62,75
2020,1062,51,8,63,8086,8,75
2021,278,51,0,63,772,155,75
2023,916,57,0,7,9900,54,75
2023,860,72,1,85,9078,94,57
2023,1137,33,0,52,7552,45,75
2014,953,51,8,42,4022,61,68
2022,1079,52,0,0,11743,66,75
2022,595,57,0,1,9221,58,75
2023,1062,52,5,85,9263,81,75
2021,473,62,0,1,6079,158,60
2023,1127,91,0,0,9315,28,60
2024,1062,81,0,9,7942,45,75
2018,647,51,1,13,8176,139,16
2023,796,46,0,8,9540,105,75
2016,1062,62,0,9,1719,158,75
2024,1062,92,3,85,7007,61,75
2023,1062,23,8,9,2646,158,75
2023,1062,59,0,85,3064,157,75
2021,1062,62,0,9,5853,158,75
2022,806,92,0,0,9656,158,75
2022,997,56,0,1,11768,158,75
2018,387,92,3,13,8681,35,60
2017,1062,61,0,0,4855,158,75
2014,953,92,4,72,9990,126,68
2020,1062,54,0,0,10688,158,75
2017,1062,61,0,9,611,158,75
2023,1062,53,8,85,9431,100,75
2023,1062,54,0,52,6214,158,75
2022,1062,66,3,85,10337,157,75
2022,1062,71,0,9,7828,158,75
2022,920,53,0,0,9785,134,75
2022,1062,76,0,85,2685,157,75
2022,1062,62,0,9,6266,158,75
2021,1062,55,2,85,4047,157,75
2020,1062,81,8,63,3524,139,75
2015,758,90,7,71,3940,62,28
2019,1062,72,0,42,8025,157,75
2021,1062,61,2,85,7785,142,75
2023,1062,62,0,9,5117,158,75
2017,1062,61,0,13,6651,8,75
2021,1062,86,0,0,10614,158,75
2023,1133,62,0,9,5424,158,60
2020,1062,75,0,0,11137,91,75
2021,1062,81,6,85,10409,157,75
2023,1062,88,8,85,10268,157,75
2022,1062,81,0,85,10354,125,75
2014,890,51,8,72,8000,128,75
2021,1062,92,0,0,10041,158,75
2023,1062,55,8,85,6684,136,75
2023,1062,40,0,85,2773,88,75
2023,635,61,3,85,7093,157,32
2023,1062,52,5,85,9306,86,75
2018,1062,92,0,0,8706,158,75
2021,1062,61,3,85,8478,108,75
2019,1062,51,0,42,2284,158,75
2020,1062,61,8,72,5529,158,75
2022,1062,26,0,85,6759,158,75
2022,763,67,4,69,9792,154,60
2020,1062,52,0,9,4077,158,75
2017,1062,61,0,9,11583,158,75
2023,1062,52,0,9,2997,158,75
2016,1180,52,0,63,473,123,75
2023,1062,92,3,9,7943,71,75
2017,753,81,3,42,891,112,54
2021,1062,61,8,9,8358,158,75
2024,1062,92,4,63,10784,90,16
2016,1062,54,8,9,11655,158,75
2022,1062,72,0,9,6904,158,75
2021,1062,48,0,0,6831,158,75
2022,956,40,0,0,6298,60,75
2016,771,51,8,63,8685,158,75
2023,1133,52,0,0,9977,157,60
2020,688,59,0,1,9400,158,75
2023,555,54,0,54,10926,140,75
2021,1062,61,0,49,508,130,75
2018,1062,71,0,9,3946,16,75
2022,489,71,0,85,11834,87,75
2019,1062,61,0,0,7969,158,75
2022,827,31,0,0,10914,69,75
2021,1062,52,6,85,2232,65,75
2022,1062,55,4,85,7345,157,75
2021,1062,82,2,85,10235,63,75
2022,558,31,4,63,10884,158,60
2021,333,45,0,2,7556,124,64
2018,1062,81,2,9,10677,157,75
2022,670,77,0,0,9426,154,75
2015,350,71,8,9,3162,158,75
2023,775,97,0,0,10125,157,74
2020,1062,61,0,82,7838,158,75
2022,940,55,0,0,10682,158,75
2023,1062,56,0,85,8841,30,75
2016,597,92,4,9,485,158,75
2015,1121,52,8,9,467,8,75
2022,923,54,0,0,7361,158,75
2022,445,21,4,9,6805,27,75
2022,858,92,4,69,7305,94,60
2022,1079,61,0,0,11741,33,75
2019,1062,62,0,0,2323,158,75
2021,1062,92,0,0,9301,136,75
2019,1062,78,3,0,2279,158,75
2022,1062,92,7,85,8690,116,75
2022,1062,72,4,42,11999,123,75
2021,678,30,7,59,5671,88,29
2022,1062,45,3,85,2306,116,75
2018,1062,61,0,9,7899,158,75
2022,1062,52,0,9,4188,158,75
2021,1062,61,8,0,99,157,75
2024,847,62,0,7,5230,158,75
2019,656,51,1,85,1009,80,43
2015,1062,62,0,9,4261,158,75
2022,1041,90,2,85,8883,141,61
2022,1062,85,1,85,7000,158,75
2022,784,51,1,85,7835,67,51
2021,1062,53,0,0,3770,35,75
2020,607,62,0,9,4130,157,75
2023,1062,54,8,0,1691,158,75
2019,1062,72,0,23,3442,158,75
2023,1062,49,5,85,7610,157,75
2018,1062,71,0,9,1753,157,75
2022,1062,87,8,85,2263,89,75
2020,1062,61,8,72,643,158,75
2023,1062,40,4,85,3001,158,75
2021,1062,80,8,85,9183,115,75
2023,1062,31,0,85,6693,158,75
2017,1036,53,6,39,11399,158,75
2022,1062,92,4,0,7312,123,75
2020,714,59,0,1,2385,139,72
2022,549,61,0,85,7473,158,75
2023,1062,52,0,9,3597,158,75
2023,881,60,0,5,9750,157,75
2022,1062,56,0,41,11868,158,75
2022,1062,85,1,62,3171,50,75
2022,1062,62,0,85,9475,156,75
2022,1013,45,0,86,11041,26,75
2021,745,36,0,0,6175,157,75
2022,1062,61,0,85,4070,158,75
2022,112,21,4,9,8254,123,75
2022,1062,54,0,9,2123,158,75
2021,490,44,0,0,4923,158,60
2023,1133,33,0,0,1289,158,60
2021,675,39,0,0,2135,30,69
2022,1030,44,7,85,7895,153,73
2022,1062,48,0,85,254,117,75
2023,784,33,0,0,9603,158,75
2022,562,90,4,63,10787,81,62
2021,1062,59,1,85,4456,157,75
2022,1062,54,0,9,5243,158,75
2021,1062,55,8,85,5357,157,75
2023,1062,56,0,72,3046,158,75
2015,563,92,4,72,4207,13,77
2021,1062,84,6,85,9893,136,75
2021,1062,48,0,9,4580,61,75
2016,584,81,8,72,9154,61,75
2014,1062,31,0,9,3217,158,75
2022,882,51,6,85,11390,107,60
2022,479,62,0,0,5569,158,75
2023,532,76,2,85,8507,38,40
2015,188,51,5,66,2142,153,75
2017,1062,62,0,0,6631,158,75
2022,1123,50,0,0,3856,53,60
2023,1062,24,0,85,2602,34,75
2021,1062,45,7,85,6509,47,75
2022,710,52,0,0,5054,134,75
2023,1062,37,8,85,3893,157,75
2021,876,65,4,63,11232,82,62
2022,599,44,0,0,5197,158,75
2014,1033,62,5,72,6866,149,72
2023,426,54,4,9,8886,63,75
2020,1062,61,0,9,8178,157,75
2015,1062,51,0,63,3445,8,75
2020,1062,51,8,63,2149,45,75
2022,801,62,0,0,5988,158,75
2023,502,44,0,0,10371,158,75
2017,742,51,8,72,6373,158,62
2016,973,92,8,72,6430,61,75
2014,377,92,8,72,3942,89,75
2015,1062,51,7,60,3384,157,75
2021,172,81,0,1,9561,69,60
2022,1062,84,2,65,4981,155,75
2021,1062,51,8,1,6252,49,75
2022,1062,54,2,85,2806,158,75
2023,1062,68,0,85,7737,158,75
2022,891,70,0,0,9374,142,75
2022,1062,58,4,85,1593,72,75
2022,1071,87,3,61,9700,157,61
2022,1062,71,5,85,1356,114,75
2015,589,48,8,72,9166,89,75
2022,1062,92,0,0,10711,69,75
2022,1062,52,0,41,1515,158,75
2022,1062,82,6,85,3395,157,75
2016,112,92,4,9,4429,135,75
2023,1062,52,0,85,11878,158,75
2022,1062,92,0,85,9669,24,75
2023,1133,52,0,9,1953,158,60
2022,203,31,0,0,2081,38,60
2023,1133,52,0,9,2115,158,60
2015,1062,44,0,9,6582,157,75
2023,1062,24,7,85,8312,12,75
2023,1078,54,0,5,3761,158,71
2023,438,78,0,6,8960,117,70
2020,1062,21,8,70,3591,143,75
2015,953,51,8,9,10866,158,68
2023,84,54,0,0,4839,157,75
2022,1062,50,0,86,10449,71,75
2022,428,92,4,72,6277,154,8
2022,726,48,4,69,6020,86,60
2022,1062,58,0,61,7540,158,75
2015,1062,81,8,9,1485,69,75
2016,486,40,5,72,597,158,77
2022,1062,53,3,85,7117,103,75
2023,784,56,0,0,9545,158,75
2023,948,92,7,85,8484,127,66
2023,1062,61,8,85,728,158,75
2015,1062,72,0,61,5701,158,75
2022,1069,83,5,78,9111,42,70
2022,1062,99,8,9,3828,155,75
2023,1062,66,2,7,11171,134,75
2016,135,92,4,72,4537,5,58
2023,847,99,0,7,9700,155,75
2019,1062,62,0,0,5731,158,75
2016,116,92,4,63,10792,21,11
2023,470,51,4,51,9521,120,65
2015,713,81,8,9,5805,155,75
2022,1062,63,0,85,9019,158,75
2022,960,48,2,85,7218,135,44
2022,1062,71,0,85,4337,158,75
2015,1062,71,8,63,6302,92,75
2023,592,62,0,0,9191,158,75
2022,763,92,4,69,9733,154,60
2023,797,71,5,85,9938,90,67
2023,1062,62,0,85,5667,158,75
2021,1062,22,8,3,653,21,75
2021,1062,62,0,1,9568,158,75
2016,1023,92,8,63,408,7,71
2021,583,51,3,9,5083,158,41
2020,1062,55,1,0,2507,35,75
2023,1062,51,4,72,3566,68,75
2022,1062,51,0,41,11721,158,75
2021,1062,48,7,85,792,157,75
2023,1062,49,8,0,9062,68,75
2021,1062,51,8,42,5543,158,75
2016,1062,54,8,9,2447,158,75
2022,620,58,0,6,7316,151,75
2022,1062,43,0,85,1220,96,75
2016,1062,62,8,9,2188,158,75
2022,426,52,8,9,3786,123,75
2022,1062,56,0,85,9944,116,75
2019,1062,61,0,0,5957,158,75
2023,1110,92,0,13,9783,158,64
2023,1062,76,0,85,10320,112,75
2023,1062,52,0,9,2249,158,75
2020,1062,85,0,6,3913,157,75
2019,1062,54,0,0,2720,158,75
2022,1062,53,0,9,2428,158,75
2020,628,92,8,25,5186,157,75
2023,1062,92,8,85,8714,91,75
2023,1062,62,0,85,9358,19,75
2022,943,52,2,85,7166,151,39
2022,726,31,4,69,6001,80,60
2016,1062,99,0,61,946,158,75
2019,1062,87,3,24,3813,25,75
2023,1062,62,8,85,8961,112,75
2021,1062,58,0,85,9537,127,75
2017,1062,54,7,56,8363,158,75
2023,1062,55,4,85,7212,107,75
2021,1062,92,0,85,4015,67,75
2014,1062,44,0,9,6687,158,75
2022,1062,92,6,85,8888,98,75
2015,875,65,8,67,11054,158,75
2017,691,51,0,0,898,118,38
2016,174,86,3,21,8403,133,75
2022,611,60,0,0,9121,95,75
2023,1133,62,0,9,1724,158,60
2018,642,52,4,37,724,110,75
2022,726,52,4,69,5912,154,60
2018,1062,81,0,9,1688,158,75
2020,1062,92,7,67,8521,35,75
2023,726,92,4,63,1815,45,60
2020,1062,92,0,0,7692,158,75
2020,1062,61,1,0,9331,158,75
2022,1062,78,8,85,8922,145,75
2023,726,48,4,69,5989,41,60
2023,1062,80,8,85,8984,37,75
2018,1062,92,0,72,10071,61,75
2017,882,81,8,9,7425,61,75
2015,1062,72,0,61,7872,158,75
2022,1062,61,0,85,8864,50,75
2023,1016,33,0,0,2395,31,75
2016,112,56,4,72,10770,155,75
2022,1079,61,0,0,11743,111,75
2017,1092,81,2,72,11850,155,75
2023,513,48,0,3,8608,99,75
2019,1062,54,8,63,4993,157,75
2023,757,82,4,63,10884,70,55
2015,921,51,8,9,7647,157,75
2022,1062,55,0,85,9968,157,75
2022,726,92,4,69,6034,117,60
2022,755,49,2,85,10328,17,50
2023,726,31,4,69,5985,80,60
2023,412,51,3,0,747,154,60
2021,1062,61,0,1,8132,158,75
2019,1062,92,7,9,10863,63,75
2021,967,58,0,4,2312,141,73
2023,1062,33,7,70,6347,31,75
2016,1000,63,2,65,11399,128,60
2023,1062,53,0,85,7100,158,75
2014,1062,44,0,61,7458,158,75
2023,1062,88,0,0,9559,158,75
2022,1062,56,8,85,6655,81,75
2022,1062,28,5,85,4146,130,75
2022,846,52,0,86,11279,46,75
2022,1062,57,1,85,2533,158,75
2018,1062,61,0,0,2593,158,75
2021,1062,50,3,85,2224,108,75
2022,1062,92,4,85,8873,158,75
2019,1062,92,0,64,10492,158,75
2018,1062,92,8,63,7534,133,75
2024,193,52,0,9,6257,158,75
2023,1062,33,7,85,2683,158,75
2020,1062,62,8,0,5798,158,75
2020,1062,54,8,54,759,158,75
2022,1062,49,8,85,8719,57,75
2021,1062,69,8,85,11164,158,75
2018,1049,60,0,61,706,155,73
2023,622,81,0,0,9284,69,75
2020,1062,52,8,64,327,33,75
2020,490,62,0,1,6879,158,60
2023,1062,52,4,85,6104,32,75
2020,1062,51,0,63,7598,103,75
2022,1062,56,4,85,6711,92,75
2019,1062,61,0,72,756,158,75
2024,148,92,8,63,654,45,60
2016,1062,72,0,9,7341,158,75
2022,814,31,0,0,9665,28,60
2016,1062,51,8,63,22,157,75
2022,989,54,2,85,7014,70,75
2017,761,51,1,13,1045,139,45
2022,1062,64,7,85,1267,142,75
2022,276,31,0,0,3108,77,75
2022,1062,88,7,85,2618,158,75
2015,1062,52,8,63,9664,157,75
2022,1062,71,5,85,7495,158,75
2022,1062,96,0,85,1666,17,75
2022,1062,61,0,85,2978,157,75
2021,869,54,3,54,3281,157,60
2021,1062,62,0,0,10042,158,75
2023,1062,92,3,9,7042,109,75
2024,874,44,0,9,2945,25,75
2022,1062,92,7,63,4704,68,75
2021,1062,54,0,1,2603,158,75
2021,602,67,0,2,4994,114,75
2020,1062,70,7,0,8325,158,75
2021,1062,62,0,1,2475,158,75
2023,507,35,0,7,1741,142,75
2022,1062,83,0,85,6762,129,75
2022,726,92,4,69,6055,117,60
2019,1062,50,5,46,7395,74,75
2023,1062,61,4,85,8945,136,75
2014,1062,81,3,42,10145,157,75
2022,950,61,0,54,7511,126,75
2017,989,71,0,9,11119,158,77
2022,1062,42,5,85,2665,127,75
2021,1062,59,8,85,2301,157,75
2023,968,57,0,0,5038,122,75
2021,390,54,0,0,3847,158,75
2022,512,37,0,0,2056,37,65
2015,488,76,4,68,3318,21,42
2022,276,32,0,0,3108,147,75
2023,1062,78,8,85,2512,118,75
2021,1062,48,0,85,9666,42,75
2023,141,61,4,72,11104,68,67
2021,490,54,0,0,8869,45,60
2019,969,92,4,72,4828,109,52
2023,198,61,0,9,8368,158,75
2016,157,92,8,72,4003,7,6
2022,1062,54,0,9,2146,158,75
2023,1062,52,0,85,5002,158,75
2015,613,51,8,9,3692,61,75
2022,1062,92,6,85,10870,131,75
2023,1066,68,0,0,9667,61,75
2019,1073,61,6,63,272,113,77
2021,769,51,0,4,676,149,75
2019,1062,52,0,42,2078,131,75
2023,1062,52,0,9,2991,155,75
2023,631,53,3,85,10623,146,62
2022,937,61,0,0,680,21,75
2021,1062,51,2,85,187,82,75
2021,1062,52,8,85,2264,157,75
2022,726,56,4,69,6046,154,60
2022,1062,71,0,85,3618,45,75
2018,540,81,3,42,9860,81,62
2023,599,62,0,0,6578,158,75
2021,803,61,0,6,5180,158,75
2023,1062,54,0,85,7865,158,75
2022,1062,62,0,0,2919,158,75
2022,1062,77,0,85,9979,158,75
2023,1062,81,4,72,12083,123,75
2016,419,92,4,72,507,153,73
2021,912,57,3,13,403,95,67
2024,502,54,0,9,9039,155,75
2020,1062,81,0,72,6886,157,75
2022,1062,92,0,85,9869,109,75
2022,1062,62,0,0,2473,158,75
2022,602,50,3,85,10656,8,38
2023,1062,54,0,85,6216,158,75
2023,1062,57,8,85,1407,156,75
2016,1180,52,0,63,473,123,75
2022,1066,61,0,0,5387,151,74
2020,1062,52,0,63,11739,158,75
2021,1062,89,7,85,10064,150,75
2018,406,92,6,18,3490,99,76
2023,1133,62,0,9,10650,158,60
2021,1062,59,8,85,1438,158,75
2023,1051,55,1,85,8063,97,67
2018,1062,52,0,9,2710,146,75
2021,1062,99,0,0,4651,45,75
2021,1062,77,0,85,7623,85,75
2017,1062,81,2,42,6153,158,75
2020,1062,62,0,9,302,158,75
2022,726,50,4,69,5973,82,60
2022,1062,61,0,85,816,110,75
2023,1062,53,8,85,8324,13,75
2021,1062,60,0,85,6084,157,75
2022,1062,53,2,85,3166,158,75
2021,1062,52,0,85,2286,124,75
2021,1062,79,3,85,6764,80,75
2023,1062,42,0,85,7934,158,75
2022,437,68,0,85,11698,95,75
2022,414,22,8,9,179,123,74
2023,233,44,0,5,8440,157,75
2023,1062,92,0,0,10467,158,75
2023,1062,56,8,85,6235,112,75
2022,1079,40,0,0,11743,59,75
2017,917,71,0,0,1409,156,60
2021,835,22,7,84,5741,61,16
2016,1062,81,0,42,5001,158,75
2022,1062,51,0,85,275,129,75
2022,1062,44,1,85,3307,158,75
2023,1062,62,0,85,11898,158,75
2023,1062,52,0,85,6410,158,75
2021,1062,44,8,9,11710,45,75
2018,39,81,8,42,1211,61,75
2021,1062,47,3,85,6498,82,75
2023,1062,57,8,85,2339,69,75
2023,1062,52,2,85,2328,158,75
2023,901,48,0,85,9857,102,75
2020,742,71,8,72,9031,158,62
2022,656,81,4,64,5538,104,70
2017,1062,51,0,9,4400,158,75
2014,877,52,5,68,3646,129,61
2022,1062,92,0,85,7800,136,75
2023,1062,54,0,9,7906,158,75
2022,203,72,0,0,2081,15,60
2020,1062,52,0,9,5655,158,75
2022,1062,69,2,85,9333,158,75
2015,923,87,8,69,930,158,69
2022,726,92,4,69,6027,117,60
2023,1133,54,0,0,6636,158,60
2023,1062,62,0,72,2640,158,75
2016,112,56,4,63,4519,155,75
2022,214,74,0,2,3631,153,64
2022,1062,82,4,85,5832,66,75
2016,1172,81,8,9,6558,28,75
2022,1062,71,2,21,8863,119,75
2022,1062,56,0,0,2509,158,75
2022,1080,40,6,85,10889,154,69
2016,1062,51,8,63,10851,65,75
2022,1062,61,0,0,8201,158,75
2017,1062,51,3,9,11989,158,75
2022,599,54,0,0,5201,158,75
2022,1062,86,6,85,3226,157,75
2022,1062,57,0,0,9476,158,75
2022,473,52,0,1,9409,165,60
2023,1062,80,0,85,2366,135,75
2022,492,31,4,84,4363,123,74
2016,135,92,4,72,4537,5,58
2020,1062,52,0,9,850,93,75
2020,1062,59,8,85,1108,157,75
2020,1062,61,0,9,10233,157,75
2021,605,95,3,57,5072,87,61
2023,147,92,4,85,1562,158,60
2023,1062,62,8,85,9122,68,75
2023,704,54,0,9,9227,37,75
2023,1062,61,5,85,7482,158,75
2020,1023,92,0,0,10018,158,72
2014,1062,62,8,9,11521,158,75
2018,1062,44,0,9,7249,158,75
2021,1062,74,4,85,8102,130,75
2017,989,62,0,9,8697,157,77
2021,514,62,0,0,7450,158,75
2022,1062,92,0,85,9212,41,75
2020,1062,62,0,13,7064,158,75
2020,1062,62,0,1,1538,8,75
2023,1062,67,3,85,7015,158,75
2022,112,54,4,9,4446,123,75
2022,1072,73,0,0,10087,143,75
2023,1062,62,8,41,2045,158,75
2024,691,92,3,41,7755,77,38
2022,1062,27,0,85,6740,158,75
2023,591,80,0,0,9196,69,75
2014,862,57,1,64,5796,157,75
2019,1062,81,0,72,9033,69,75
2023,751,92,0,0,10484,158,75
2015,1062,71,8,42,8054,157,75
2022,764,29,4,63,10913,75,61
2022,822,56,5,85,7510,134,64
2022,1062,54,0,85,5285,158,75
2019,1062,70,3,28,11426,82,75
2022,1062,92,0,0,7911,157,75
2022,1079,67,0,0,11743,144,75
2019,1065,81,3,42,3587,120,76
2022,1062,60,0,85,8974,63,75
2021,1062,59,2,85,810,119,75
2021,1062,58,3,85,11980,158,75
2023,821,54,0,0,9669,25,75
2016,1062,54,0,9,2937,36,75
2023,412,22,3,9,7494,36,60
2022,1094,34,5,85,9934,154,64
2018,1062,61,1,9,862,74,75
2019,1062,61,0,0,7374,158,75
2022,1062,29,2,85,2464,90,75
2016,1062,44,0,9,5169,28,75
2022,1079,54,0,0,11743,136,75
2021,182,42,0,1,6594,136,75
2019,1062,44,0,0,1078,158,75
2015,589,51,8,80,10559,163,75
2021,1062,42,8,0,5586,158,75
2022,1106,25,4,85,9805,154,61
2022,1062,74,5,85,9527,81,75
2022,1005,65,0,0,2755,158,60
2023,1062,62,0,85,10208,69,75
2020,384,79,0,32,685,64,75
2022,1062,62,0,9,10530,155,75
2021,1062,75,3,0,2510,158,75
2020,1062,58,5,63,5420,141,75
2021,1062,56,8,85,11903,158,75
2023,1062,62,0,85,6750,158,75
2021,599,31,0,0,5201,158,75
2023,791,49,0,0,11014,157,68
2017,1062,45,7,65,8146,95,75
2020,1062,90,0,1,9440,118,74
2022,58,31,0,0,970,21,60
2022,971,71,0,1,5344,158,75
2014,1062,52,8,63,7194,71,75
2022,1062,92,0,85,9022,158,75
2022,1062,43,4,85,3096,156,75
2014,859,44,8,72,9237,57,58
2022,1062,52,0,9,6483,89,75
2015,1019,60,7,64,3310,158,75
2022,669,92,5,85,8921,79,41
2023,174,61,0,0,8459,158,75
2017,1062,92,0,42,7901,158,75
2022,331,31,0,0,2907,146,75
2019,411,92,7,9,7040,45,60
2022,1062,47,0,86,10707,45,75
2022,1062,51,0,9,11734,158,75
2021,1062,67,0,85,1929,105,75
2023,1062,62,0,9,2983,158,75
2016,1023,92,8,63,3997,63,71
2022,152,53,0,8,8175,158,61
2020,1062,81,0,9,7006,61,75
2017,1062,52,0,76,4909,26,75
2022,1062,41,5,85,5600,88,75
2020,1062,62,0,1,2157,158,75
2022,1062,76,0,85,8987,157,75
2019,1062,92,0,0,5136,158,75
2021,1062,99,0,0,2026,45,75
2014,168,85,3,50,4253,66,65
2021,991,38,0,3,11762,158,75
2019,1062,60,1,0,928,112,75
2016,1062,44,8,9,1353,25,75
2020,1062,54,0,0,4712,68,75
2016,126,62,4,72,4480,69,34
2014,112,92,4,72,1620,116,75
2022,1062,43,0,85,8423,157,75
2014,142,92,8,72,3943,106,68
2023,1062,62,0,85,7164,158,75
2023,1062,46,8,85,2089,69,75
2022,1062,33,8,85,2178,152,75
2023,1062,56,0,0,6532,158,75
2016,1062,51,0,42,3683,158,75
2021,927,62,4,4,7603,158,75
2014,889,58,7,64,4561,129,71
2021,1062,59,2,85,2597,122,75
2022,1062,92,5,85,10450,140,75
2023,1080,52,0,6,11769,89,71
2016,785,54,8,63,9625,155,75
2022,1062,48,1,85,10906,146,75
2019,1062,64,8,64,814,158,75
2021,306,51,3,42,4663,12,29
2023,1062,53,8,85,8909,111,75
2019,584,64,3,10,2490,158,75
2016,1062,61,0,9,1398,158,75
2022,1062,78,6,85,8052,152,75
2024,1062,48,7,85,4,68,75
2020,881,78,3,62,11834,158,75
2016,859,51,8,63,5894,158,75
2019,1062,61,0,9,9016,61,75
2022,1062,46,0,86,10747,42,75
2022,1062,54,0,0,1435,25,75
2022,1011,31,0,0,7148,99,75
2023,1062,92,3,41,8648,154,75
2021,572,73,0,0,3313,158,69
2020,1062,54,0,9,9905,158,75
2017,1062,72,0,9,11306,158,75
2018,1062,73,0,43,8431,104,75
2022,496,36,0,1,4797,128,62
2023,598,62,0,9,8632,158,75
2023,855,92,0,0,10692,158,75
2023,1062,61,0,0,4139,157,75
2022,1062,63,0,85,11289,127,75
2016,774,69,7,64,6265,156,63
2017,390,62,4,72,9007,157,75
2022,1079,28,0,0,11743,138,75
2018,1062,71,0,42,153,158,75
2022,665,78,5,85,8411,15,43
2021,1062,61,0,0,7443,157,75
2018,1062,61,0,9,9910,158,75
2022,726,56,4,69,6033,117,60
2018,1062,61,8,9,2021,158,75
2023,636,99,3,41,7013,68,29
2015,974,92,4,72,1664,61,52
2023,1062,55,8,85,9324,90,75
2021,1062,45,7,85,2064,46,75
2023,252,61,0,9,10691,158,60
2016,411,81,8,9,10389,25,60
2023,1062,87,0,85,2429,156,75
2016,154,54,0,9,1679,158,78
2021,1097,62,0,1,2791,158,75
2017,1001,59,1,15,7430,158,75
2023,1133,81,0,0,10156,157,60
2015,1062,62,8,9,1994,158,75
2023,406,92,8,9,829,61,75
2023,1062,62,0,0,11922,158,75
2016,304,92,7,13,1401,158,75
2022,1062,92,2,85,10449,119,75
2020,334,54,0,71,6396,158,75
2022,1062,85,0,85,9032,139,75
2023,726,92,4,63,682,140,60
2022,1062,54,5,85,7631,157,75
2022,1062,92,0,85,5835,158,75
2022,947,61,0,0,8724,158,60
2022,1062,54,0,85,3517,152,75
2022,1062,79,0,85,4197,158,75
2020,607,54,0,1,9268,158,75
2022,1062,61,0,85,9555,158,75
2021,1062,54,0,9,6535,158,75
2021,1062,62,8,63,4018,35,75
2019,1062,54,8,9,7970,8,75
2014,1062,54,8,9,6880,158,75
2019,1062,44,0,42,4031,158,75
2014,953,92,4,72,9990,126,68
2022,1062,23,0,85,6840,158,75
2023,832,73,4,4,9064,99,75
2020,1069,83,5,46,4350,158,71
2015,1125,51,0,28,2599,107,75
2024,148,92,4,63,10629,158,60
2021,1062,62,0,9,6147,158,75
2022,1062,69,2,85,2112,101,75
2022,1062,54,0,9,5909,155,75
2022,710,61,0,0,7635,158,67
2020,714,61,0,1,9441,158,75
2019,1062,62,0,0,6695,158,75
2022,923,54,0,0,7361,158,75
2022,1062,56,4,0,11908,136,75
2021,1062,43,0,85,572,53,75
2015,1062,72,0,61,5041,158,75
2022,112,44,4,63,4463,123,75
2016,952,51,4,63,9988,16,68
2020,1062,92,0,0,3164,158,75
2023,1062,79,5,85,2138,151,75
2020,576,28,0,5,1143,157,75
2020,1062,61,0,13,7057,158,75
2024,1062,62,0,42,5349,158,75
2023,1062,99,0,9,867,69,75
2016,1062,54,8,72,11114,158,75
2023,1062,52,0,85,2381,158,75
2022,1062,66,6,85,7679,158,75
2022,763,92,4,69,9785,154,60
2016,1062,44,0,42,7838,158,75
2016,215,81,8,66,2395,134,75
2023,1062,92,0,72,4706,68,75
2016,974,59,4,63,10108,21,69
2023,1062,71,0,0,9416,25,75
2016,653,92,4,72,1729,10,6
2021,1062,72,0,9,817,61,75
2022,601,41,0,0,1581,75,66
2022,1062,61,0,85,4194,157,75
2021,263,92,4,72,4528,120,70
2017,1062,48,0,9,11890,25,75
2017,1062,92,0,0,5144,158,75
2014,112,92,4,63,1639,158,75
2022,1054,92,4,63,6987,15,74
2023,1062,62,0,41,10810,158,75
2016,111,87,8,72,10653,154,74
2021,1062,61,4,85,11712,158,75
2019,1034,71,8,72,2402,88,11
2023,910,21,4,84,4108,158,75
2021,1062,44,8,85,6042,157,75
2021,1062,61,0,4,1688,149,75
2021,565,51,0,1,11792,68,75
2022,1062,84,0,0,8376,154,75
2022,1062,92,0,9,7133,146,75
2017,1062,92,8,72,1389,158,75
2024,1059,54,0,54,212,158,74
2024,1062,52,0,85,11156,77,75
2016,1062,61,8,63,9578,158,75
2023,1048,92,3,9,8311,8,16
2022,1081,45,6,85,10080,155,69
2020,821,71,0,72,10904,158,75
2023,1062,52,0,41,1867,8,75
2022,679,84,0,0,9145,69,75
2020,1062,55,4,85,9580,48,75
2020,1062,81,0,9,9496,158,75
2022,423,79,0,0,8568,79,75
2022,1062,92,0,41,9868,61,75
2022,473,31,0,1,2930,45,60
2015,1062,63,8,66,7787,141,75
2019,1062,81,3,42,5712,152,75
2020,1062,54,0,9,851,16,75
2022,203,53,0,0,2081,158,60
2023,1062,54,5,85,2694,155,75
2020,1062,70,8,85,858,157,75
2020,902,51,0,9,7,158,75
2016,1062,81,3,42,11164,69,75
2021,182,44,0,0,1937,49,75
2021,1062,92,5,2,10706,34,75
2022,763,92,4,69,9805,154,60
2022,592,72,0,0,5010,115,75
2016,418,52,5,63,1468,81,75
2022,1062,65,0,85,6399,103,75
2023,1062,54,8,9,2094,103,75
2022,1062,55,0,85,251,135,75
2020,1044,54,0,3,5770,155,74
2021,1062,62,0,9,7380,158,75
2015,1062,81,0,1,7628,157,75
2022,592,81,0,0,5607,21,75
2023,845,92,6,85,8422,99,57
2023,1038,80,0,2,10327,61,64
2022,1062,52,2,85,437,144,75
2015,1062,99,0,9,3630,158,75
2022,473,62,0,1,6459,158,60
2023,289,99,4,9,9636,68,53
2020,1062,92,0,64,10480,158,75
2022,1062,43,0,85,3157,141,75
2023,1062,62,0,85,5464,158,75
2022,1062,62,0,85,7835,10,75
2020,1062,51,8,9,16,143,75
2020,620,54,0,38,1024,156,73
2019,1062,81,8,72,4074,158,75
2022,1062,84,0,85,6906,25,75
2022,61,99,3,41,9343,16,16
2020,450,92,3,42,1324,68,53
2022,203,31,0,0,2081,158,60
2019,1062,64,0,15,2717,58,75
2022,1079,61,0,0,11743,122,75
2023,1062,81,0,9,1823,158,75
2023,1062,92,0,0,8465,158,75
2015,411,51,7,82,8012,45,60
2022,1062,92,8,85,5848,158,75
2022,1062,56,4,85,5681,157,75
2021,1062,54,8,40,2621,155,75
2018,1062,44,0,42,1194,158,75
2018,898,84,0,22,1514,157,72
2021,1062,75,0,15,8543,158,75
2023,426,41,0,0,8889,69,75
2020,1062,51,8,9,8430,158,75
2022,726,52,4,69,5982,48,60
2020,1087,55,0,2,4398,12,61
2022,1062,63,0,85,8870,54,75
2023,772,39,0,3,11877,126,75
2023,1062,61,0,0,9483,158,75
2020,1062,71,8,63,10786,68,75
2021,1073,61,0,0,11184,158,68
2023,1021,85,0,85,10324,156,75
2020,1062,80,4,0,4753,158,75
2021,1062,80,3,85,2042,102,75
2017,638,38,7,22,10884,145,66
2017,412,55,7,0,11174,154,60
2019,1062,62,8,9,6471,158,75
2022,1062,69,2,85,11275,158,75
2020,1062,52,0,9,6951,158,75
2022,1062,70,0,85,10892,143,75
2018,647,54,1,13,8176,71,16
2021,1062,61,0,0,8097,158,75
2019,1062,81,7,63,10136,157,75
2022,1062,61,0,85,9556,158,75
2023,1062,61,7,85,4249,158,75
2022,1062,61,0,9,7913,158,75
2019,636,21,7,0,5710,12,29
2023,473,62,0,0,8957,136,60
2022,1062,66,4,85,2960,158,75
2022,203,33,0,85,6854,158,60
2021,1062,61,8,72,9156,158,75
2022,60,54,0,0,990,61,60
2019,1062,54,0,9,4377,158,75
2014,1062,31,8,42,3643,45,75
2019,1062,51,0,9,6289,158,75
2020,1062,92,3,13,7129,155,75
2020,1062,92,0,9,10475,158,75
2023,1062,41,0,85,6506,158,75
2023,1062,67,4,85,9110,100,75
2022,1062,58,0,8,7976,151,75
2022,781,33,0,8,9604,32,75
2021,599,49,0,0,5216,147,75
2022,203,39,0,0,2081,158,60
2023,835,87,0,0,8533,109,75
2023,1062,58,8,85,2780,155,75
2023,712,92,0,1,8339,110,75
2021,599,23,0,0,5198,157,75
2014,921,54,8,9,89,157,75
2022,642,32,0,0,8672,107,68
2020,1062,61,4,0,614,61,75
2022,1062,89,8,85,2384,117,75
2022,1062,48,0,9,1686,158,75
2019,1062,61,1,0,7675,128,75
2021,1062,61,0,0,10303,147,75
2022,973,87,0,0,9957,158,75
2020,962,41,1,15,11216,158,65
2021,172,92,0,0,8323,69,60
2023,691,62,3,9,9136,77,38
2022,1062,49,0,85,3654,131,75
2021,814,44,0,1,5361,28,60
2015,1044,85,5,23,11927,112,80
2022,1062,59,8,85,6678,158,75
2022,1062,51,6,85,8943,145,75
2019,1062,62,8,42,11954,158,75
2014,1062,51,8,63,3794,158,75
2020,408,92,8,9,3778,49,75
2021,1062,92,0,85,6432,109,75
2016,1062,92,8,28,9382,103,75
2021,1062,44,8,85,6495,49,75
2022,1062,38,4,85,2603,115,75
2022,763,52,4,69,9801,154,60
2022,806,87,0,0,9656,25,75
2023,335,72,0,2,10278,65,64
2021,1062,39,3,85,1184,100,75
2016,1062,51,0,42,5310,158,75
2022,798,61,0,0,9667,157,75
2021,806,84,0,0,9656,110,75
2023,1062,78,4,85,9099,126,75
2023,1062,77,6,85,8959,143,75
2023,1062,56,0,85,8852,31,75
2022,1065,66,3,85,9047,154,60
2021,1062,71,0,37,3130,158,75
2022,222,70,0,0,5098,27,62
2023,1133,58,0,0,10989,157,60
2016,1062,71,8,9,10122,158,75
2022,1062,44,0,0,63,36,75
2022,1062,60,0,85,11114,21,75
2023,1062,33,0,85,2682,64,75
2018,1062,71,8,73,1996,158,75
2022,1062,68,0,85,11189,21,75
2022,1062,92,8,69,11108,154,75
2023,1062,54,8,9,3743,158,75
2021,1062,88,8,85,9294,128,75
2017,691,48,0,0,898,158,38
2022,525,65,2,45,7244,134,69
2020,902,71,0,9,7575,25,75
2020,1035,61,0,1,1207,158,73
2022,1102,31,4,85,11978,154,60
2022,1062,90,8,85,3624,158,75
2020,428,51,7,72,3787,86,8
2017,436,48,5,85,1985,53,26
2019,1062,61,0,0,9719,158,75
2023,1062,48,0,0,9953,158,75
2022,607,74,4,70,7201,84,34
2016,1062,62,8,9,9931,158,75
2021,365,92,4,72,4571,118,68
2023,1062,81,0,85,2831,157,75
2020,1062,51,0,9,324,61,75
2023,705,33,0,85,9360,146,75
2022,1062,48,0,85,8618,155,75
2016,548,92,8,9,4863,6,27
2023,1062,92,8,85,8553,158,75
2016,1062,62,8,61,11629,28,75
2022,806,54,0,0,9656,158,75
2016,1062,81,8,63,5638,158,75
2023,558,48,4,63,11107,49,60
2023,634,48,0,6,9155,158,75
2021,1062,90,6,85,5034,137,75
2020,490,92,0,1,5906,25,60
2023,1015,60,0,85,9106,88,71
2023,151,60,0,0,10692,134,75
2022,773,51,6,85,11264,78,52
2022,763,42,4,69,9824,154,60
2022,1062,92,7,63,11498,154,75
2022,1062,82,0,85,9969,158,75
2023,121,80,0,0,8265,73,75
2021,1062,53,8,85,6303,108,75
2020,1062,91,0,0,10033,158,74
2023,58,38,0,0,8232,34,60
2020,1062,71,8,63,2681,158,75
2019,1062,72,0,9,792,157,75
2023,1062,91,7,85,3688,158,75
2021,1062,81,0,0,9572,45,75
2020,1062,50,0,8,11356,105,75
2022,37,53,0,2,5112,71,75
2020,401,60,0,1,2994,158,75
2022,1062,51,0,85,10744,135,75
2022,1058,75,4,25,7304,123,74
2022,969,57,2,20,11022,158,71
2021,1089,72,0,1,6344,158,60
2020,554,92,4,9,9119,61,27
2023,1062,84,0,85,8995,86,75
2022,1051,85,5,85,10207,97,77
2021,1062,60,8,85,5002,157,75
2020,607,52,0,1,9273,158,75
2020,1062,48,0,0,1189,158,75
2022,1058,74,0,85,10782,43,72
2021,1062,71,0,6,6892,21,75
2021,806,44,0,0,9656,158,75
2020,663,76,0,0,6429,132,75
2022,203,54,0,0,2081,158,60
2018,1062,48,0,9,3369,157,75
2019,1062,61,0,0,5466,158,75
2021,1062,33,0,85,2407,59,75
2022,1062,54,0,9,70,155,75
2023,592,62,0,0,4754,158,75
2016,1062,52,0,9,6475,158,75
2022,1062,92,3,85,10455,158,75
2022,726,48,4,69,5962,117,60
2022,1062,31,0,0,11688,158,75
2023,1062,52,0,85,8935,158,75
2021,1062,54,8,63,5659,16,75
2023,1109,55,0,0,2845,158,64
2023,944,57,0,0,6567,158,75
2018,676,69,1,42,11356,26,40
2015,523,61,8,9,4750,158,75
2017,412,21,7,0,11174,154,60
2021,1062,56,8,85,2282,157,75
2022,1062,92,7,85,8669,117,75
2017,1062,62,0,9,5644,158,75
2022,1062,49,6,85,8421,157,75
2022,1066,92,0,79,2757,140,74
2020,143,92,4,63,8243,158,78
2022,1062,57,5,85,1496,62,75
2022,1062,52,0,85,950,158,75
2022,1062,62,0,41,663,8,75
2022,707,22,7,0,4821,123,60
2019,1062,62,0,0,1831,158,75
2018,1062,66,5,40,189,73,75
2022,1062,92,1,85,10448,117,75
2022,219,53,4,68,1597,107,60
2021,1062,92,0,63,9118,158,75
2023,158,55,0,0,8220,65,68
2021,344,61,0,5,7809,157,62
2017,191,54,0,9,5662,158,75
2022,1062,62,8,85,9649,14,75
2022,68,48,0,8,8172,46,60
2022,1062,80,5,85,9317,118,75
2017,1046,48,8,3,11562,41,74
2014,390,54,8,72,10726,151,74
2023,1062,61,0,85,2936,157,75
2023,889,47,0,85,9830,104,75
2015,833,75,8,69,419,158,65
2023,1062,92,4,9,9661,93,75
2023,1106,73,0,0,2333,158,65
2022,784,72,0,0,9602,49,75
2020,1062,62,0,1,5460,158,75
2017,1062,54,8,72,7702,158,75
2023,1051,55,1,85,8061,97,67
2022,1062,56,0,9,1850,8,75
2015,104,81,4,63,609,29,77
2022,1062,57,8,85,3684,157,75
2017,1062,54,0,9,3099,158,75
2019,1062,92,0,0,9056,65,75
2014,755,92,4,63,4441,28,16
2020,1062,29,5,85,2017,157,75
2022,1062,92,0,85,6778,158,75
2020,642,52,8,70,4604,89,45
2021,1062,54,7,85,11972,157,75
2017,1062,62,0,72,11068,158,75
2022,1062,92,0,85,9788,78,75
2020,1068,31,1,9,8018,158,75
2023,1062,50,8,85,8337,33,75
2022,973,44,4,85,6424,128,48
2023,925,92,1,63,9536,69,68
2022,1062,88,7,85,8787,145,75
2021,376,81,0,1,2948,157,60
2021,1062,51,8,9,8009,8,75
2022,1062,92,0,85,9738,60,75
2023,834,55,0,0,9678,100,75
2022,1062,62,0,85,417,158,75
2022,599,36,0,0,5193,158,75
2023,1062,61,8,85,1001,158,75
2022,1062,52,0,85,4624,157,75
2023,1062,51,0,9,11854,158,75
2023,1062,52,0,0,9038,61,75
2021,1062,92,0,0,8549,158,75
2022,755,94,4,66,9760,100,68
2023,1062,99,3,85,11362,123,75
2022,1062,92,8,1,8482,25,75
2015,625,85,8,70,9547,158,53
2020,1062,61,0,0,10398,158,75
2020,1062,72,8,9,10552,49,75
2021,587,44,0,0,2164,98,66
2022,252,43,0,0,2097,150,60
2020,362,92,0,34,697,25,75
2023,780,71,8,9,923,61,75
2022,1079,77,0,0,11743,75,75
2016,1062,53,5,72,11140,127,75
2022,1062,47,4,85,2234,158,75
2022,1062,61,0,85,6526,107,75
2020,1062,99,8,0,4590,61,75
2021,679,45,4,0,10116,110,75
2023,1062,51,0,9,3945,158,75
2015,918,78,8,72,9835,82,66
2015,1062,62,8,9,7378,158,75
2021,806,32,0,0,9656,13,75
2020,639,62,0,1,7706,158,75
2023,1062,78,6,85,8952,146,75
2023,586,32,0,0,8383,158,75
2023,1062,61,2,85,8947,143,75
2022,242,92,0,9,1364,28,75
2015,1085,61,8,72,164,61,27
2021,599,42,0,0,5200,15,75
2019,1062,92,0,42,7085,106,75
2022,1062,92,0,85,10457,158,75
2022,1062,63,0,85,2222,148,75
2022,842,50,4,69,1182,145,71
2022,999,38,5,85,7730,82,56
2022,1062,54,0,9,5625,44,75
2015,100,81,4,63,571,158,78
2017,1062,51,0,42,10850,45,75
2018,1062,92,1,9,862,96,75
2019,1062,62,0,42,5168,158,75
2023,1062,57,3,85,2592,156,75
2022,1062,92,0,85,9583,23,75
2020,362,54,0,0,3660,45,75
2021,1062,62,0,9,10531,45,75
2018,385,22,3,9,4263,158,60
2020,1089,62,0,1,8046,158,60
2020,1062,92,0,0,6189,158,75
2022,1062,62,0,0,5410,158,75
2020,1089,62,0,1,4229,158,60
2023,398,51,2,0,759,149,60
2021,1062,58,2,85,11968,158,75
2022,1062,57,5,85,1503,63,75
2014,1062,72,0,9,11284,158,75
2016,381,55,6,7,11132,154,61
2022,998,54,2,85,6975,64,75
2022,1062,61,0,85,11490,158,75
2022,1079,44,0,0,11743,78,75
2020,908,92,3,42,7162,137,27
2022,719,43,0,0,5021,158,75
2023,1062,28,0,85,2633,46,75
2023,391,54,0,0,8847,69,75
2022,1062,88,6,85,10342,158,75
2023,726,31,4,69,5934,35,60
2016,1062,92,8,9,6686,158,75
2016,157,92,8,72,4003,7,6
2019,1062,61,3,0,7539,147,75
2023,1062,54,8,41,1778,158,75
2015,1062,51,8,63,4401,158,75
2024,148,61,4,63,10244,157,83
2022,848,91,0,0,9079,71,75
2021,1062,63,7,85,6215,149,75
2021,1093,62,8,72,11335,158,75
2016,1062,81,8,63,5638,158,75
2022,816,31,0,0,9659,29,60
2018,1062,92,8,9,7206,158,75
2017,691,48,0,0,898,27,38
2016,1049,81,7,83,10172,155,78
2015,1099,61,4,72,11053,157,77
2016,1062,54,0,42,5306,158,75
2017,1062,92,3,9,7289,69,75
2024,412,51,7,85,9771,154,60
2021,1062,73,8,85,10992,158,75
2023,1133,52,0,9,8051,158,60
2020,859,48,0,1,11113,144,72
2022,1062,22,0,9,11646,158,75
2021,1062,53,8,85,3000,123,75
2021,1062,92,0,0,10441,45,75
2021,758,61,0,1,2139,158,75
2023,1062,92,0,8,8727,140,75
2022,1079,61,0,0,11743,158,75
2023,555,23,4,9,4915,163,75
2023,149,62,4,63,770,36,60
2014,708,81,3,42,4787,16,78
2023,401,75,0,5,8807,120,75
2021,1062,44,8,85,6299,158,75
2021,1062,52,0,9,3488,116,75
2022,726,48,4,69,5961,80,60
2015,896,92,6,72,10741,90,45
2023,690,31,0,85,9395,146,75
2019,1062,62,0,42,10259,158,75
2015,363,81,4,28,6360,155,78
2015,423,52,4,28,4534,69,34
2022,590,62,0,63,4280,136,60
2017,700,72,4,16,1699,158,75
2020,1062,61,0,9,10716,158,75
2017,1062,62,0,9,5517,158,75
2016,900,92,8,72,503,116,75
2021,1062,92,4,42,9370,132,75
2018,83,81,4,72,10058,52,71
2023,1005,82,0,85,8707,101,75
2022,147,52,4,69,1568,154,60
2022,1062,22,0,0,9405,158,75
2023,1011,54,0,2,8001,158,63
2022,282,58,0,0,7482,158,69
2022,1062,81,0,85,10341,125,75
2020,1062,84,8,48,3462,158,75
2017,1062,71,0,9,2707,158,75
2022,1062,61,0,85,4162,157,75
2022,1062,69,0,85,4219,158,75
2023,1062,73,5,85,8901,119,75
2019,1062,61,0,0,8865,158,75
2022,949,56,0,0,724,158,75
2022,1079,90,0,0,11743,120,75
2022,1062,71,8,85,1967,158,75
2023,1062,33,8,85,2241,157,75
2017,691,92,0,0,898,123,38
2021,1062,92,7,63,9428,154,75
2024,232,99,0,9,6982,61,75
2022,1062,40,0,85,8423,156,75
2023,1062,61,4,85,7230,89,75
2022,1062,62,0,85,2485,8,75
2023,1017,23,0,0,10043,69,75
2016,157,92,8,72,4003,7,6
2021,1062,62,0,85,5496,158,75
2015,63,92,3,13,11759,24,81
2022,1079,29,0,0,11743,158,75
2019,1062,52,0,66,7024,124,75
2021,112,51,4,9,8244,158,75
2022,1079,63,0,0,11743,118,75
2020,638,51,0,2,9330,158,75
2019,1062,62,0,0,6448,158,75
2023,1009,88,7,85,10465,156,75
2017,412,51,7,0,11174,154,60
2021,1062,61,0,1,4702,68,75
2021,1062,58,1,85,4147,157,75
2023,1062,66,0,85,7912,116,75
2022,834,90,0,0,6848,149,75
2022,1062,48,0,85,11274,8,75
2020,1062,61,8,63,5229,157,75
2022,923,61,0,0,9901,158,75
2023,558,48,4,63,11107,49,60
2020,1062,57,8,47,4047,159,75
2014,112,92,4,63,3377,157,75
2016,716,71,8,63,5838,158,75
2021,979,48,0,0,5158,136,75
2023,1062,75,0,85,7692,158,75
2023,1062,67,3,85,7018,158,75
2023,1062,62,8,85,9059,85,75
2021,1062,61,0,9,11944,158,75
2022,763,72,4,69,9768,154,60
2023,908,28,0,7,10317,136,63
2023,252,61,0,9,8309,158,60
2017,167,92,4,63,9351,36,5
2020,1062,31,0,0,6843,158,75
2017,271,73,7,42,11030,126,70
2021,446,96,0,1,11807,70,75
2020,901,72,6,76,401,123,67
2017,1062,48,0,73,9849,158,75
2016,1062,52,0,9,5595,158,75
2023,1062,92,0,9,8733,140,75
2022,476,47,0,0,1146,151,75
2022,5,52,0,85,804,49,75
2023,1068,61,0,4,8355,157,75
2020,607,99,0,1,11402,158,75
2022,1062,54,0,41,7190,158,75
2017,1183,51,0,9,12104,158,75
2023,956,59,0,85,9332,24,66
2023,1062,44,8,85,7947,157,75
2018,1062,92,0,0,8402,158,75
2023,1062,52,0,9,3554,106,75
2022,320,70,0,0,8375,141,66
2016,222,54,8,9,2160,61,75
2023,622,61,0,0,2059,157,75
2023,592,52,0,0,9222,62,75
2021,1089,62,0,42,8849,158,60
2023,69,72,4,85,10399,68,82
2022,1062,72,6,85,6247,109,75
2015,1062,71,8,9,5057,158,75
2022,923,48,0,0,7361,39,75
2022,1062,69,6,85,901,124,75
2020,1062,48,8,9,1167,45,75
2022,726,50,4,69,5949,96,60
2023,1062,61,3,85,9034,113,75
2020,1062,54,0,9,3414,158,75
2021,1062,61,7,85,2415,158,75
2017,1062,71,0,61,2150,158,75
2017,1062,61,0,9,1461,25,75
2019,1062,61,0,0,728,158,75
2022,1034,75,0,0,8470,157,75
2021,1062,52,0,42,3459,155,75
2024,1062,54,0,9,8894,158,75
2020,1062,91,7,0,704,158,75
2023,784,52,0,6,9600,142,75
2014,1062,54,0,9,9888,158,75
2022,1062,60,8,85,1242,153,75
2015,983,92,8,9,8134,109,75
2015,125,23,4,63,4499,46,74
2021,1062,61,0,9,2929,158,75
2022,960,71,0,85,11319,32,75
2021,522,72,5,67,6777,139,40
2015,1062,62,8,9,3286,158,75
2019,1062,60,0,0,3567,156,75
2023,54,48,4,0,8154,69,34
2022,1079,72,0,0,11743,139,75
2020,473,61,0,1,3713,158,60
2021,1062,72,0,40,3732,158,75
2021,1062,60,8,85,1221,157,75
2020,653,47,0,1,1006,147,64
2019,1062,61,0,64,6136,158,75
2018,1062,51,0,9,11727,155,75
2022,820,62,0,0,2156,158,75
2022,1099,22,4,85,9435,121,63
2022,266,92,0,9,8656,158,75
2019,1062,62,8,42,10815,158,75
2022,654,32,0,2,3617,81,75
2016,1062,54,0,13,3404,158,75
2021,1062,92,2,85,7386,110,75
2022,1079,61,0,0,11739,118,75
2017,440,50,6,68,3868,88,9
2021,994,48,2,24,6045,129,57
2023,805,22,0,0,9654,146,75
2023,1062,61,2,85,8948,147,75
2022,567,62,0,0,2653,158,75
2018,802,69,6,65,735,124,60
2023,1062,49,8,85,2154,69,75
2022,1079,91,0,0,11743,136,75
2022,1062,56,0,85,6126,158,75
2023,1062,81,0,0,9511,158,75
2024,317,33,0,0,3316,158,60
2016,636,44,3,54,963,158,29
2016,112,81,2,42,3123,158,75
2020,1062,81,0,9,860,61,75
2020,1062,61,0,0,3165,157,75
2019,1062,51,7,62,2144,45,75
2019,1062,44,0,1,226,93,75
2021,1062,32,8,85,3620,100,75
2016,545,92,8,9,4989,143,75
2022,81,55,0,0,8375,158,63
2019,1062,35,0,0,6386,85,75
2020,1062,99,0,64,3025,25,75
2021,1062,61,8,63,10498,158,75
2021,1062,56,4,85,7908,83,75
2021,1059,60,0,0,7066,158,75
2015,446,92,8,72,11026,158,78
2020,1062,62,0,42,1114,158,75
2016,1062,54,8,9,1466,127,75
2022,1062,78,0,85,10485,129,75
2022,1062,77,0,85,9698,130,75
2021,706,62,0,1,11706,144,75
2015,713,61,8,9,9439,61,75
2022,1062,52,0,85,1298,158,75
2022,1062,56,0,85,6126,158,75
2016,112,21,4,72,1748,25,75
2022,87,48,4,85,1181,154,30
2014,945,51,8,72,7914,157,75
2023,952,62,0,9,8982,114,75
2022,1062,80,0,85,10101,158,75
2016,178,48,3,85,1872,9,5
2023,896,25,0,0,1449,69,75
2022,604,50,0,2,9152,84,75
2021,319,43,0,1,2476,55,60
2023,1062,45,7,85,7878,157,75
2023,726,52,4,69,10896,154,60
2021,1062,62,0,42,2348,158,75
2021,905,62,0,1,2678,71,65
2023,1133,48,0,0,11272,157,60
2020,1062,31,0,0,2686,158,75
2023,636,56,3,85,7012,72,29
2023,1079,48,0,85,7398,158,75
2019,1062,53,0,57,5822,144,75
2016,1047,89,6,64,11060,102,74
2016,113,81,4,63,1549,135,75
2021,909,92,6,85,8794,35,62
2022,1062,76,0,85,10605,133,75
2021,1062,70,8,85,8903,114,75
2016,112,52,4,63,6315,93,75
2022,1034,55,4,63,6669,144,73
2022,1004,74,1,85,7496,144,57
2023,1062,60,0,85,8994,152,75
2021,1062,52,0,42,3311,158,75
2023,603,85,3,85,8631,15,38
2022,1062,39,0,85,2328,115,75
2022,1044,72,4,63,7521,121,73
2021,1062,78,0,85,3974,110,75
2023,971,59,0,85,9098,90,67
2016,135,92,4,72,4537,5,58
2018,1062,92,0,0,8570,158,75
2019,1062,61,4,72,10206,89,75
2019,1062,92,0,0,784,28,75
2022,747,75,4,69,6283,132,65
2022,806,31,0,0,9656,103,75
2020,742,71,8,72,10082,158,62
2022,1062,59,0,85,712,116,75
2014,1062,72,0,61,6385,158,75
2023,203,81,0,0,1434,49,60
2021,814,31,0,1,1074,143,60
2023,1062,92,0,41,5029,158,75
2023,959,73,0,0,10205,104,69
2018,1062,81,0,13,3585,158,75
2022,726,52,4,69,5983,40,60
2022,1062,61,0,85,9136,158,75
2019,886,57,0,51,5027,101,75
2020,279,74,0,1,8567,158,68
2015,660,85,5,16,6153,156,76
2016,325,51,8,9,5786,123,75
2022,1062,28,0,85,7040,69,75
2021,599,92,0,0,5201,49,75
2022,1062,74,3,85,8937,51,75
2023,1062,62,0,9,7232,158,75
2018,176,81,4,72,6909,158,77
2017,901,55,4,36,3449,158,68
2020,1062,48,8,0,8677,158,75
2022,1062,52,0,85,4186,158,75
2023,1062,82,0,85,8650,76,75
2021,1062,87,8,85,5896,158,75
2023,1062,53,0,9,11716,158,75
2021,331,80,1,63,11080,158,60
2022,1062,56,0,85,9923,118,75
2022,904,51,1,85,7348,49,61
2016,1062,71,8,72,3748,157,75
2019,1062,52,0,9,2628,28,75
2019,1062,21,8,0,5472,16,75
2020,1062,81,8,72,8711,158,75
2020,1062,42,8,85,2123,88,75
2024,1062,61,0,9,10284,25,75
2016,1062,48,8,72,5116,157,75
2022,1062,97,0,0,8424,155,75
2023,1062,62,0,41,8937,158,75
2023,1062,48,8,85,1164,25,75
2021,930,44,1,27,6521,126,69
2021,1062,92,6,85,9457,130,75
2014,1062,81,8,9,12053,158,75
2022,1079,61,0,0,11743,84,75
2016,1062,51,8,72,660,158,75
2021,1062,71,8,85,5461,157,75
2021,1062,44,8,9,11649,71,75
2020,1062,54,0,64,11232,8,75
2022,276,52,0,0,3108,75,75
2021,1062,45,8,85,1909,47,75
2023,1041,92,3,41,10180,154,75
2023,1062,72,0,85,6893,158,75
2016,928,44,8,9,7721,123,75
2024,1062,92,3,42,8884,49,75
2017,999,92,8,63,10096,130,75
2016,633,78,3,19,11070,155,74
2023,1062,49,0,85,3460,158,75
2022,1062,76,0,85,1700,158,75
2016,952,51,4,63,9988,16,68
2022,1062,63,7,85,8032,145,75
2022,1062,92,8,0,9615,27,75
2022,995,45,0,4,5623,148,75
2020,917,76,0,0,3756,157,66
2020,1062,81,0,13,9102,158,75
2022,1062,54,8,85,2073,88,75
2022,1062,61,0,1,4862,158,75
2023,744,53,0,9,9501,143,75
2018,1062,52,0,9,4873,109,75
2020,1062,58,0,0,2573,129,75
2021,1062,59,0,85,10414,52,75
2023,1062,92,0,85,10385,156,75
2023,1062,75,5,85,8984,134,75
2023,484,62,0,9,8986,158,75
2021,1062,48,6,85,3904,157,75
2022,1062,39,3,85,3218,156,75
2021,864,69,0,0,2496,104,75
2022,203,62,0,0,8219,158,60
2022,1062,80,8,85,8926,151,75
2023,1062,72,8,85,3010,156,75
2015,1062,44,0,9,6582,158,75
2024,1062,42,0,9,4922,109,75
2019,1062,62,0,0,7775,158,75
2022,1062,51,0,85,5501,101,75
2022,726,48,4,69,6024,117,60
2022,203,34,0,0,2081,61,60
2017,1062,54,8,72,224,157,75
2022,1017,91,7,85,10496,122,77
2016,851,92,8,72,11347,61,27
2020,533,52,0,23,321,158,61
2020,557,42,0,1,6853,144,69
2021,1062,44,0,85,9557,154,75
2016,745,80,7,71,6380,158,62
2019,1062,44,8,42,4968,158,75
2015,1062,42,0,9,2039,158,75
2020,1062,62,8,9,3041,158,75
2017,691,92,3,9,6108,77,38
2022,1062,61,4,85,3149,110,75
2018,1062,52,0,76,557,140,75
2014,1062,51,8,63,1138,139,75
2020,1062,42,8,3,3154,25,75
2022,1062,82,0,85,5073,158,75
2022,923,74,5,75,11178,118,70
2022,112,92,4,9,9348,123,75
2016,1062,99,0,9,1354,71,75
2014,1062,51,8,9,12055,158,75
2022,832,52,2,43,9674,155,64
2022,1036,92,6,85,10394,122,76
2019,1062,75,1,49,1197,157,75
2023,1062,42,8,85,6640,94,75
2023,929,92,0,85,9928,122,64
2024,815,81,4,9,9763,123,75
2022,1062,44,1,85,8423,157,75
2022,1062,61,2,85,374,158,75
2022,298,74,0,4,11085,158,60
2022,1062,51,0,85,2195,157,75
2020,803,62,0,1,5511,158,75
2023,1062,91,7,85,8726,116,75
2023,1062,79,7,85,8958,145,75
2022,691,99,3,85,7075,49,38
2023,1062,51,8,9,7540,155,75
2021,1062,47,7,85,6522,46,75
2022,726,48,4,69,6017,86,60
2016,1062,72,0,61,6083,158,75
2016,1062,62,0,9,7847,158,75
2017,1062,81,4,72,11030,158,75
2015,112,92,4,63,4529,58,73
2022,726,92,4,69,6013,96,60
2021,1062,92,0,85,6984,142,75
2020,607,54,0,1,6531,158,75
2022,1062,54,0,85,8421,29,75
2020,1062,92,8,9,11021,158,75
2023,1062,54,8,85,9346,92,75
2022,687,52,0,9,11263,135,75
2023,623,89,0,0,8563,151,75
2016,1062,50,7,67,4866,135,75
2023,913,51,0,6,12034,59,75
2022,1062,95,0,85,9276,72,75
2020,622,35,0,1,4995,158,63
2019,1062,51,0,9,2561,49,75
2016,832,56,7,64,2117,157,75
2022,1062,30,5,85,2274,123,75
2022,1062,62,0,0,2806,158,75
2021,650,61,0,54,9237,158,61
2023,1062,55,0,0,12027,158,75
2017,273,44,0,1,8038,158,75
2020,1062,62,0,9,1895,158,75
2019,1062,55,0,0,6191,68,75
2023,1062,27,4,85,8073,112,75
2021,1062,79,1,85,6515,52,75
2022,426,52,4,54,6733,68,75
2022,1062,81,0,9,8306,71,75
2022,1062,39,0,85,6473,158,75
2022,777,52,4,69,9780,154,74
2019,1062,31,0,0,990,16,75
2023,725,62,0,9,9477,158,75
2022,939,54,2,85,7160,155,38
2020,1062,88,0,17,4078,31,75
2020,1076,57,0,1,982,158,75
2023,412,51,7,0,1035,154,60
2020,1062,99,0,1,5535,158,75
2022,688,54,0,1,5149,62,75
2021,737,53,0,1,2971,87,66
2021,143,46,0,0,1634,114,70
2022,733,39,2,40,11011,137,74
2021,1062,51,0,85,9475,66,75
2020,411,92,8,13,515,158,60
2022,1062,31,0,41,11456,158,75
2015,1062,92,8,9,5623,157,75
2020,920,58,0,25,2982,158,75
2018,1062,51,8,64,7607,39,75
2023,505,53,0,9,9029,158,75
2023,784,49,0,9,9586,45,75
2023,998,51,0,0,9341,128,64
2020,1062,61,8,72,9715,158,75
2023,1062,92,8,72,10153,155,75
2022,1062,56,0,9,277,44,75
2017,412,51,7,0,11174,154,60
2022,1062,89,5,69,11003,115,75
2021,1062,57,4,85,2481,97,75
2023,287,61,4,0,8352,15,8
2023,1062,28,0,85,7573,55,75
2016,112,52,4,63,6316,33,75
2023,648,51,4,69,5553,158,60
2020,587,62,0,0,1627,156,75
2024,488,62,0,0,5748,157,75
2022,1062,25,3,85,3778,94,75
2023,1062,92,0,9,795,157,75
2019,1062,51,0,0,12080,158,75
2019,1062,61,0,42,7448,158,75
2023,1133,54,0,9,3516,158,60
2023,854,44,0,0,9553,87,71
2022,1062,92,4,68,11058,122,74
2022,1062,62,0,41,7854,158,75
2021,1062,92,0,42,8460,158,75
2023,726,92,4,63,10877,44,60
2016,222,44,8,9,2161,158,75
2021,1062,56,0,0,11974,158,75
2021,428,92,3,42,3276,49,8
2022,704,75,0,0,2820,37,68
2020,1062,52,2,1,529,158,75
2018,1062,60,0,0,9853,158,75
2015,921,81,8,9,7277,155,75
2019,1062,52,0,42,7140,27,75
2020,509,92,0,1,3239,64,62
2021,1062,54,2,0,2587,8,75
2023,549,51,0,85,10539,146,75
2022,1062,68,3,0,8258,48,75
2016,653,51,4,80,4528,10,6
2021,1062,99,0,64,1875,9,75
2022,1062,78,0,85,9533,14,75
2020,1062,92,8,9,319,158,75
2020,1062,52,2,0,4003,124,75
2016,675,52,6,63,1902,48,58
2019,1062,21,1,13,7102,158,75
2023,1062,45,0,11,4807,127,75
2018,682,48,6,85,2085,94,45
2023,1078,61,0,6,9117,158,71
2021,1062,89,0,85,7181,26,75
2021,1097,61,0,2,3754,135,75
2017,986,92,4,72,573,162,80
2021,1062,97,0,85,9422,70,75
2022,806,54,0,0,9656,158,75
2023,1062,61,8,85,1135,158,75
2023,233,33,0,0,8907,45,75
2020,1062,92,0,0,9489,158,75
2022,1062,92,7,85,11022,152,75
2020,1062,44,0,42,11459,158,75
2017,691,61,0,0,898,25,38
2017,691,92,0,0,898,61,38
2022,1028,30,6,85,8005,47,65
2019,1062,44,0,42,7137,158,75
2023,1062,57,3,85,7365,120,75
2019,969,92,4,72,4828,109,52
2016,1062,54,0,9,229,158,75
2021,599,80,0,0,5201,31,75
2020,1062,61,0,0,5673,158,75
2019,1080,68,0,0,3085,63,75
2018,1062,92,0,9,9354,158,75
2016,717,81,4,63,3991,158,78
2023,1062,60,0,85,7855,106,75
2021,1062,62,0,0,8791,49,75
2023,1062,33,7,85,2227,158,75
2020,642,81,3,42,2499,28,16
2022,731,54,4,85,7369,125,61
2021,1062,51,0,4,7611,133,75
2016,882,77,5,71,5013,137,75
2022,1062,67,0,85,8465,69,75
2021,1062,79,4,85,2876,158,75
2021,1009,92,6,72,10225,106,75
2019,63,31,1,9,3769,49,81
2023,174,52,0,0,11140,159,75
2022,1062,28,0,85,2234,130,75
2021,1062,51,0,9,5130,158,75
2022,1062,62,0,9,6350,158,75
2022,763,42,4,69,9819,154,60
2021,1062,58,2,44,4724,60,75
2023,1062,52,0,85,2207,157,75
2021,524,31,0,0,4329,108,60
2017,1062,61,8,73,8091,158,75
2022,1062,22,0,0,3256,50,75
2021,1062,85,8,85,9625,157,75
2022,726,52,4,69,6002,80,60
2023,1062,79,5,85,8995,111,75
2016,135,92,4,72,4537,5,58
2022,1062,37,1,85,2237,140,75
2022,755,38,0,0,6686,158,71
2020,1062,92,8,63,10200,157,75
2021,278,51,0,63,772,155,75
2022,1062,53,7,0,11356,158,75
2023,1062,59,1,85,9038,148,75
2022,1062,48,8,69,11097,80,75
2022,1062,60,0,0,4246,158,75
2023,1062,31,8,85,8422,155,75
2022,599,53,0,0,5200,158,75
2021,1062,65,6,85,11286,137,75
2017,412,51,7,0,11174,154,60
2022,1062,21,0,0,8476,25,75
2020,1062,61,8,72,935,158,75
2023,1062,52,0,0,11398,158,75
2022,1062,45,2,85,8422,157,75
2021,1062,75,3,85,1773,39,75
2016,519,61,8,72,1325,28,16
2022,872,61,0,7,963,85,75
2022,1062,57,5,85,1518,64,75
2016,135,92,4,72,4537,5,58
2020,490,61,0,1,3706,158,60
2023,1062,42,0,9,1941,158,75
2023,1062,58,8,85,2581,100,75
2017,1062,51,0,9,3905,158,75
2019,1062,61,0,64,706,158,75
2023,888,63,0,2,9828,73,75
2023,863,55,0,11,3947,24,75
2023,497,56,4,85,9012,111,27
2022,261,84,0,0,8467,77,64
2022,1062,72,0,9,9891,131,75
2023,852,73,1,85,8276,46,57
2022,1062,44,2,85,5077,129,75
2015,390,80,5,63,8657,157,75
2016,1062,54,0,9,5181,158,75
2022,806,48,0,0,9656,8,75
2015,1062,62,4,9,430,158,75
2023,497,59,4,85,9012,111,27
2019,1053,71,8,63,11970,158,75
2021,827,92,0,1,11538,69,75
2022,1062,92,3,85,9191,66,75
2024,1062,78,0,36,2373,158,75
2019,1062,91,6,62,10198,158,75
2015,1062,92,0,9,1130,158,75
2021,1062,92,0,0,6853,135,75
2022,1062,62,5,29,11624,158,75
2018,1062,72,0,9,5302,158,75
2017,411,92,3,9,3039,36,60
2021,1062,44,0,85,9598,154,75
2021,1062,63,0,85,1270,65,75
2020,985,48,0,6,4886,146,75
2023,1062,68,0,85,9859,74,75
2022,1062,82,0,85,9609,63,75
2023,412,51,3,0,747,154,60
2022,1073,64,0,1,10134,116,75
2017,1062,22,7,9,7193,41,75
2022,608,32,0,0,2008,72,75
2019,1062,52,0,9,10835,25,75
2021,1062,62,0,42,2305,158,75
2022,1079,26,0,0,11740,81,75
2016,1062,81,3,42,9323,93,75
2021,1062,88,5,85,5372,115,75
2016,536,61,8,9,1319,158,78
2022,1079,31,0,0,11743,46,75
2023,841,51,0,0,2502,29,74
2022,1062,56,0,85,9770,96,75
2022,1062,62,0,9,3163,158,75
2022,688,71,4,9,4477,123,75
2019,1062,61,0,0,721,158,75
2022,1062,71,8,9,4143,158,75
2022,1010,54,0,0,7899,39,75
2022,1062,32,0,85,6630,158,75
2022,1062,61,0,85,6322,118,75
2021,1062,61,7,85,11624,158,75
2023,1062,52,0,85,10808,61,75
2021,653,61,0,22,11625,158,66
2021,1062,54,8,85,11756,157,75
2019,984,73,0,13,2571,112,75
2021,1062,61,0,1,5655,158,75
2021,1062,69,0,85,1814,86,75
2022,518,89,4,63,9882,79,62
2023,1062,31,0,85,3043,155,75
2022,147,56,4,69,1589,49,60
2021,1062,48,0,0,998,158,75
2023,1062,75,0,85,9491,79,75
2022,203,53,0,0,2081,97,60
2022,519,53,3,68,4383,124,74
2016,116,81,4,42,4556,21,11
2023,1062,67,0,85,7747,158,75
2022,763,51,4,69,9794,154,60
2019,1062,81,3,13,8761,39,75
2020,1062,92,8,9,9355,158,75
2022,593,91,0,0,8640,26,75
2021,1084,35,0,1,4625,136,62
2023,1062,62,6,85,5871,158,75
2022,878,72,2,85,7456,139,67
2022,639,92,4,85,9377,114,40
2021,1062,37,5,85,3244,129,75
2015,1062,92,8,9,10776,61,75
2022,1062,81,0,85,6791,25,75
2017,1062,51,0,63,1760,18,75
2022,203,49,0,0,2081,102,60
2022,1062,71,0,72,3098,158,75
2018,1062,92,0,0,10957,25,75
2021,1062,54,0,9,3169,157,75
2020,1062,53,8,85,1358,157,75
2022,1062,46,3,85,6593,73,75
2021,1062,61,2,85,7788,143,75
2021,1062,62,0,1,5456,158,75
2023,858,54,0,1,2059,64,75
2016,1062,51,8,9,11990,158,75
2018,1062,48,0,13,309,65,75
2018,1062,31,0,9,6941,158,75
2022,1062,72,0,9,5555,158,75
2023,653,54,0,9,9323,105,75
2019,691,92,8,42,4715,61,38
2022,1062,62,0,9,10900,158,75
2022,1062,76,8,85,3016,158,75
2022,558,48,4,63,10880,35,60
2022,58,22,0,0,8164,87,60
2018,1062,61,0,9,8206,25,75
2015,363,81,4,9,76,158,78
2015,240,61,8,28,6454,158,75
2015,294,51,2,72,8675,158,75
2022,1062,60,7,85,2436,72,75
2014,1062,52,0,9,10852,155,75
2022,884,52,0,0,8414,92,70
2022,593,80,0,0,5620,22,75
2022,1062,64,6,85,5930,54,75
2023,726,31,4,69,6036,117,60
2022,1071,92,0,0,8623,158,69
2022,1079,92,0,0,11736,8,75
2022,1079,61,0,0,11743,84,75
2023,870,71,3,85,7148,155,16
2016,426,45,0,2,3619,63,28
2021,1062,54,0,85,9265,99,75
2020,1062,44,0,9,2050,61,75
2023,1062,66,0,85,9945,72,75
2015,63,92,3,13,11759,28,81
2023,1062,79,0,85,7481,134,75
2021,1062,71,8,9,10373,157,75
2023,872,56,0,0,9136,69,67
2023,1062,23,7,85,8313,11,75
2014,1062,44,0,61,11899,158,75
2020,480,61,0,1,5707,157,60
2014,354,46,4,63,4134,122,59
2021,1062,31,1,85,6106,77,75
2023,502,54,0,85,3737,158,75
2016,1009,63,7,72,11035,158,72
2023,923,84,0,0,9897,118,75
2018,1062,71,0,40,2675,135,75
2023,592,62,0,9,3765,49,75
2022,1001,48,0,0,2479,136,63
2019,852,52,0,0,595,138,54
2015,1062,42,0,9,1967,158,75
2022,276,54,0,0,3108,143,75
2017,1062,51,0,9,671,158,75
2022,1048,83,1,85,9695,99,66
2017,1062,22,7,13,10029,65,75
2020,875,79,4,41,10252,158,67
2021,456,79,0,0,2400,79,66
2015,1121,61,8,9,11150,8,75
2018,1062,78,0,18,1192,157,75
2022,558,21,4,69,4949,158,60
2017,753,81,3,42,892,112,54
2022,203,56,0,0,2081,135,60
2023,1062,62,0,85,1510,158,75
2021,1062,53,8,85,3097,157,75
2019,1062,68,5,45,2655,158,75
2023,907,63,0,5,9961,110,69
2023,86,51,4,70,1811,12,75
2020,1062,54,0,9,332,158,75
2022,313,70,0,0,5030,24,61
2022,1062,85,0,85,10146,51,75
2021,1062,56,0,85,9139,119,75
2021,599,66,0,0,5201,157,75
2016,1062,54,0,13,11662,49,75
2016,1062,92,8,9,7768,157,75
2022,1079,39,0,0,11743,122,75
2023,1062,71,0,0,5215,158,75
2022,806,54,0,0,9656,158,75
2019,854,55,0,1,2697,158,62
2021,1062,72,8,37,4723,69,75
2018,1166,72,0,28,7252,158,75
2014,653,92,8,80,395,10,6
2022,1062,57,2,85,2670,124,75
2020,490,61,0,1,3897,158,60
2019,127,92,4,28,4444,69,34
2022,1062,84,6,85,8882,102,75
2023,955,55,0,2,7990,158,64
2021,902,92,0,6,2186,158,70
2014,701,51,0,9,3605,158,78
2023,1062,33,0,0,4997,158,75
2021,1062,36,3,85,1874,21,75
2021,606,50,0,4,5401,89,60
2022,763,51,4,69,9735,154,60
2022,1062,61,0,85,5838,158,75
2022,1062,51,8,69,10497,147,75
2022,1051,53,0,2,5628,157,74
2022,1062,62,0,41,2028,158,75
2020,1062,55,4,85,9605,48,75
2019,1062,54,8,9,3611,158,75
2020,1062,51,8,42,10849,158,75
2023,58,54,0,9,4374,158,60
2022,923,53,0,0,7361,148,75
2017,412,62,7,0,11174,154,60
2022,1062,62,7,85,731,150,75
2023,1062,52,0,85,1278,158,75
2023,252,61,0,9,9688,158,60
2022,1062,92,8,85,10962,145,75
2019,1062,92,3,67,9676,105,75
2023,1062,86,1,85,7639,158,75
2022,709,54,3,85,7332,123,60
2016,157,92,8,72,4003,7,6
2020,811,91,0,0,9874,158,60
2022,256,44,0,1,2077,157,62
2017,1064,89,0,0,65,158,73
2021,494,90,0,5,9380,71,60
2022,1102,92,4,9,7318,154,60
2024,484,31,0,0,4300,71,75
2022,1062,56,0,85,9966,114,75
2016,157,92,8,72,4003,7,6
2022,1062,57,0,85,8727,47,75
2021,1062,62,0,42,2659,158,75
2023,1060,92,0,85,8171,156,73
2022,585,77,4,66,7638,64,60
2020,1062,61,0,0,9912,158,75
2020,1062,66,0,15,1217,157,75
2015,1062,51,8,9,819,157,75
2022,726,71,4,69,5936,117,60
2022,1062,70,0,85,8537,80,75
2020,385,92,3,42,9770,7,60
2021,1062,92,0,85,2955,6,75
2022,1049,91,7,85,10318,122,77
2014,112,92,8,9,446,21,75
2020,1062,62,0,9,6899,158,75
2015,177,87,4,72,8066,158,75
2019,1062,74,1,26,4689,111,75
2017,1062,92,8,72,4910,74,75
2023,1062,61,0,9,10286,8,75
2022,1062,47,0,85,1441,145,75
2022,599,61,0,0,5196,156,75
2021,1062,45,8,85,5982,157,75
2023,1133,62,0,9,6469,158,60
2021,1062,62,0,42,5699,158,75
2021,862,52,0,0,6701,65,75
2022,233,35,0,0,2693,158,72
2018,1062,92,0,0,719,158,75
2023,1057,71,2,85,9759,45,76
2023,1062,59,0,85,2970,152,75
2021,1062,25,8,85,4289,73,75
2019,1062,92,3,42,2015,16,75
2015,1062,81,8,9,5163,123,75
2018,1062,92,0,9,8560,158,75
2022,1062,75,0,85,6749,105,75
2020,1062,62,0,9,4619,158,75
2018,265,81,0,12,3161,155,31
2023,1133,52,0,9,33,158,60
2016,285,92,8,9,8674,141,68
2014,794,56,8,9,6746,158,75
2023,1062,80,0,85,2314,157,75
2022,1062,80,8,85,1895,8,75
2023,1062,81,5,85,280,158,75
2023,614,61,4,85,631,68,75
2016,1062,51,8,63,5368,158,75
2022,923,48,0,0,7361,25,75
2023,58,54,0,0,8317,8,60
2022,1062,61,0,0,1844,158,75
2021,1062,55,6,85,11122,152,75
2024,447,61,1,23,10106,157,77
2023,58,62,0,0,10906,158,60
2019,1062,92,0,0,8529,158,75
2022,1062,78,4,85,6260,158,75
2021,1062,61,8,85,2308,158,75
2021,1062,87,8,85,5894,158,75
2023,587,52,4,69,10881,154,60
2021,220,53,0,2,7727,85,67
2022,1062,73,0,85,2570,157,75
2022,147,22,4,69,1564,117,60
2021,1062,92,0,85,7415,158,75
2022,934,92,4,9,491,123,75
2020,1062,62,0,9,9723,158,75
2023,1062,44,8,85,1280,158,75
2021,599,51,0,0,5192,157,75
2022,445,61,5,67,1241,73,36
2021,1062,74,3,85,1828,19,75
2021,1062,49,5,85,3961,157,75
2022,1062,55,0,85,4465,157,75
2022,1079,31,0,0,11738,139,75
2022,112,54,4,9,4470,123,75
2020,1062,92,8,63,10170,158,75
2016,1062,92,0,9,8764,158,75
2021,868,51,0,1,1757,158,63
2021,1062,23,8,85,4483,65,75
2022,620,59,4,85,8946,88,37
2017,1062,61,0,9,1013,158,75
2022,1062,78,8,85,8922,145,75
2020,607,52,0,1,9270,158,75
2022,112,51,4,72,1618,123,75
2023,252,61,0,9,10370,158,60
2022,1062,57,1,85,4397,157,75
2022,592,92,0,0,10469,158,75
2022,1062,67,1,85,9030,69,75
2023,1062,44,8,85,8360,66,75
2021,1062,56,2,85,4026,157,75
2022,1038,92,4,9,8650,154,60
2023,1062,51,8,72,3416,157,75
2020,975,48,0,23,5101,16,72
2023,1062,58,8,85,2777,155,75
2021,1062,84,1,85,7245,158,75
2022,726,52,4,69,6045,51,60
2022,1062,31,0,85,2295,158,75
2023,1062,61,0,0,8944,158,75
2023,1062,54,4,72,11025,158,75
2021,155,52,0,5,8303,42,61
2020,930,56,0,4,4975,145,75
2024,1062,92,0,85,2434,157,75
2021,692,44,0,0,1335,158,68
2021,1062,61,3,85,1233,106,75
2019,1075,61,3,31,10123,158,67
2022,558,92,4,63,9844,71,60
2016,412,81,7,9,3887,158,60
2022,1062,56,8,85,7236,158,75
2022,1101,27,4,85,10097,154,62
2015,112,92,4,9,4546,158,75
2023,1062,62,1,85,6535,158,75
2022,1079,45,0,0,11743,34,75
2023,80,54,0,0,4904,157,73
2022,806,71,0,0,9656,158,75
2023,1062,62,8,41,11586,158,75
2022,1071,74,0,0,4097,157,69
2022,726,52,4,69,6037,154,60
2022,410,31,0,0,9675,158,60
2023,726,92,4,69,10897,139,60
2021,1062,54,7,85,12034,157,75
2020,1062,54,0,1,1134,158,75
2022,1062,92,3,85,11166,49,75
2022,505,52,3,85,8986,111,27
2023,1062,84,8,85,2487,144,75
2016,707,63,3,25,5789,136,75
2021,599,32,0,0,5198,158,75
2021,1062,54,0,54,7235,49,75
2021,1062,66,5,85,6309,124,75
2021,276,54,0,0,3108,45,75
2022,209,72,0,0,5015,6,60
2022,1062,62,0,41,8113,158,75
2021,1062,69,3,85,5567,158,75
2023,1062,28,0,85,6749,158,75
2017,1062,31,1,9,6103,77,75
2022,1062,92,0,0,732,161,75
2023,644,63,0,0,9315,53,75
2019,1062,71,0,42,7256,158,75
2023,1062,54,0,85,7347,158,75
2022,923,81,0,0,7361,155,75
2023,622,61,0,9,9286,158,75
2022,257,54,0,0,2078,63,61
2023,1062,77,8,85,3012,156,75
2021,1062,59,1,85,10288,51,75
2016,1062,92,8,63,655,65,75
2014,1062,92,8,9,5605,158,75
2017,526,41,7,11,11213,143,63
2020,1062,72,0,9,6716,158,75
2022,1062,92,0,85,9820,90,75
2023,1079,61,0,0,10327,157,75
2019,1089,92,8,0,10995,158,60
2016,864,61,8,9,489,158,75
2019,1062,52,0,13,8719,158,75
2014,542,81,8,72,10762,109,52
2022,445,21,4,9,9447,29,75
2020,1062,51,8,63,2371,155,75
2016,682,50,6,51,3867,140,55
2021,1062,47,7,85,11152,136,75
2017,299,92,8,9,3391,158,75
2020,806,73,0,1,3335,59,68
2022,276,31,0,0,3108,158,75
2020,1062,51,0,9,856,157,75
2021,1083,47,0,0,4617,89,63
2023,1061,92,4,73,11944,123,74
2017,412,31,7,0,11174,157,60
2014,1062,72,0,61,5622,158,75
2023,1062,91,7,85,8679,117,75
2017,1062,61,0,9,2978,158,75
2016,134,81,8,9,1559,158,57
2020,1062,51,8,63,3465,48,75
2022,1062,52,7,85,8328,20,75
2023,1062,62,0,9,4212,158,75
2022,463,56,4,69,4167,123,74
2022,1062,92,6,85,9075,158,75
2022,923,31,0,0,7361,158,75
2022,1062,58,5,51,1859,61,75
2021,1062,62,0,0,1346,35,75
2021,1062,63,8,85,1663,84,75
2022,1062,54,0,0,11555,157,75
2020,1062,51,7,63,4655,63,75
2022,1062,83,0,85,1565,57,75
2021,267,92,8,37,5488,93,75
2021,806,44,0,0,9656,5,75
2020,391,75,0,31,681,77,75
2023,1133,62,0,9,10647,158,60
2021,1062,73,8,85,11004,158,75
2021,1062,64,0,85,11121,155,75
2018,940,84,8,72,9067,149,70
2022,1062,92,8,69,11108,154,75
2023,1062,48,4,85,6248,33,75
2018,1062,92,0,0,8489,105,75
2024,1062,92,0,72,10394,158,75
2022,1062,61,0,0,8744,25,75
2022,1062,52,0,85,1821,155,75
2023,1039,85,0,85,7960,156,68
2023,1063,51,0,8,11784,71,75
2023,1062,51,0,9,11489,45,75
2017,112,92,4,63,4433,136,75
2022,1062,62,0,0,6354,71,75
2016,1062,62,8,42,1784,158,75
2015,415,71,8,72,2526,158,75
2022,905,56,0,0,4306,57,75
2021,1062,72,0,85,3860,157,75
2023,497,66,4,85,9012,111,27
2023,1062,92,8,85,8679,105,75
2022,473,62,0,1,6460,158,60
2018,1062,62,0,0,1514,8,75
2021,803,62,0,9,6343,158,75
2021,1062,24,0,0,6032,147,75
2023,1062,69,0,0,5211,158,75
2022,891,48,6,85,7654,140,67
2023,1062,85,6,85,9043,135,75
2022,1062,52,0,9,10799,155,75
2021,1015,85,1,85,7459,158,75
2016,412,21,7,0,7167,154,60
2015,138,92,4,72,235,39,22
2014,921,51,8,9,87,158,75
2020,1062,54,0,9,6318,158,75
2022,1062,62,0,87,4205,158,75
2015,1062,52,0,13,2888,154,75
2023,1062,61,0,0,2327,25,75
2020,1062,92,0,9,8775,25,75
2015,1062,92,8,9,8709,158,75
2021,1062,73,4,85,10619,157,75
2023,426,55,5,64,9575,154,60
2020,607,54,0,1,2641,158,75
2023,1062,41,8,85,3624,156,75
2023,1062,54,0,9,3526,158,75
2022,203,53,0,0,2081,155,60
2021,1062,46,6,85,3819,157,75
2022,1062,62,0,9,2457,158,75
2023,346,61,0,0,649,66,75
2021,1062,92,2,85,5250,30,75
2023,1062,72,1,85,5877,109,75
2022,1062,71,0,85,8911,82,75
2022,1062,22,0,85,8119,158,75
2015,921,81,8,9,7281,155,75
2015,1062,61,8,9,7997,8,75
2023,1062,61,2,85,9009,127,75
2022,294,70,0,0,8607,127,75
2020,385,92,3,9,1872,9,60
2020,1062,41,0,1,11258,158,75
2024,1062,92,0,7,8467,136,75
2022,1062,54,0,0,4642,158,75
2023,1051,91,7,85,10454,157,75
2023,1062,55,0,0,9106,157,75
2018,1062,92,0,9,10572,25,75
2016,157,92,8,72,4003,7,6
2022,1062,31,0,87,6527,158,75
2021,1062,92,1,85,9499,19,75
2020,1062,22,7,84,9066,68,75
2020,958,58,2,0,552,61,75
2018,1062,54,0,0,3082,8,75
2020,626,62,0,3,5461,120,60
2023,1062,67,8,85,2294,113,75
2020,1058,91,7,71,1319,157,75
2019,809,58,1,19,947,146,70
2021,1062,58,3,85,9527,144,75
2021,620,62,0,0,7576,158,75
2023,851,57,1,85,9851,115,68
2022,58,71,0,0,3701,71,60
2021,326,43,0,5,5379,49,60
2014,116,71,4,9,1745,21,11
2014,450,92,4,72,169,61,27
2021,1062,90,4,71,10749,63,75
2021,1062,62,0,85,7739,135,75
2021,914,92,6,85,8791,34,62
2017,411,92,3,9,9621,117,60
2022,1079,81,0,0,11743,158,75
2018,428,51,7,72,3787,86,8
2022,599,31,0,0,5194,158,75
2020,947,62,0,1,11575,158,75
2021,1062,57,2,85,4349,157,75
2022,1062,61,0,85,11311,158,75
2022,1062,74,8,85,6248,119,75
2023,1062,55,0,85,3289,157,75
2019,748,92,7,72,1037,61,52
2023,1062,64,5,85,6879,158,75
2021,1062,92,7,85,9125,124,75
2015,1062,92,0,9,11621,158,75
2016,101,61,8,72,1534,158,75
2022,1062,59,0,85,8947,61,75
2021,1062,44,0,85,9557,154,75
2016,1062,62,8,9,5485,158,75
2021,1062,62,0,0,11565,8,75
2022,1062,63,0,85,1791,103,75
2023,1062,71,0,9,5771,158,75
2024,590,92,0,0,3513,45,60
2021,1062,45,7,85,3728,157,75
2023,1062,60,0,85,6148,158,75
2023,596,55,0,0,7491,108,75
2023,1079,61,0,0,10313,77,75
2016,1062,54,8,9,10585,158,75
2020,753,55,6,22,1215,138,72
2021,1062,81,0,63,6148,158,75
2022,1062,56,0,0,3186,52,75
2016,76,52,8,28,688,61,27
2020,62,92,3,42,11666,8,16
2020,605,57,0,1,1703,158,60
2021,1071,58,0,0,9257,25,69
2021,633,34,1,78,5016,116,55
2023,1062,54,0,9,2388,158,75
2022,1079,62,0,0,11743,29,75
2022,1062,60,0,85,6276,127,75
2021,496,46,0,0,9670,60,63
2024,592,42,0,7,11318,44,75
2022,763,40,4,69,9778,154,60
2022,950,83,0,85,10484,155,75
2022,1062,61,0,41,7605,158,75
2016,424,92,4,72,4099,0,78
2021,222,31,0,0,2093,158,60
2016,1062,48,8,9,7476,157,75
2020,1062,58,8,85,8877,73,75
2021,1062,61,0,72,936,158,75
2015,360,51,8,9,3238,158,75
2022,763,42,4,69,9734,154,60
2019,1062,92,8,72,9690,25,75
2015,1062,81,8,9,4151,155,75
2020,860,62,0,0,11273,136,62
2017,1062,81,0,9,1878,9,75
2022,1062,50,0,85,2386,157,75
2023,1062,58,8,85,6695,145,75
2022,1059,67,7,85,10320,149,75
2022,1079,92,0,0,11743,136,75
2022,276,54,0,0,3108,158,75
2022,978,80,3,85,7104,158,75
2021,866,34,0,1,8234,138,75
2023,1062,54,8,9,1866,8,75
2020,1066,36,0,1,4075,77,72
2021,1062,59,2,85,6494,157,75
2022,1079,61,0,0,11743,146,75
2023,1062,62,8,85,9930,158,75
2022,1062,52,0,85,10448,157,75
2020,1062,55,4,36,3566,95,75
2014,954,46,7,52,7630,157,72
2022,1062,89,0,85,7109,25,75
2014,416,81,8,72,10783,116,28
2019,1062,92,8,63,4213,158,75
2022,558,92,4,63,199,158,60
2023,1062,63,0,85,3039,157,75
2016,1062,52,0,9,7362,158,75
2018,1064,78,7,56,8379,157,73
2017,412,52,7,0,11174,154,60
2021,1062,75,3,85,10394,147,75
2023,1062,89,0,85,8642,93,75
2023,1133,42,0,9,11798,44,60
2021,1062,72,0,85,3676,113,75
2023,1062,61,0,85,6086,158,75
2021,1073,73,0,5,1597,101,68
2020,1062,42,0,11,4636,144,75
2022,1062,37,1,85,2237,140,75
2022,1062,22,0,9,3327,49,75
2022,473,62,0,1,7351,158,60
2023,1062,61,4,85,8945,136,75
2022,726,92,4,69,5970,117,60
2023,1062,62,0,9,8226,158,75
2022,1054,92,4,63,4109,123,74
2022,1062,66,0,85,1204,89,75
2021,1060,42,0,0,6096,157,75
2022,763,51,4,69,9816,154,60
2023,1062,57,8,85,9255,82,75
2022,1062,51,7,63,1243,154,75
2023,1062,71,0,9,2183,36,75
2022,175,22,0,0,585,158,75
2023,1062,70,2,85,8191,111,75
2021,1076,41,0,1,3879,147,75
2023,227,33,0,9,8377,66,60
2021,583,51,3,9,5084,39,41
2022,726,52,4,69,244,86,60
2022,492,42,4,69,4350,123,74
2023,592,55,0,2,9184,128,75
2020,1062,21,0,42,3310,158,75
2022,1062,61,8,85,5434,157,75
2021,599,31,0,0,5201,158,75
2014,1062,61,8,9,2293,158,75
2017,1062,61,0,9,2963,157,75
2015,1062,31,0,9,2152,103,75
2022,1062,82,5,85,10690,158,75
2022,1083,52,4,0,7165,133,70
2023,1062,68,0,11,6336,148,75
2017,926,65,3,9,5328,112,64
2019,1062,62,8,42,6435,158,75
2021,1062,92,0,85,4316,58,75
2024,1062,61,0,7,3874,158,75
2023,1062,87,0,85,8619,84,75
2019,1062,52,0,78,5172,44,75
2019,1071,72,5,41,421,122,76
2022,1062,31,0,0,4135,158,75
2022,1062,40,0,0,3653,158,75
2020,1062,62,0,0,3301,158,75
2016,599,62,7,20,10942,154,64
2017,889,80,2,21,638,151,75
2022,931,48,0,0,7401,32,75
2023,1038,63,0,85,10128,66,73
2020,774,58,0,1,9764,158,60
2023,465,92,5,69,1071,100,65
2022,1062,61,0,85,149,158,75
2020,1085,87,0,0,11854,24,61
2022,1062,92,0,85,2797,139,75
2022,1062,62,0,0,3093,158,75
2023,1062,84,1,85,2090,127,75
2019,937,59,0,0,753,116,75
2023,1062,74,3,85,2630,156,75
2023,784,54,0,0,9546,158,75
2023,1062,42,3,85,6560,36,75
2022,558,92,4,69,4930,158,60
2023,984,55,0,85,10038,85,75
2018,1062,62,0,9,7527,158,75
2021,1062,61,0,85,2764,157,75
2016,1062,52,8,9,12101,68,75
2023,13,62,0,0,8149,158,75
2017,412,51,7,0,11174,154,60
2021,1062,51,0,85,3258,158,75
2021,1062,92,8,9,2553,158,75
2022,592,54,0,5,1127,125,75
2022,1062,52,6,85,8334,29,75
2020,1062,48,8,63,5425,140,75
2018,1062,92,0,0,11838,25,75
2022,963,71,8,9,3847,158,75
2022,1062,90,3,85,5493,30,75
2021,1062,62,0,42,10568,158,75
2023,1062,62,0,9,7893,158,75
2021,1062,56,0,85,9566,108,75
2023,1062,56,4,85,3906,158,75
2019,1062,92,0,0,6685,158,75
2017,1080,92,4,9,478,158,78
2023,1062,69,2,85,6971,125,75
2014,929,56,7,64,4562,136,72
2022,662,80,0,2,9011,115,75
2022,147,52,4,69,1572,80,60
2021,1062,52,0,37,7738,135,75
2019,1062,92,8,42,5261,157,75
2022,1062,58,6,85,6233,157,75
2023,1062,78,5,85,284,151,75
2021,1062,51,3,85,9756,127,75
2023,1062,68,2,85,9237,57,75
2022,1062,62,0,0,11904,158,75
2022,592,69,0,0,8247,93,75
2024,1062,71,0,42,9618,71,75
2022,456,57,0,0,5124,106,75
2021,536,67,0,0,6858,108,75
2018,1062,62,0,9,6117,158,75
2014,671,81,4,72,162,61,27
2017,746,79,5,19,934,110,70
2017,1062,51,7,63,3354,119,75
2020,1062,54,8,9,5707,158,75
2018,1062,52,0,9,5118,135,75
2017,1062,51,0,9,305,28,75
2023,1062,51,4,85,7880,157,75
2017,1020,62,0,9,2879,86,75
2021,1062,52,8,85,1033,158,75
2022,1062,50,1,85,3155,158,75
2014,305,51,8,63,10950,158,75
2022,1062,80,2,20,7088,120,75
2021,1062,62,0,1,6213,158,75
2019,1062,62,0,42,3033,158,75
2020,902,72,0,9,7577,69,75
2019,1062,61,8,42,2867,158,75
2022,1062,64,5,85,10474,154,75
2023,735,68,5,85,9476,130,47
2022,1062,62,0,85,262,155,75
2018,1062,92,8,9,10418,158,75
2022,1062,55,3,85,6710,82,75
2014,653,92,4,72,1731,151,6
2017,989,62,0,9,8693,158,77
2020,1062,61,8,63,10392,158,75
2023,874,61,0,6,5281,158,75
2022,1062,21,8,85,6110,33,75
2022,1062,61,0,0,2807,158,75
2023,986,61,8,85,7034,158,75
2016,414,52,6,0,11173,154,60
2023,1062,52,8,85,6225,158,75
2023,1062,62,0,9,8504,158,75
2019,1062,38,0,0,3552,91,75
2022,1062,54,8,85,1530,107,75
2022,1062,92,0,6,1239,126,75
2023,726,92,4,63,8951,69,60
2021,1019,43,1,5,5521,155,75
2018,786,62,5,68,11532,108,76
2016,116,92,4,42,4556,21,11
2022,726,48,4,69,6024,117,60
2022,599,44,0,0,5197,158,75
2023,1062,62,8,9,5526,158,75
2019,1062,92,0,0,2153,158,75
2023,1062,54,0,0,1767,158,75
2022,1062,58,0,0,1766,158,75
2023,1062,52,8,9,11715,158,75
2015,63,92,3,13,11759,24,81
2023,1062,61,8,9,11582,158,75
2022,1062,92,0,85,9327,35,75
2021,1062,62,7,85,11517,153,75
2019,1062,62,0,0,10383,25,75
2021,1062,67,8,85,5863,158,75
2023,824,53,2,85,9214,99,75
2020,411,92,8,9,9498,107,60
2016,1062,92,8,80,4553,116,75
2022,1062,62,0,9,3742,158,75
2021,879,48,1,85,10063,24,60
2021,472,43,0,0,4380,158,75
2021,1062,62,0,0,4484,158,75
2021,1062,88,7,85,10217,157,75
2023,1062,42,2,85,7430,145,75
2018,1062,48,0,0,725,28,75
2022,565,53,0,0,9169,50,75
2023,58,42,0,0,8382,116,60
2022,147,73,4,70,1586,154,60
2023,108,62,0,0,9318,31,75
2022,258,34,0,5,2127,54,60
2017,1062,31,0,42,2233,158,75
2022,1062,75,3,85,8920,48,75
2020,1062,61,0,9,8669,158,75
2016,135,92,4,72,4537,5,58
2020,1062,62,0,9,9298,158,75
2022,1060,59,7,70,9599,152,74
2021,881,40,0,1,6408,32,75
2023,1062,39,0,85,2757,83,75
2023,276,92,0,9,7237,158,75
2022,1079,72,0,0,11743,116,75
2020,1062,52,8,9,664,25,75
2022,1062,92,0,0,7309,123,75
2021,1062,57,4,85,2469,94,75
2020,1062,92,0,0,10977,45,75
2014,1062,61,8,9,3749,158,75
2021,1062,84,2,85,1775,13,75
2018,1062,52,0,9,494,155,75
2018,1062,92,0,9,6192,158,75
2020,1062,81,8,9,10922,158,75
2022,1062,56,0,0,3684,158,75
2023,1062,61,0,85,9115,86,75
2021,172,52,0,6,3656,45,60
2021,1062,76,0,85,7667,145,75
2021,1062,62,0,0,2798,158,75
2016,1062,99,0,9,12064,158,75
2020,1062,61,0,13,7062,157,75
2021,1062,92,0,85,9818,111,75
2022,1062,92,0,0,9630,21,75
2022,1062,54,7,85,2781,158,75
2017,1062,48,0,42,11269,123,75
2020,778,92,4,63,7528,52,71
2021,1062,48,8,85,6404,77,75
2018,1062,81,0,0,9520,25,75
2023,1040,92,3,85,8652,154,60
2017,834,58,0,17,443,158,75
2023,1079,61,0,0,10329,157,75
2021,1062,22,0,0,1192,45,75
2021,1062,62,0,9,4391,158,75
2018,1062,23,7,59,4209,92,75
2023,1062,62,0,9,4626,158,75
2020,1062,62,0,1,10276,158,75
2023,1062,62,4,85,6094,158,75
2023,599,72,0,8,9202,100,74
2015,518,51,8,72,1621,156,35
2022,1062,92,6,85,6061,158,75
2014,1062,51,0,9,994,158,75
2021,1079,61,0,9,5852,158,75
2015,452,52,0,9,429,26,75
2022,1062,31,0,85,3306,158,75
2016,796,51,3,70,6391,158,64
2022,1062,62,7,85,2481,70,75
2021,1062,74,0,85,7118,102,75
2017,1062,92,0,0,711,158,75
2022,1062,28,8,85,8407,19,75
2023,1062,59,8,85,2395,69,75
2019,917,57,0,16,6554,47,75
2020,1062,60,0,12,2139,157,75
2022,1062,50,2,85,3028,158,75
2023,399,70,0,3,5016,91,69
2016,716,67,8,72,6726,158,62
2022,993,52,0,67,7314,153,70
2021,1062,57,8,85,11818,158,75
2020,1068,52,0,1,4864,135,71
2016,1126,65,5,50,1159,126,75
2022,1062,52,8,85,271,104,75
2019,1062,62,4,39,4893,80,75
2019,1062,61,0,61,8854,158,75
2015,251,61,8,72,11081,61,75
2021,1062,62,0,1,8125,158,75
2016,989,52,0,42,8699,158,77
2021,1062,62,0,9,2803,158,75
2023,821,56,0,9,9671,21,75
2021,1062,44,8,85,4060,158,75
2023,622,65,0,0,9297,34,75
2022,1055,75,7,85,10356,140,76
2021,1062,92,5,85,8195,48,75
2017,1062,54,0,9,9086,35,75
2022,1079,57,0,0,11743,99,75
2022,726,62,4,69,5977,80,60
2016,733,52,0,46,7972,155,75
2016,4,92,4,9,4527,158,75
2023,58,62,0,0,8383,116,60
2022,718,92,4,67,5970,118,62
2023,1062,68,3,85,1365,146,75
2020,1062,51,8,9,7986,158,75
2022,1062,51,1,85,1964,157,75
2014,1062,81,3,42,10145,157,75
2022,1062,34,0,85,1803,65,75
2020,1062,56,0,53,2881,130,75
2022,1062,31,0,85,2254,158,75
2022,1062,48,0,1,6202,103,75
2019,1062,62,8,42,11693,158,75
2021,1062,85,1,85,6379,157,75
2021,172,57,0,6,7500,35,60
2020,1062,81,8,72,11415,158,75
2017,989,62,0,9,11118,158,77
2021,1062,60,0,85,4517,157,75
2019,1062,44,0,9,7831,158,75
2022,1062,52,0,0,10704,157,75
2019,1062,92,0,72,10444,25,75
2018,1062,81,2,9,1291,158,75
2023,1005,77,7,85,9146,155,73
2023,197,75,0,2,8569,158,71
2024,726,99,4,63,5705,86,60
2016,1062,67,0,23,6838,157,75
2023,562,62,0,0,9133,61,75
2021,1077,83,6,33,10619,90,71
2022,428,92,3,42,5471,154,8
2021,1062,72,0,9,12005,151,75
2021,599,31,0,0,5201,158,75
2021,1062,92,8,37,8785,155,75
2022,1062,62,0,0,12028,158,75
2021,1062,22,0,9,312,158,75
2020,1062,54,8,9,2521,158,75
2023,1062,36,1,85,2956,142,75
2018,1062,92,0,42,7469,158,75
2021,747,79,0,3,1859,158,66
2018,1062,44,0,61,5775,158,75
2020,1062,52,0,25,4246,158,75
2021,362,62,0,1,1433,8,75
2021,1062,61,0,0,7443,157,75
2021,1062,92,3,85,8697,158,75
2022,558,92,4,69,2902,41,60
2021,1062,62,0,9,5315,158,75
2019,691,81,3,42,889,157,38
2023,707,54,0,0,8921,63,75
2024,1062,99,0,42,2497,28,75
2018,1062,31,8,0,107,158,75
2019,1062,81,3,42,1304,98,75
2023,1062,61,0,85,5972,158,75
2023,847,51,0,0,9703,69,75
2022,1030,82,0,0,9578,158,75
2023,1062,35,0,85,7635,66,75
2019,1062,92,0,9,10127,158,75
2014,737,52,4,63,4575,123,61
2022,1062,85,6,85,8869,103,75
2016,1062,62,0,42,5281,158,75
2022,1079,54,0,0,11743,155,75
2018,1062,92,0,9,3902,157,75
2020,1062,62,0,0,2436,158,75
2020,1074,50,0,1,3259,158,68
2022,1062,60,8,85,10016,48,75
2023,1062,39,0,85,3208,158,75
2022,1062,82,4,85,840,119,75
2024,592,61,0,7,9195,158,75
2023,1062,81,8,9,6783,158,75
2021,1100,36,4,85,9672,150,63
2016,112,81,2,42,7255,158,75
2023,1062,52,0,85,6918,158,75
2020,1062,54,8,9,11726,158,75
2023,1085,52,0,5,2926,158,69
2022,1079,57,0,0,11743,23,75
2020,1089,62,0,0,9952,158,60
2023,1062,69,8,85,8058,155,75
2016,1062,44,0,9,4568,158,75
2023,926,72,4,70,9637,68,53
2022,1013,58,1,85,6826,124,60
2021,997,66,0,1,6444,63,75
2022,1062,61,8,85,689,156,75
2022,1079,62,0,0,11743,103,75
2023,192,62,0,0,8364,69,75
2022,726,48,4,69,6024,117,60
2017,412,52,7,0,11174,154,60
2022,768,59,2,39,9928,155,66
2022,887,59,6,85,7445,132,75
2016,1066,81,8,9,424,158,68
2015,292,92,8,63,9643,49,74
2021,1062,55,0,22,4169,158,75
2022,1062,73,0,85,10691,129,75
2022,609,57,0,85,10564,140,75
2020,1062,70,0,0,6569,144,75
2022,1062,62,0,9,8875,45,75
2021,172,56,0,6,7430,8,60
2016,742,51,8,72,6371,158,62
2022,263,99,3,41,8520,109,27
2022,734,51,0,0,8382,152,67
2020,1062,81,3,42,3827,15,75
2021,1062,54,0,0,5059,157,75
2019,1062,54,8,9,1430,158,75
2023,592,22,0,0,7445,29,75
2020,1062,78,0,0,3707,158,75
2020,1011,48,6,85,8931,58,75
2020,986,68,0,71,7863,144,75
2023,806,54,0,0,9610,157,75
2017,412,31,7,0,11174,158,60
2023,1062,62,0,85,6602,158,75
2019,802,92,6,63,10399,101,60
2022,1062,66,0,85,11253,80,75
2023,1062,81,6,85,8432,122,75
2023,1133,62,0,9,10646,158,60
2016,795,81,5,68,10861,120,66
2021,1062,92,4,72,11088,158,75
2022,621,61,0,0,9281,16,75
2022,1124,26,0,9,7730,157,61
2022,1062,90,0,85,9718,26,75
2022,96,48,4,63,687,68,29
2022,1062,62,0,41,11298,158,75
2022,174,61,0,0,7420,158,75
2022,923,54,0,0,7361,146,75
2023,1062,62,0,9,3608,158,75
2020,60,92,3,13,7166,143,16
2018,1062,52,0,13,4772,71,75
2022,1062,57,5,85,9684,130,75
2022,1062,54,0,9,2280,8,75
2022,1062,64,0,85,6253,158,75
2023,1062,39,0,85,3213,158,75
2021,1062,23,0,0,2917,151,75
2017,878,90,2,0,6137,157,62
2021,1062,67,3,85,1486,104,75
2023,592,54,0,0,9201,136,75
2022,1062,57,0,85,9728,95,75
2020,903,99,0,4,2014,77,60
2021,1062,44,7,85,2032,42,75
2021,1062,54,8,42,1392,158,75
2021,541,88,2,1,6698,99,20
2023,1062,62,8,85,9027,93,75
2023,1062,62,0,0,9232,69,75
2021,1062,92,0,6,10704,65,75
2015,1124,44,8,9,12054,63,75
2016,691,52,0,9,7195,13,38
2022,599,54,0,0,5201,158,75
2019,1062,61,0,0,10345,158,75
2020,1062,53,0,1,1040,143,75
2021,836,92,1,63,10010,118,68
2022,1062,62,0,85,2244,158,75
2022,59,31,0,0,2085,45,60
2022,1062,62,0,41,6165,158,75
2023,1062,61,0,0,8508,158,75
2015,1062,42,0,9,5557,158,75
2022,1054,91,7,1,8456,29,75
2022,783,51,6,85,11275,80,53
2021,1062,89,1,85,9742,81,75
2016,1062,52,0,9,4889,158,75
2023,1133,54,0,0,34,158,60
2021,1089,62,0,0,6902,158,60
2014,985,51,8,72,455,39,75
2023,218,39,0,5,8100,95,75
2019,1059,43,1,17,6846,51,74
2016,236,54,0,9,3577,158,65
2019,1062,81,6,60,5004,33,75
2020,750,38,0,1,5232,155,75
2022,1062,92,8,85,8903,84,75
2018,1062,61,0,9,11523,158,75
2023,1062,72,3,85,9855,155,75
2021,955,61,0,9,9937,158,75
2022,784,72,0,85,2448,162,75
2022,1062,62,8,85,5427,158,75
2015,977,81,8,72,11092,157,2
2024,1062,51,0,85,5409,104,75
2022,1062,55,8,85,6575,158,75
2022,1062,62,0,41,2433,158,75
2023,916,61,0,85,8615,158,75
2021,1062,76,3,0,8501,89,75
2023,1062,59,6,85,6118,157,75
2022,1043,89,2,85,9016,135,62
2020,362,62,0,1,8754,158,75
2022,994,39,5,85,7683,88,54
2018,1062,52,0,9,1093,27,75
2023,1062,59,0,85,8859,42,75
2023,784,41,0,9,9585,91,75
2019,1062,51,8,63,3329,158,75
2020,1062,44,0,42,7392,158,75
2023,1062,62,8,85,9121,68,75
2022,1079,61,0,0,11743,158,75
2022,591,92,0,1,9069,69,75
2022,1062,52,0,41,6284,158,75
2017,1062,51,8,72,8326,157,75
2020,1062,71,0,9,8220,158,75
2022,763,52,4,69,9795,154,60
2023,245,52,0,0,1931,143,61
2020,539,52,7,36,637,143,26
2023,955,61,0,0,8614,29,75
2023,58,54,0,0,10959,158,60
2019,764,51,8,9,909,158,16
2022,1062,52,0,85,3934,157,75
2016,112,92,4,9,4488,146,75
2022,1062,61,0,85,11688,158,75
2021,1062,61,0,32,4622,158,75
2017,1062,71,0,9,1454,71,75
2018,411,92,3,9,983,140,60
2021,1062,92,3,85,9659,119,75
2022,817,64,0,6,2687,136,71
2018,1030,72,8,66,263,158,47
2017,1062,92,8,63,7417,126,75
2023,1062,61,0,0,5458,158,75
2023,790,71,3,85,10519,151,75
2021,1062,71,3,36,6770,139,75
2020,1062,32,4,85,2045,157,75
2022,1062,82,0,85,10241,108,75
2017,1062,61,0,9,6355,71,75
2022,558,81,4,69,147,80,60
2022,1079,76,0,0,11743,34,75
2020,1062,31,0,0,2151,37,75
2021,456,62,0,0,3984,47,60
2015,118,98,4,63,4501,45,26
2023,622,51,0,0,11234,148,75
2019,1062,92,8,9,794,158,75
2022,1062,88,7,85,3741,158,75
2023,903,48,6,85,8587,142,61
2022,1062,92,5,85,8462,121,75
2023,866,88,0,1,8596,158,75
2023,148,51,4,63,6379,158,60
2022,1062,56,8,85,3141,81,75
2015,254,92,7,67,2653,131,75
2022,1062,92,0,85,9508,97,75
2020,1062,44,0,9,7506,158,75
2022,1061,53,0,0,1749,157,75
2023,670,62,0,0,9363,158,75
2023,1062,56,8,85,7898,157,75
2023,1062,62,0,85,7257,158,75
2015,1062,51,0,9,8085,131,75
2021,1062,62,0,9,4861,158,75
2022,1062,48,0,9,5260,158,75
2023,622,52,0,9,2742,27,75
2023,1071,92,3,69,9671,145,62
2021,777,62,0,3,2254,158,75
2016,548,92,8,9,7520,61,27
2023,1090,54,0,0,7668,122,68
2017,1062,61,0,0,7526,158,75
2014,1062,71,0,9,5658,8,75
2020,874,52,1,27,119,57,69
2023,252,92,0,9,8469,157,60
2022,1009,34,5,85,6815,79,59
2015,195,80,4,51,10875,156,70
2023,1062,63,0,85,6332,158,75
2020,1062,31,0,0,4708,68,75
2021,1062,51,8,9,5904,28,75
2021,1062,61,0,85,4357,157,75
2024,704,51,3,85,7050,103,71
2023,1062,48,8,85,1166,45,75
2020,815,51,0,16,7631,142,68
2021,1062,61,0,42,6098,158,75
2015,63,92,3,13,11759,79,81
2020,1062,62,4,0,4385,160,75
2018,1062,75,5,16,1293,158,75
2022,1079,69,0,0,11743,65,75
2021,1062,81,0,9,7250,158,75
2023,1062,86,8,85,9165,156,75
2021,1062,61,0,0,9413,65,75
2022,806,31,0,0,9656,25,75
2023,636,51,3,54,6970,39,29
2021,1062,92,0,85,9119,157,75
2021,1062,61,8,63,9659,157,75
2017,903,72,1,27,2386,100,48
2022,1062,40,8,85,2433,111,75
2022,1062,92,0,85,10458,158,75
2020,1062,71,8,9,531,25,75
2022,1062,47,8,85,8690,54,75
2024,1062,92,0,0,10459,25,75
2022,1062,99,0,0,8720,45,75
2020,1062,35,4,85,2078,157,75
2019,818,54,0,1,2870,158,60
2022,726,92,4,69,5991,80,60
2016,112,52,4,63,6315,103,75
2020,552,54,0,9,11383,158,75
2019,1062,71,0,42,11147,158,75
2022,1062,75,5,85,6154,100,75
2019,1062,71,0,42,9617,112,75
2022,1062,32,7,85,2231,153,75
2016,424,92,4,72,4099,0,78
2023,1062,84,5,85,281,158,75
2020,1089,62,0,1,3486,158,60
2020,615,51,0,42,5303,155,75
2023,1062,44,0,9,1312,158,75
2020,714,62,0,1,8494,158,75
2015,553,92,8,9,4898,162,75
2023,582,92,0,9,6388,89,75
2021,1062,61,2,85,3528,158,75
2015,163,51,0,63,1149,157,60
2020,1062,51,0,9,5407,131,75
2023,1062,62,8,85,5126,158,75
2023,1062,22,8,71,6807,25,75
2023,1062,68,2,85,8922,74,75
2021,1062,63,5,85,1883,25,75
2022,1062,33,8,85,2463,157,75
2022,975,56,0,7,5447,158,72
2023,1062,92,0,85,9159,113,75
2015,1062,44,8,9,1359,146,75
2014,824,92,8,72,505,158,78
2016,112,21,4,72,1751,74,75
2023,1062,56,0,9,7625,158,75
2020,230,54,8,9,428,28,16
2015,471,44,8,9,4241,28,75
2022,1062,43,4,85,3110,156,75
2020,1062,81,8,9,7002,155,75
2023,1045,90,7,85,8960,21,74
2022,1044,61,0,0,8796,139,62
2022,779,55,0,86,11374,53,75
2022,1111,22,4,85,9759,154,60
2021,1062,65,0,0,8255,138,75
2022,1062,52,0,85,10588,129,75
2023,578,90,0,0,8454,155,74
2022,188,48,7,84,2007,15,8
2023,1062,47,8,85,6659,112,75
2022,751,52,4,85,7408,127,61
2014,905,81,8,72,10046,155,67
2015,1062,52,0,9,2836,158,75
2015,466,92,8,72,400,109,52
2021,1062,62,0,9,1040,158,75
2022,947,51,3,85,7235,144,40
2023,1133,61,0,9,8636,158,60
2021,1062,33,4,85,3036,116,75
2022,248,96,7,0,8386,145,75
2023,58,56,0,0,8157,158,60
2020,1062,42,0,8,11390,157,75
2023,1062,68,0,85,7208,158,75
2023,58,81,0,0,8161,157,60
2022,1125,72,0,0,4831,157,60
2022,590,62,0,0,11687,158,60
2022,726,31,4,69,5993,157,60
2019,762,64,5,72,10041,95,75
2020,714,61,0,1,9442,158,75
2022,784,92,0,0,1704,6,75
2014,22,81,4,9,4494,158,75
2017,691,25,0,0,898,36,38
2022,1062,76,0,85,1642,158,75
2022,1062,68,2,85,2118,104,75
2021,1062,79,6,85,1856,15,75
2016,1062,52,0,9,3060,61,75
2022,463,56,4,69,4167,123,74
2023,1062,31,8,85,2573,158,75
2022,1062,79,0,85,10447,128,75
2023,1062,45,8,85,8411,157,75
2020,604,48,8,9,4007,69,34
2022,1062,66,0,85,4163,158,75
2016,120,31,4,63,4495,35,19
2022,203,42,0,0,2081,49,60
2021,1062,45,0,86,10373,27,75
2020,540,72,0,58,11380,147,61
2018,1062,72,0,9,3895,8,75
2020,1062,92,8,72,1320,158,75
2018,647,54,1,13,8176,61,16
2023,203,83,0,2,1101,95,64
2017,1062,92,0,0,8598,158,75
2023,1062,77,6,85,9006,130,75
2020,1062,52,0,9,1014,157,75
2020,1031,61,7,67,11766,158,74
2022,1062,63,0,85,11302,158,75
2021,647,54,1,9,7009,61,16
2021,792,61,0,0,8598,127,75
2022,296,51,0,0,3242,83,75
2022,168,35,0,0,8341,160,71
2016,1098,92,4,9,4427,135,61
2020,1062,62,0,0,1184,158,75
2022,1062,46,8,85,3623,109,75
2023,369,37,0,6,8408,158,75
2022,203,23,0,0,2081,156,60
2021,1062,92,8,9,8315,8,75
2023,941,52,4,71,11196,35,75
2023,1062,22,8,85,3450,158,75
2023,1133,61,0,9,10262,158,60
2023,446,51,5,70,9656,144,62
2022,1062,56,4,85,7198,157,75
2022,209,47,0,0,2453,158,70
2022,1062,61,8,85,9476,158,75
2023,1062,92,8,84,8865,45,75
2020,490,31,0,0,8022,143,60
2017,1062,81,0,0,5773,158,75
2019,1062,87,1,10,8871,158,75
2022,573,57,2,35,9323,144,67
2023,1062,76,3,85,9017,157,75
2020,1062,51,8,63,7353,45,75
2018,1062,61,0,9,9855,158,75
2021,599,57,0,0,5201,158,75
2019,1062,52,0,61,2795,49,75
2018,1062,62,0,9,5123,158,75
2022,1062,62,0,85,11651,158,75
2017,597,58,7,18,11152,144,64
2021,1062,51,6,85,902,145,75
2022,1079,61,0,0,11743,158,75
2021,1055,50,0,0,11920,158,75
2023,1062,87,3,85,9777,156,75
2023,1011,86,0,0,10567,147,75
2023,1033,62,1,85,7812,28,75
2015,1062,44,0,9,11700,158,75
2016,273,51,5,65,6329,107,71
2020,717,60,0,0,11089,26,75
2016,1062,56,0,9,6663,8,75
2022,1062,59,0,85,6128,123,75
2018,1062,92,0,9,7429,158,75
2023,592,21,0,9,9203,118,75
2018,1062,25,0,63,4683,78,75
2022,1062,92,0,85,10456,148,75
2018,1062,62,0,0,10451,158,75
2022,1062,42,0,0,10685,149,75
2022,1062,62,0,85,11650,158,75
2023,1031,60,0,85,9384,10,72
2015,712,51,8,72,11194,89,7
2022,1062,61,0,85,11382,158,75
2022,1062,92,0,9,10996,158,75
2022,1062,61,0,85,10546,51,75
2022,1062,92,7,63,10182,154,75
2022,1062,98,0,85,9415,72,75
2021,1062,53,0,1,1706,85,75
2017,1062,54,0,42,7583,158,75
2023,1104,37,0,0,7211,69,66
2015,1062,92,8,72,1349,27,75
2021,1062,92,8,70,9381,45,75
2023,1062,72,8,85,4283,158,75
2023,1062,31,8,85,3720,158,75
2021,759,61,0,1,2139,157,75
2023,593,86,3,85,9030,106,35
2020,1089,62,0,1,5109,158,60
2017,1062,92,0,42,1721,158,75
2016,126,62,4,28,4480,69,34
2023,1062,64,0,85,10227,76,75
2023,725,62,0,0,9474,69,75
2018,1062,52,0,9,5333,25,75
2022,1062,52,8,69,7953,139,75
2022,613,48,0,0,9751,150,75
2021,599,63,0,0,5201,51,75
2019,1062,62,0,0,11957,158,75
2023,622,92,0,0,8307,104,75
2022,807,62,0,8,5747,135,71
2022,1062,61,8,85,9202,158,75
2022,1062,52,0,9,12032,158,75
2015,1062,42,0,9,7372,158,75
2022,1062,61,0,85,2243,158,75
2021,1062,62,0,1,3226,103,75
2023,1062,56,2,85,7130,157,75
2021,1062,61,8,72,10293,25,75
2022,716,35,0,1,9542,30,75
2022,1062,92,1,85,9731,49,75
2021,519,56,1,1,7278,157,60
2017,691,52,0,9,12002,77,38
2015,112,51,4,72,1406,158,75
2016,240,87,3,54,8162,130,75
2022,1060,72,0,85,11039,29,74
2020,714,61,0,1,10802,158,75
2022,276,53,0,0,3108,158,75
2020,882,59,4,72,3609,158,67
2021,813,80,0,0,10007,148,75
2023,1056,61,0,7,6836,158,75
2018,1062,57,0,0,3020,94,75
2022,504,48,0,0,6432,100,60
2017,412,62,7,0,11174,154,60
2019,1062,31,0,0,11254,8,75
2022,1062,53,0,85,6926,21,75
2014,1048,77,8,64,4158,154,74
2023,1062,76,0,85,10315,110,75
2022,943,37,0,0,8070,135,75
2021,955,62,0,9,6248,158,75
2018,1062,48,0,0,7518,158,75
2022,1062,92,7,85,11083,154,75
2020,1062,46,3,63,454,158,75
2016,1062,51,8,63,2732,158,75
2022,1062,22,0,9,2656,158,75
2023,1062,54,0,0,2862,123,75
2021,1062,62,0,9,5599,158,75
2022,763,53,4,69,9822,154,60
2015,1062,51,4,72,6732,68,75
2022,1062,52,3,9,5636,154,75
2019,1062,68,0,54,9628,158,75
2022,1062,87,6,85,5455,158,75
2022,1062,34,1,85,2383,84,75
2015,981,53,8,72,8077,158,78
2022,1062,26,0,85,2266,112,75
2018,1062,31,0,42,11225,158,75
2016,120,11,4,63,4495,35,19
2020,599,36,0,0,5201,158,75
2022,729,51,4,69,6002,119,61
2015,1062,81,3,42,9320,93,75
2021,1062,67,0,85,1962,74,75
2023,1062,39,4,85,3361,158,75
2019,102,53,1,6,2030,136,75
2021,1062,62,0,1,5702,158,75
2017,1062,81,0,9,10396,158,75
2020,735,32,0,1,10060,45,75
2020,811,99,8,9,7005,61,27
2020,913,61,8,13,4675,157,75
2021,1062,62,0,9,3253,158,75
2021,1062,64,3,85,1418,157,75
2023,1142,42,8,9,921,69,75
2022,445,92,4,9,4517,115,75
2022,806,81,0,0,9656,158,75
2021,1062,59,1,85,5927,158,75
2023,1062,48,4,85,8248,65,75
2021,1062,51,0,85,9594,41,75
2022,1062,52,2,85,429,144,75
2023,626,58,0,0,9391,148,75
2022,421,64,0,0,5429,84,75
2020,1062,61,0,72,5322,158,75
2023,1062,51,0,9,2673,158,75
2022,1062,62,8,85,4162,158,75
2022,203,31,0,0,2081,49,60
2016,15,54,8,9,73,158,75
2017,1062,92,0,9,764,158,75
2022,1062,63,0,85,11141,21,75
2021,941,44,0,85,10265,119,75
2015,101,78,4,63,642,158,77
2023,1062,92,8,85,9087,158,75
2021,1062,78,2,85,10573,60,75
2020,1062,51,8,9,10965,158,75
2020,1062,62,0,9,7350,158,75
2015,63,92,3,13,11759,155,81
2015,1062,59,5,75,4915,127,75
2022,1062,91,0,85,9631,22,75
2015,1062,92,8,9,11399,158,75
2016,1069,81,8,11,9858,158,75
2023,766,62,0,8,5799,158,75
2022,1060,56,0,10,8176,43,74
2020,572,61,0,1,5849,158,60
2022,1062,53,2,85,2238,158,75
2023,1062,62,0,9,2380,158,75
2015,112,92,4,63,5438,25,75
2022,97,54,0,0,1270,158,60
2018,1042,61,1,16,10382,54,58
2022,1062,81,0,41,10422,158,75
2022,1062,92,1,85,10448,115,75
2022,1062,26,0,85,2979,117,75
2023,1062,88,8,85,8919,22,75
2023,731,45,0,0,9503,69,75
2023,1062,52,8,85,2999,155,75
2018,922,81,3,13,3774,49,60
2021,1062,61,3,85,11233,66,75
2019,1062,56,1,10,6849,158,75
2015,112,92,4,9,4432,25,75
2018,1062,92,8,9,52,65,75
2023,1062,54,8,85,5190,158,75
2023,298,61,4,70,11083,68,53
2014,1062,92,0,9,8456,158,75
2020,869,54,3,9,3491,158,60
2022,300,35,3,67,7309,154,60
2023,901,44,0,9,4593,61,75
2021,1062,54,0,1,2307,158,75
2021,644,92,3,9,3132,158,16
2022,1062,64,0,85,11277,111,75
2021,1062,61,0,42,6553,158,75
2022,558,92,4,63,9844,71,60
2016,1062,54,8,9,1482,140,75
2015,112,81,8,9,4094,158,75
2018,1062,51,8,63,10725,116,75
2022,1062,32,7,85,4309,154,75
2022,1062,40,3,85,3212,156,75
2023,1062,56,0,9,4956,158,75
2022,77,92,7,0,1160,123,75
2021,1062,42,0,1,3770,49,75
2022,1062,43,1,85,3322,158,75
2023,784,54,0,4,9569,158,75
2022,558,71,4,63,9078,69,60
2023,1062,62,8,85,2685,158,75
2015,643,92,3,13,3972,158,16
2017,1062,72,0,61,7715,158,75
2023,1062,61,0,0,2678,69,75
2023,1062,54,8,85,8332,158,75
2022,533,92,4,85,8993,104,30
2023,252,52,0,9,7999,158,60
2023,58,62,0,0,4197,158,60
2022,1062,51,0,85,8086,9,75
2017,691,51,0,0,898,21,38
2016,1062,92,2,9,389,158,75
2023,1062,63,8,85,2247,105,75
2022,1062,47,3,85,8373,84,75
2020,907,56,1,16,7697,70,73
2023,725,62,0,9,5687,158,75
2022,1055,23,7,85,4712,65,73
2021,1062,63,0,85,4535,158,75
2022,826,52,0,0,6814,158,75
2019,589,81,7,63,10139,157,75
2021,1062,46,3,85,2102,98,75
2023,1062,75,0,85,2371,124,75
2022,311,48,0,0,1170,89,16
2022,574,31,0,0,3772,49,75
2023,1133,33,0,9,3289,158,60
2024,1062,52,0,85,1269,158,75
2021,1074,68,0,0,10084,147,75
2023,1062,47,4,85,1738,158,75
2023,1062,54,8,85,11858,21,75
2019,709,51,3,42,11543,160,79
2016,363,81,4,9,10635,158,78
2015,63,92,3,13,11759,24,81
2020,1062,67,0,0,7172,157,75
2022,1062,52,0,85,3933,158,75
2022,1062,35,3,85,2125,123,75
2022,1062,52,0,9,7467,158,75
2023,1062,61,8,85,6705,155,75
2022,1079,62,0,0,11743,69,75
2015,1062,81,0,1,7628,157,75
2023,726,92,4,63,9756,69,60
2018,258,92,0,9,2637,158,78
2015,917,66,6,72,1975,83,50
2019,1062,62,0,0,5284,158,75
2015,466,67,8,66,8189,156,45
2022,763,31,4,69,9812,154,60
2018,1062,52,0,9,7756,155,75
2021,59,44,0,1,1835,131,75
2017,1062,81,2,9,11623,157,75
2022,1062,77,1,85,5771,89,75
2016,769,34,0,10,829,152,43
2023,198,61,0,9,8369,158,75
2019,1062,62,0,13,2474,158,75
2021,814,61,0,0,9934,158,60
2022,1062,38,0,8,4882,132,75
2020,1062,54,4,85,9520,48,75
2023,1062,62,0,85,6745,158,75
2021,1062,38,4,85,2401,35,75
2019,1062,92,0,0,8888,158,75
2022,592,92,0,0,10456,151,75
2022,1062,92,0,85,10457,158,75
2022,1062,81,0,72,10076,158,75
2022,1062,31,0,9,7778,158,75
2020,1062,81,3,42,7081,28,75
2022,806,92,0,0,9656,27,75
2021,1062,61,6,85,2539,158,75
2023,1133,51,0,0,8863,45,60
2019,1062,26,5,46,4098,67,75
2016,241,92,4,9,399,27,15
2019,1062,61,1,9,7794,25,75
2022,1062,51,0,71,5966,149,75
2019,752,52,0,2,194,156,60
2020,1062,52,0,13,6526,8,75
2023,1062,60,8,85,2499,81,75
2022,177,62,0,0,6435,158,60
2020,1062,61,0,9,5631,158,75
2015,840,81,4,72,10787,151,71
2017,412,21,7,0,11174,123,60
2021,1062,67,0,14,10237,157,75
2022,726,52,4,69,6007,86,60
2023,1062,82,7,85,9074,155,75
2023,1133,61,0,0,9105,158,60
2021,1062,62,0,1,1720,158,75
2021,1062,61,6,0,5603,158,75
2020,1062,48,8,9,9422,158,75
2022,1062,41,5,85,2653,124,75
2022,1079,88,0,0,11743,106,75
2022,1062,90,7,85,3715,158,75
2023,1062,44,8,85,2065,73,75
2015,1062,61,2,66,3148,60,75
2022,1062,68,0,85,11239,61,75
2022,1062,94,0,85,1650,22,75
2022,1178,92,4,72,4112,123,75
2022,1062,62,0,85,1789,158,75
2023,592,22,0,9,9171,69,75
2020,873,54,1,1,3099,61,75
2023,1062,40,5,85,2266,158,75
2023,1062,84,5,85,7947,155,75
2021,1062,92,8,64,9513,158,75
2023,1062,61,0,85,9288,37,75
2022,1062,25,0,85,2616,107,75
2023,645,83,2,85,9039,104,39
2018,1062,51,8,63,6704,158,75
2021,980,58,0,0,7608,72,75
2021,814,31,0,9,7202,158,60
2020,495,71,0,0,3537,158,60
2021,1062,61,0,37,5836,157,75
2022,473,62,0,1,11215,158,60
2023,847,61,0,0,64,158,75
2022,599,82,0,1,9299,139,72
2022,922,81,0,85,10483,115,75
2022,630,52,0,6,6612,157,75
2019,1062,62,0,38,3984,158,75
2023,1062,22,8,85,6986,158,75
2017,1133,51,6,70,11490,158,75
2023,1062,61,7,85,7874,158,75
2015,68,92,8,72,11056,152,72
2021,598,45,0,6,3872,95,60
2021,1062,51,0,63,1949,158,75
2022,1062,68,7,85,5502,36,75
2017,1062,61,0,0,5304,158,75
2023,526,54,5,61,9592,119,64
2023,1133,99,0,9,2903,36,60
2018,1062,81,0,9,7665,157,75
2021,1089,51,0,0,3385,158,60
2023,1133,54,0,9,5809,158,60
2017,855,62,0,0,627,104,54
2022,1062,87,7,85,8822,107,75
2022,375,62,0,0,7285,158,75
2022,1062,34,1,85,3261,68,75
2022,1062,52,0,41,1296,158,75
2023,1133,52,0,9,3463,158,60
2024,546,67,5,24,7953,123,74
2021,1062,52,0,9,2992,155,75
2022,1062,44,8,85,8652,49,75
2022,779,61,0,0,9788,96,75
2022,58,57,0,0,8480,24,60
2022,1079,45,0,0,11743,157,75
2023,1062,77,4,85,8982,104,75
2024,1062,52,0,9,3515,158,75
2020,1062,92,8,9,7850,158,75
2023,846,56,3,85,9039,151,75
2023,1062,57,8,85,2613,107,75
2023,1062,92,8,85,8685,103,75
2022,923,31,0,0,7361,154,75
2021,1062,92,5,85,4302,158,75
2016,1062,51,7,63,865,139,75
2021,1062,54,0,1,5314,21,75
2017,1062,44,0,9,11750,158,75
2016,951,68,3,47,9354,157,66
2021,1062,59,0,0,3117,73,75
2015,601,81,4,72,218,158,78
2014,775,51,8,42,3704,157,77
2021,672,45,0,0,5722,129,75
2023,1062,52,0,85,4258,158,75
2023,1062,54,8,70,2010,16,75
2014,1062,61,8,9,10222,158,75
2019,691,92,3,42,889,135,38
2022,726,92,4,69,6027,117,60
2021,1062,54,0,9,10820,68,75
2021,1062,85,1,85,6994,52,75
2019,1062,48,7,84,7608,68,75
2021,409,61,0,1,11394,158,69
2020,614,54,4,50,3893,129,27
2016,1062,51,8,9,6678,158,75
2023,1062,33,0,0,2376,25,75
2022,994,33,5,50,6991,62,75
2018,1062,92,0,9,8497,158,75
2022,592,44,0,8,9171,67,75
2020,1063,32,0,1,4112,65,74
2022,1045,92,8,0,1038,154,75
2020,1062,53,0,9,6728,61,75
2014,1062,81,2,9,12014,158,75
2022,1055,72,8,85,11004,138,76
2020,827,54,0,0,11513,154,75
2017,1062,81,3,42,9318,93,75
2022,1062,92,0,85,9022,158,75
2021,1062,51,0,1,7964,140,75
2021,1062,54,8,85,2271,157,75
2015,1062,92,0,9,1695,158,75
2022,1062,52,8,85,7344,158,75
2022,983,51,7,85,11506,133,68
2022,1062,62,0,0,7844,25,75
2023,1062,51,8,85,9463,105,75
2020,1062,61,0,0,5882,8,75
2020,1062,92,0,0,4796,158,75
2021,1062,52,0,9,10941,93,75
2022,1062,67,1,85,9348,150,75
2022,806,42,0,0,9656,158,75
2020,1062,61,0,9,9949,158,75
2020,1062,52,0,9,11006,92,75
2023,58,52,0,2,6756,158,66
2023,1062,52,8,41,2277,158,75
2022,819,73,0,0,5319,131,68
2022,494,67,1,85,11909,114,75
2019,709,51,3,42,11544,160,79
2022,697,51,5,85,11177,58,46
2022,1062,59,0,85,2101,123,75
2014,1062,62,8,9,6504,158,75
2023,13,54,0,0,8145,157,75
2020,361,31,0,25,8808,158,78
2021,1062,71,0,85,4275,158,75
2016,606,92,6,68,8149,144,33
2023,1062,57,0,5,5046,158,75
2022,726,69,4,69,5959,98,60
2019,127,81,4,9,1554,69,34
2022,558,31,4,63,10884,158,60
2022,700,62,0,7,9439,157,75
2023,1062,69,0,85,9788,75,75
2021,1062,48,0,85,9669,38,75
2022,1079,61,0,0,11743,158,75
2021,891,58,1,85,7542,129,67
2020,1062,54,0,0,3247,158,75
2021,1062,70,0,85,1794,83,75
2022,1062,68,6,85,5221,42,75
2020,1062,61,0,9,3216,158,75
2023,1133,92,0,0,9454,158,60
2022,675,92,4,85,9469,114,43
2016,1062,54,8,9,1491,25,75
2019,1062,62,8,42,11413,158,75
2020,1062,92,0,0,10779,151,75
2020,1062,70,8,71,10736,157,75
2023,1062,64,1,85,9080,98,75
2023,1062,92,0,85,8621,94,75
2019,1035,72,8,71,2387,149,14
2022,58,51,0,0,970,59,60
2022,1062,58,0,33,5511,158,75
2023,1133,62,0,9,3034,158,60
2016,1062,92,8,42,7400,158,75
2021,1062,61,8,85,5260,157,75
2021,1062,45,8,85,2354,84,75
2021,1072,83,4,40,11016,156,68
2017,1062,92,2,20,6313,158,75
2022,1062,89,7,85,2558,154,75
2022,1062,58,0,85,7489,13,75
2022,492,22,4,69,4366,123,74
2022,1062,83,0,85,10286,123,75
2023,1062,81,0,9,8826,155,75
2022,1062,48,3,85,2681,158,75
2023,855,52,0,9,12089,21,75
2021,1089,44,0,1,3846,157,60
2021,1062,61,0,0,7376,158,75
2016,717,52,4,63,3991,158,78
2018,1062,62,0,0,1091,158,75
2017,1065,51,8,72,11613,120,76
2020,1062,61,8,0,12021,25,75
2021,806,31,0,0,9656,133,75
2023,13,54,0,0,9971,69,75
2023,1062,51,0,9,3284,158,75
2017,1062,92,0,64,3976,158,75
2023,1062,24,0,85,6898,158,75
2021,1062,44,0,1,2449,157,75
2022,1062,78,0,85,1530,70,75
2023,339,45,0,2,5404,22,75
2021,861,40,3,85,9148,99,75
2023,1062,92,8,85,8721,116,75
2014,83,92,5,63,4514,106,75
2015,930,87,6,72,424,121,11
2020,1062,61,0,13,4028,140,75
2020,1062,52,8,9,8806,158,75
2023,1062,66,7,85,5427,26,75
2021,1062,61,0,85,4577,157,75
2023,726,52,4,63,9777,154,60
2016,1062,81,8,9,10390,123,75
2023,611,47,0,4,5168,118,68
2021,1062,54,0,9,6726,158,75
2020,1062,60,8,85,8880,78,75
2022,58,61,0,1,8379,158,60
2022,485,81,0,6,7448,158,75
2018,499,71,1,23,1136,109,50
2018,963,93,0,0,9057,140,75
2021,276,49,0,0,3108,64,75
2022,695,79,0,6,8951,157,75
2021,599,31,0,0,5201,158,75
2018,1062,92,0,9,1671,158,75
2023,1133,52,0,9,5228,158,60
2016,1062,81,8,61,9657,25,75
2017,742,71,8,72,9534,136,62
2022,726,82,4,69,6060,117,60
2016,1062,72,0,61,6075,158,75
2021,1062,71,4,85,10663,157,75
2021,1062,70,0,85,1707,69,75
2022,605,51,3,85,8567,94,36
2023,203,72,0,0,10150,157,60
2015,679,87,8,72,5783,129,63
2021,1062,52,0,9,3113,158,75
2021,1062,92,0,54,1964,158,75
2021,1062,62,0,85,4591,158,75
2021,320,31,0,0,11245,71,60
2023,1062,54,0,9,1107,158,75
2017,1025,87,8,64,9225,95,73
2021,1062,62,8,85,5934,158,75
2014,1062,48,0,61,10946,158,75
2023,808,65,7,85,7771,152,69
2016,1062,22,8,9,4856,158,75
2017,1062,51,0,9,305,28,75
2021,885,79,0,5,6445,158,75
2021,287,51,0,64,810,151,74
2022,1079,54,0,0,11743,131,75
2022,758,52,0,31,5748,158,75
2017,1062,44,0,9,11425,157,75
2022,203,37,0,0,2081,102,60
2020,1089,62,0,1,3535,158,60
2020,1062,56,0,24,5548,158,75
2023,1062,61,0,0,9099,158,75
2021,1062,61,3,85,1561,157,75
2023,693,31,0,85,9387,145,75
2015,358,81,0,0,3222,158,78
2022,1062,62,0,0,11312,45,75
2021,1062,26,0,85,2415,34,75
2023,1062,89,0,85,2401,156,75
2021,1062,56,4,85,4797,157,75
2022,193,62,0,0,8363,158,75
2022,203,48,0,0,2081,94,60
2023,1062,92,8,0,8665,21,75
2022,1062,81,8,85,1891,6,75
2017,530,33,7,12,11162,154,62
2019,1034,71,8,72,2402,36,11
2023,836,27,4,0,9365,69,75
2020,1062,71,0,9,10791,92,75
2020,470,37,0,0,1463,77,68
2022,599,54,0,0,5201,158,75
2022,58,74,0,0,970,91,60
2023,726,52,4,69,10896,154,60
2023,1062,60,8,85,791,157,75
2021,509,51,0,0,7560,61,75
2017,358,76,2,17,5478,91,50
2020,589,53,0,0,9238,157,74
2023,429,92,0,9,916,63,75
2021,604,31,0,0,9193,32,75
2023,479,82,0,0,10511,68,64
2023,549,62,0,85,8507,158,75
2021,1062,62,0,42,4759,158,75
2021,1089,72,0,1,6085,107,60
2016,977,92,8,72,8056,158,2
2022,726,92,4,69,6023,117,60
2021,1062,92,0,42,3128,158,75
2020,656,32,2,7,6707,158,75
2020,1062,61,0,9,10261,158,75
2023,592,22,0,9,3878,6,75
2023,485,56,0,7,9062,143,72
2023,1062,62,0,85,6731,158,75
2023,1133,62,0,9,3345,158,60
2019,1062,81,2,42,4389,8,75
2015,112,92,4,9,4432,25,75
2022,1062,62,0,41,6761,158,75
2022,585,58,3,85,9107,96,34
2020,1062,61,0,9,8334,158,75
2021,494,57,0,0,11849,104,75
2021,1033,48,0,85,9735,33,72
2021,1062,72,0,40,3731,158,75
2023,141,61,4,72,11104,68,67
2022,1062,38,4,85,2608,116,75
2022,1062,68,1,85,10089,79,75
2022,1062,62,0,9,986,158,75
2019,1008,92,3,13,6929,71,16
2021,1062,74,2,85,1736,49,75
2020,946,57,0,1,11240,157,68
2018,1062,59,0,0,9743,158,75
2022,480,38,0,0,8613,66,70
2022,738,54,0,0,7748,58,75
2016,1012,51,4,72,4428,135,64
2023,622,91,0,0,8874,45,75
2021,1062,80,0,85,4537,104,75
2021,1062,75,1,85,1821,79,75
2020,1062,52,0,9,4383,158,75
2020,764,71,8,9,7126,155,16
2023,1062,62,0,85,7171,158,75
2020,1062,81,0,46,623,59,75
2023,3,54,0,9,8140,158,75
2015,777,92,4,71,282,72,33
2016,653,92,8,63,4008,10,6
2020,723,58,0,2,4568,158,75
2020,1062,52,0,28,5112,8,75
2021,1062,24,1,85,2378,50,75
2021,1062,89,0,85,8935,158,75
2014,1062,81,8,9,8418,157,75
2023,746,81,4,63,10888,70,57
2023,1062,51,0,0,5811,158,75
2023,592,62,0,7,7381,158,75
2022,1062,56,0,9,12074,158,75
2014,327,54,8,9,12010,158,75
2022,726,92,4,69,6052,117,60
2023,1062,61,2,85,8705,60,75
2021,1062,54,0,1,4004,158,75
2020,1062,92,0,0,10453,158,75
2022,128,54,0,0,1013,75,61
2023,1062,91,0,0,9926,157,75
2020,1062,54,0,0,12107,158,75
2016,1062,51,8,63,3392,158,75
2022,1040,36,0,0,5186,76,75
2023,1062,62,0,85,6708,158,75
2022,1062,53,0,85,10273,157,75
2023,1062,92,0,0,9920,158,75
2023,1133,52,0,9,11155,158,60
2018,1062,72,0,0,6877,25,75
2021,806,45,0,0,3638,97,75
2020,913,61,8,13,4684,25,75
2019,1062,54,0,0,7989,158,75
2022,1062,61,0,85,5872,158,75
2020,1062,58,8,85,1263,157,75
2020,1062,54,0,0,11379,157,75
2018,1062,52,0,85,5293,151,75
2020,607,54,0,9,10988,131,75
2017,412,54,7,0,11174,158,60
2022,1062,33,0,85,2203,152,75
2020,1062,61,0,0,4157,156,75
2016,689,52,0,2,924,25,36
2023,1133,21,0,9,1971,158,60
2022,726,52,4,69,5966,154,60
2016,1062,92,3,42,3401,116,75
2023,1095,75,0,4,9203,96,68
2022,1062,63,6,85,2803,86,75
2019,1062,81,3,13,8759,39,75
2015,1062,72,0,61,11764,158,75
2023,1056,38,6,85,8398,43,71
2018,1062,62,0,42,6472,158,75
2023,1133,62,0,9,6466,158,60
2019,1062,74,3,0,8431,158,75
2018,1062,61,8,63,11037,157,75
2023,832,54,0,85,9085,125,75
2023,801,31,0,9,9941,136,75
2022,1062,92,0,9,10116,158,75
2021,990,59,0,0,4421,158,73
2021,1062,67,8,85,6089,158,75
2022,1062,52,0,9,5516,158,75
2020,1062,92,8,9,7846,158,75
2023,1062,61,0,9,11928,158,75
2023,605,88,0,7,7512,147,70
2019,1062,62,8,27,2444,158,75
2021,1062,92,6,85,9001,117,75
2019,1062,58,2,16,2319,158,75
2017,1062,51,8,28,10745,71,75
2022,1062,62,0,0,2521,158,75
2019,691,92,3,42,889,158,38
2022,815,55,0,0,1123,158,70
2022,491,61,0,0,4377,158,63
2022,1079,61,0,0,11743,158,75
2021,599,31,0,0,5201,157,75
2017,1062,62,0,0,1175,158,75
2015,151,54,4,80,6359,68,33
2020,1062,52,0,9,2068,133,75
2022,611,85,0,28,1514,91,68
2018,1062,92,0,9,8551,158,75
2021,1062,63,2,85,6146,60,75
2021,806,36,0,0,9656,114,75
2023,1062,81,0,0,1220,158,75
2022,1082,61,0,9,320,61,75
2022,590,92,0,0,7150,158,60
2023,141,51,4,63,1607,68,67
2023,1062,67,2,85,8201,104,75
2022,1062,92,0,41,6652,158,75
2018,1062,48,0,0,6267,123,75
2022,1062,57,0,85,2124,130,75
2021,1062,92,3,85,8877,87,75
2019,1062,72,0,13,7522,157,75
2016,1066,81,7,63,3966,141,68
2017,982,92,5,42,9992,145,70
2015,1062,81,2,72,10742,109,75
2022,674,42,0,0,9240,123,60
2022,1062,92,0,0,9940,136,75
2023,1062,51,7,85,9465,106,75
2023,1062,66,5,85,8039,131,75
2020,628,54,0,1,9653,158,75
2020,1062,62,8,9,4426,8,75
2022,1062,73,0,85,7185,123,75
2023,1062,52,0,9,11292,158,75
2021,1062,62,8,70,7840,158,75
2023,205,65,0,1,6961,158,64
2022,1062,48,0,85,216,107,75
2021,1062,56,0,27,5500,158,75
2023,443,69,0,5,8275,158,75
2021,1062,61,0,0,2440,158,75
2023,1062,99,0,9,881,151,75
2021,1062,54,0,1,1509,71,75
2023,1062,92,0,85,7590,158,75
2021,1062,61,0,9,4746,158,75
2017,742,71,8,72,6369,158,62
2023,726,42,4,69,5989,71,60
2017,1062,54,0,42,11862,158,75
2018,429,67,1,9,7511,156,75
2022,1062,92,7,85,8786,109,75
2019,1062,52,0,42,7047,151,75
2022,1062,75,0,85,9048,110,75
2017,1062,81,0,42,1051,158,75
2021,1062,54,8,85,2274,157,75
2022,1062,94,0,85,9618,80,75
2021,1062,92,8,63,5866,104,75
2019,1034,71,8,72,2402,123,11
2020,1062,75,0,0,8703,96,75
2021,1062,60,0,85,9514,143,75
2022,1052,79,1,85,10146,76,68
2022,1062,22,0,85,2354,70,75
2021,1062,51,3,9,1290,158,75
2020,1062,92,0,9,7266,157,75
2022,1062,82,2,85,5526,65,75
2020,756,54,8,1,10913,68,75
2018,1062,62,0,0,11346,25,75
2019,681,33,6,85,3435,38,45
2023,84,59,0,0,8389,158,60
2022,763,52,4,69,9787,154,60
2020,607,62,0,1,9271,158,75
2022,1062,61,0,41,866,158,75
2019,1062,64,2,20,3071,158,75
2022,1062,62,0,0,2473,158,75
2021,1062,67,0,85,1949,109,75
2021,1062,50,3,85,2223,109,75
2023,1062,60,0,0,426,81,75
2017,1062,55,0,1,4902,157,75
2019,845,80,6,69,10999,54,71
2022,58,54,0,0,970,157,60
2020,1062,51,8,72,11087,62,75
2021,1062,71,0,9,1469,45,75
2021,1062,22,0,37,11939,158,75
2022,1062,92,7,85,3794,150,75
2022,1062,53,3,85,10331,141,75
2021,712,33,0,0,4781,113,67
2023,1017,51,0,0,10045,58,75
2014,140,92,4,72,1561,122,59
2015,432,64,3,67,864,157,60
2021,1062,69,5,85,7974,140,75
2023,1062,61,8,85,1187,158,75
2016,424,92,4,72,4099,0,78
2021,1062,55,8,85,2118,53,75
2022,1062,92,0,72,2198,157,75
2023,1133,62,0,9,10656,158,60
2022,1079,31,0,0,11743,158,75
2023,1062,54,0,85,3628,158,75
2021,1062,61,0,85,7744,135,75
2021,1062,92,7,85,8705,8,75
2022,1062,34,0,85,6578,158,75
2021,1062,59,7,65,1612,129,75
2017,1062,51,8,63,8205,2,75
2023,1062,76,5,85,3570,158,75
2014,359,51,8,72,4091,158,78
2020,1074,67,0,34,7737,128,68
2022,1106,46,0,0,7582,56,65
2020,742,81,8,72,10077,158,62
2018,1062,48,0,13,1165,25,75
2020,827,51,0,3,11372,158,75
2022,1062,57,0,85,10398,84,75
2021,363,55,0,5,5382,53,65
2024,1062,52,0,9,3002,6,75
2021,583,51,3,9,5074,126,41
2023,592,54,0,0,10701,158,75
2022,1004,74,1,85,7498,144,57
2023,1062,64,5,85,6855,158,75
2023,463,92,4,84,1342,67,74
2022,203,31,0,0,2081,49,60
2023,715,67,0,5,9447,129,75
2020,1062,99,0,1,11683,158,75
2023,784,23,0,0,9543,158,75
2022,1062,92,0,41,8582,158,75
2022,428,92,4,72,6277,154,8
2022,1062,78,8,85,1741,24,75
2023,910,92,4,41,4120,158,75
2023,1133,52,0,9,8608,158,60
2023,549,62,0,85,9276,158,75
2019,1062,71,8,73,618,146,75
2023,1062,38,7,85,2236,157,75
2019,1062,92,3,13,3452,158,75
2015,811,59,6,65,3621,157,75
2022,1062,52,0,85,12066,158,75
2019,1062,80,7,59,3498,139,75
2021,835,22,7,84,5741,61,16
2023,531,60,0,1,6922,157,75
2023,69,31,4,84,818,68,82
2023,592,81,0,0,9180,69,75
2020,727,31,0,1,10010,43,75
2022,832,52,0,0,6815,155,74
2021,703,53,0,3,7219,158,75
2016,1062,54,8,9,1486,35,75
2014,1062,44,0,61,7262,158,75
2020,1062,65,0,0,11605,158,75
2022,1062,51,0,85,11303,158,75
2022,937,31,0,0,2151,125,65
2022,606,90,0,0,5254,158,75
2017,1062,52,0,42,1154,28,75
2022,943,41,0,0,11772,135,75
2020,490,48,0,1,3599,158,60
2022,1062,52,2,85,2709,158,75
2023,513,54,3,61,7095,8,29
2022,1062,51,3,85,506,147,75
2022,1062,52,0,41,1407,155,75
2022,592,31,0,0,9084,69,75
2020,940,47,0,5,7741,74,74
2022,1062,80,0,85,9877,158,75
2022,542,56,0,0,9102,49,62
2020,1062,51,0,9,6942,158,75
2021,1062,71,5,85,1066,157,75
2023,1052,60,0,8,5870,155,75
2019,1062,62,8,9,802,25,75
2022,1062,62,0,41,4189,158,75
2019,1062,62,0,9,1113,158,75
2021,1062,70,8,85,5585,158,75
2022,1045,91,0,83,2783,137,74
2022,1062,70,7,85,5212,25,75
2022,119,54,0,0,1572,153,64
2021,1062,44,0,9,3604,158,75
2022,1062,71,0,85,7147,158,75
2022,1062,92,0,9,8877,136,75
2022,946,68,0,7,11343,156,75
2023,1062,52,0,0,7375,158,75
2019,1062,51,8,40,982,143,75
2020,632,53,0,1,2354,38,73
2018,1062,44,0,42,3873,158,75
2018,1062,31,0,42,993,158,75
2022,592,54,0,0,969,69,75
2023,1133,52,0,9,7728,158,60
2015,450,76,4,72,1608,65,31
2023,658,53,2,85,9041,103,40
2022,1062,27,0,85,2723,119,75
2014,112,92,8,63,4539,109,75
2023,1062,62,8,41,11549,158,75
2015,691,52,0,9,4218,38,38
2022,617,38,3,55,10713,158,61
2023,592,86,3,85,8816,93,35
2020,1062,61,8,9,11557,158,75
2022,1062,51,0,85,3892,158,75
2021,1089,54,0,1,6825,158,60
2014,1062,44,0,9,11866,25,75
2022,786,43,2,41,9585,155,60
2022,1062,64,0,85,2838,146,75
2016,135,92,4,72,4537,5,58
2021,1062,61,8,72,8616,158,75
2022,203,80,0,0,2081,157,60
2016,545,92,8,9,4867,61,75
2021,1062,92,0,37,10484,158,75
2022,1062,57,0,85,2574,157,75
2016,1062,81,8,63,5638,158,75
2022,1070,62,3,85,9119,154,60
2024,311,72,0,0,6229,158,16
2023,1062,60,8,85,6704,154,75
2021,1062,61,0,0,7443,157,75
2022,806,31,0,0,9656,30,75
2014,1062,52,0,9,3468,158,75
2015,1062,51,8,68,11251,144,75
2021,653,51,0,0,2647,117,70
2023,1062,54,8,9,2269,158,75
2023,1049,90,0,8,8557,158,75
2018,1062,60,0,0,5125,158,75
2023,1062,72,3,85,9235,141,75
2023,558,92,4,63,10894,69,60
2020,1062,92,0,0,3850,158,75
2022,205,53,2,0,1628,54,50
2022,1001,51,8,72,3438,158,75
2022,1062,41,2,85,2277,126,75
2020,1062,51,0,9,7884,89,75
2020,665,62,0,1,6569,158,75
2022,731,52,2,45,4706,158,65
2021,1062,61,0,1,6020,158,75
2023,1062,62,0,0,3535,158,75
2022,1062,52,3,9,5636,154,75
2023,725,68,0,0,5333,60,75
2022,1062,61,0,85,92,158,75
2022,1062,54,0,9,11941,158,75
2015,151,58,4,80,6359,68,33
2021,1062,92,8,3,3750,158,75
2020,1062,61,0,9,4905,158,75
2022,1062,51,0,9,2800,31,75
2022,915,21,0,41,8514,27,75
2019,1062,51,3,42,5712,152,75
2022,480,62,0,0,8968,158,75
2023,1062,69,1,85,7129,158,75
2022,1062,84,2,85,1522,62,75
2022,1062,35,0,85,2385,95,75
2022,203,54,0,0,2081,157,60
2023,1062,92,0,0,7841,137,75
2023,877,56,0,0,9784,25,75
2017,412,92,7,0,11174,154,60
2022,726,92,4,69,5929,117,60
2022,1062,54,3,85,2529,106,75
2020,1062,92,8,0,5491,93,75
2018,1062,85,1,10,8409,135,75
2023,1062,51,8,9,11960,158,75
2022,1062,21,8,85,6550,25,75
2021,410,44,0,0,9675,158,60
2015,673,92,8,72,5686,158,78
2022,533,45,0,0,3299,132,61
2017,1062,62,0,0,1723,158,75
2022,376,28,0,0,2864,41,60
2019,1062,44,0,9,5103,157,75
2023,58,48,0,9,8175,45,60
2022,967,46,1,22,7413,155,74
2020,1062,54,8,9,3198,158,75
2021,513,62,1,42,7124,158,29
2023,784,11,0,0,2639,69,75
2022,1062,59,0,85,9574,142,75
2016,1062,81,3,9,7532,123,75
2015,977,92,8,72,242,158,2
2021,634,51,0,0,5104,46,61
2022,1062,56,0,85,5677,142,75
2021,814,62,0,1,11577,158,60
2022,806,31,0,0,9656,158,75
2018,1062,62,0,42,9247,157,75
2022,1062,43,0,85,1232,96,75
2015,688,68,4,63,5706,150,68
2022,203,31,0,0,2081,36,60
2022,1062,67,0,85,1672,88,75
2023,1133,52,0,0,2554,158,60
2022,1062,64,0,85,6379,107,75
2021,1062,57,8,85,8842,72,75
2023,1062,91,0,0,9575,158,75
2022,203,53,0,0,2081,126,60
2014,1114,51,8,9,12039,141,68
2023,1062,84,8,85,8673,155,75
2022,253,92,3,9,10519,15,75
2023,1062,52,0,8,9181,47,75
2021,1062,77,3,34,8421,18,75
2022,492,51,8,9,4359,123,74
2022,415,36,0,0,2342,158,60
2020,1062,61,7,0,11960,158,75
2023,910,92,4,85,4107,68,75
2020,976,46,6,85,8982,68,75
2015,1062,50,8,64,215,158,75
2020,1062,52,0,9,6994,61,75
2022,1062,54,8,85,2073,89,75
2022,1033,29,6,85,5176,82,66
2019,1062,92,8,0,8331,11,75
2018,1062,62,0,0,3425,8,75
2018,1062,92,3,9,7269,158,75
2020,1108,45,0,1,2177,67,75
2020,1062,81,0,72,11611,158,75
2021,1062,55,2,85,4259,157,75
2023,354,52,0,0,1447,131,62
2021,937,57,0,36,7328,158,67
2020,1062,73,0,0,11684,158,75
2016,974,56,8,65,7274,138,71
2016,1062,51,0,9,54,158,75
2022,1062,32,2,85,2638,69,75
2023,1062,62,0,52,10825,8,75
2018,928,47,3,70,10326,158,69
2020,1062,54,0,0,11832,157,75
2015,18,92,8,9,4438,68,75
2022,868,58,1,85,9967,106,59
2023,1062,62,0,0,9922,70,75
2020,1062,54,0,9,618,158,75
2022,1062,60,3,85,5257,107,75
2022,772,77,2,37,9284,155,66
2015,1062,52,8,24,4240,143,75
2014,749,92,4,72,11880,61,52
2023,1062,61,8,85,8918,157,75
2023,141,61,4,72,11104,68,67
2022,1062,68,5,85,6893,158,75
2022,1062,55,0,5,3311,158,75
2020,619,61,0,1,1181,158,74
2023,1062,44,8,41,3097,158,75
2021,728,77,1,1,6779,136,39
2021,955,92,0,9,11845,158,75
2022,1089,92,0,1,8657,158,60
2017,1062,62,0,0,5415,158,75
2021,806,31,0,0,9656,5,75
2017,691,22,0,0,898,136,38
2023,465,60,0,0,7589,148,71
2019,209,65,7,32,1270,95,25
2020,1062,61,0,0,9904,158,75
2023,1062,61,8,85,1216,158,75
2022,1062,53,0,85,5961,158,75
2023,1062,62,0,9,2422,158,75
2022,1100,28,4,85,10169,154,63
2021,1062,92,2,85,8942,119,75
2022,1062,51,4,85,7099,72,75
2014,1062,51,4,67,2288,158,75
2022,1079,61,0,0,10312,157,75
2023,1007,62,0,0,11789,158,75
2016,698,81,8,9,417,140,75
2021,1062,54,4,85,10460,145,75
2021,882,48,0,2,6465,143,64
2015,1062,81,3,42,9311,93,75
2023,1062,79,7,85,8975,140,75
2022,1062,54,0,0,5266,69,75
2023,1079,54,0,0,7664,69,75
2023,1062,83,0,85,8642,78,75
2022,1032,88,4,63,9885,135,73
2021,814,62,0,6,6605,45,60
2023,1062,54,0,9,3473,158,75
2022,1079,90,0,0,11743,50,75
2021,1062,31,0,0,7592,25,75
2017,1062,54,0,9,11852,158,75
2023,1062,53,0,85,653,142,75
2021,583,92,3,9,5088,158,41
2023,1062,61,0,85,5942,158,75
2016,1062,44,0,9,2594,157,75
2019,1062,85,5,76,7593,96,75
2022,933,83,6,85,10128,120,67
2022,672,45,1,7,9375,55,75
2021,1089,92,0,0,9057,65,60
2017,1062,62,0,0,3820,158,75
2021,1062,54,0,0,6487,157,75
2022,769,51,4,60,9896,137,62
2014,1062,52,0,9,2849,158,75
2022,583,62,0,85,11653,76,75
2022,1062,61,0,0,9521,25,75
2022,147,51,4,69,1565,80,60
2022,1084,22,6,85,8974,74,68
2018,891,42,3,39,5643,92,75
2023,923,92,0,0,9897,135,75
2018,930,81,0,46,1054,123,61
2020,1062,61,8,0,12022,158,75
2015,389,80,2,43,4620,117,75
2020,1062,92,0,0,8909,158,75
2016,1062,62,0,9,7862,158,75
2022,1062,92,0,85,9812,87,75
2018,1062,61,0,9,8941,158,75
2021,1062,54,8,9,3150,158,75
2022,1062,43,8,85,2154,125,75
2023,1133,51,0,0,2881,158,60
2022,1062,52,1,85,4284,156,75
2022,1016,62,0,0,11836,135,75
2023,1062,84,6,85,2519,158,75
2015,112,51,4,72,1406,158,75
2021,536,62,0,1,11813,119,75
2022,1062,29,0,85,6712,158,75
2020,1062,54,8,63,3191,133,75
2021,1062,62,0,42,3336,158,75
2024,1062,56,0,9,5426,158,75
2022,1045,26,0,85,7468,59,70
2020,386,51,0,23,767,158,71
2021,1062,92,7,85,9171,126,75
2016,779,51,1,15,890,126,46
2020,1062,31,0,9,858,158,75
2023,813,52,0,4,9646,86,75
2021,182,61,0,0,1935,158,75
2016,112,54,4,9,4431,135,75
2016,1062,62,8,9,2188,158,75
2021,1062,69,6,85,5276,158,75
2021,1062,61,0,1,6512,158,75
2016,436,90,7,2,11197,153,60
2021,599,45,0,0,5201,148,75
2022,1062,92,0,0,10953,20,75
2023,464,62,4,72,10899,123,75
2023,1094,24,0,0,4208,133,61
2019,1062,92,0,42,2220,158,75
2023,842,55,0,0,9650,151,74
2022,1062,90,7,85,8648,153,75
2023,877,61,0,9,5835,158,75
2022,1062,23,0,85,7414,50,75
2023,1062,56,0,85,2216,25,75
2023,867,60,0,0,2026,158,72
2016,424,92,4,72,4099,0,78
2019,1062,61,0,42,4076,158,75
2022,650,76,0,4,2808,91,75
2020,788,37,0,2,5375,158,75
2021,1050,91,0,1,7950,140,75
2022,1079,58,0,0,11742,158,75
2019,1062,62,0,42,3338,158,75
2023,742,62,5,85,10166,156,65
2023,646,54,0,0,10569,157,75
2022,1062,62,0,41,5546,158,75
2016,424,92,4,72,4099,0,78
2016,1062,92,8,9,1015,158,75
2019,1062,62,0,9,5783,158,75
2022,1062,48,8,9,1507,123,75
2023,1062,52,0,85,3600,158,75
2021,1062,60,6,85,9220,14,75
2016,157,92,8,72,4003,7,6
2022,492,52,4,69,4351,123,74
2021,1062,31,0,0,5294,158,75
2017,1062,61,0,0,9645,158,75
2016,1062,61,0,9,10992,158,75
2022,777,56,4,69,9839,71,74
2015,1143,92,0,9,469,158,75
2021,1062,72,0,1,5044,136,75
2021,827,62,0,0,9244,45,75
2023,1062,62,8,85,8994,102,75
2023,1062,22,3,85,7874,28,75
2022,1062,31,0,85,3143,158,75
2022,1062,62,8,85,5861,158,75
2022,1062,81,0,41,5025,158,75
2021,930,66,0,0,2108,116,75
2019,1062,61,8,42,10213,158,75
2023,412,51,3,0,747,154,60
2017,715,66,7,35,11103,34,36
2020,1076,34,0,0,9551,122,75
2016,1062,51,0,9,11197,157,75
2022,1004,36,5,85,6839,85,57
2022,726,48,4,69,5986,9,60
2023,902,72,0,9,5642,8,75
2022,1062,92,4,69,10397,123,75
2022,617,92,4,85,8949,89,37
2022,1062,90,1,85,1476,39,75
2022,1062,62,0,9,6111,158,75
2020,1062,44,0,24,2880,158,75
2023,1062,60,0,85,7798,157,75
2022,1062,49,0,6,8807,74,75
2018,1067,74,4,17,3645,83,75
2022,1062,54,0,9,6796,158,75
2023,210,52,2,0,8295,54,26
2024,1062,52,0,85,7874,158,75
2021,988,61,0,0,5114,158,75
2023,1062,52,0,0,6638,158,75
2023,1062,62,0,0,6362,158,75
2022,577,51,0,9,11806,157,75
2023,252,72,0,9,2522,158,60
2021,431,44,0,3,4286,95,70
2021,1062,61,8,72,5282,158,75
2023,1079,53,6,0,5269,158,71
2016,157,92,8,72,4003,7,6
2021,1062,49,7,85,836,153,75
2022,1062,72,8,85,6301,114,75
2023,761,63,5,85,8736,131,49
2021,1062,58,8,85,1325,157,75
2014,532,51,7,72,4838,61,27
2018,1062,61,0,42,11589,158,75
2016,550,71,4,9,4104,71,35
2017,1062,44,0,61,3436,158,75
2020,806,60,0,1,9678,152,60
2020,1062,48,0,9,3218,157,75
2019,607,61,0,26,155,158,75
2023,1062,33,0,85,7617,63,75
2022,1079,92,0,0,11743,140,75
2016,236,54,0,23,8486,158,65
2016,228,51,8,54,3048,0,24
2014,1062,81,3,42,6939,28,75
2019,764,54,1,9,909,49,16
2021,367,62,1,0,3689,158,62
2023,1062,62,0,9,3457,158,75
2020,955,99,0,1,3614,49,75
2022,558,48,4,63,11109,69,60
2019,1062,81,8,9,8347,158,75
2022,558,52,4,69,4935,117,60
2021,1062,62,0,9,11452,158,75
2022,203,54,0,0,2081,49,60
2020,1062,62,0,9,2416,158,75
2020,1062,62,8,9,8848,158,75
2020,362,44,0,1,1969,158,75
2020,1062,61,0,13,4026,140,75
2023,1062,65,4,85,6930,158,75
2020,827,44,0,1,1890,8,75
2022,1062,69,2,85,10007,83,75
2022,663,58,0,0,2817,31,64
2019,389,81,4,72,10753,61,27
2022,1062,22,3,85,6285,51,75
2015,944,61,4,9,10609,118,58
2022,726,48,4,69,5952,86,60
2021,747,59,0,0,8082,151,69
2023,1062,78,8,85,2649,157,75
2022,311,62,0,0,6178,158,16
2023,981,92,0,10,10528,46,72
2023,1062,71,0,41,1081,158,75
2023,1062,52,0,9,2811,158,75
2014,107,92,8,72,10868,68,75
2018,1062,52,0,54,11203,93,75
2022,282,58,0,0,7483,158,69
2020,550,48,4,15,1470,111,68
2020,230,54,8,9,428,28,16
2023,1062,52,8,40,9091,71,75
2022,1062,81,2,85,7427,143,75
2015,1062,72,0,61,3602,158,75
2020,1062,62,0,2,2635,158,75
2021,1062,91,0,85,7421,155,75
2016,152,52,4,63,1673,77,36
2021,1062,81,8,85,5222,136,75
2017,1054,62,0,0,299,155,74
2021,1062,61,0,35,5738,109,75
2020,632,54,0,1,9636,158,75
2023,784,46,0,9,9597,157,75
2021,619,80,2,50,6794,155,28
2022,1062,54,0,0,2568,158,75
2016,1062,81,3,42,9306,93,75
2022,896,74,1,85,7469,141,68
2021,182,99,0,0,8329,158,75
2019,1062,62,8,9,6462,158,75
2021,1062,61,0,0,6887,157,75
2023,1133,32,0,0,6747,49,60
2022,582,51,0,85,10403,146,75
2022,1062,61,0,41,2982,8,75
2015,1056,53,7,63,6300,30,75
2018,570,54,8,9,447,158,75
2019,1062,55,5,0,5861,101,75
2019,1103,53,3,33,11677,158,75
2016,1062,66,1,15,5722,157,75
2019,1062,81,3,13,8762,39,75
2021,909,55,0,34,3060,158,75
2022,658,45,0,0,11333,81,75
2022,1062,53,3,85,2497,102,75
2021,1062,39,6,85,3403,139,75
2022,1062,91,0,85,10454,158,75
2019,644,61,3,13,2512,158,16
2020,814,52,0,1,5253,157,60
2020,1062,73,3,11,9761,157,75
2022,203,44,0,0,2081,36,60
2017,112,51,4,63,4433,136,75
2023,650,73,3,38,9541,112,68
2022,1062,28,0,85,2224,136,75
2021,1062,61,0,0,7853,150,75
2022,558,92,4,63,4735,69,60
2020,1062,62,0,0,6847,158,75
2023,1062,31,0,9,6163,158,75
2020,1062,62,0,9,5716,158,75
2021,1062,66,0,85,2006,118,75
2023,1062,49,0,85,3361,158,75
2022,1079,61,0,0,5145,158,75
2022,1062,81,0,85,2195,158,75
2022,1062,63,0,85,11773,154,75
2021,1062,62,0,9,2005,158,75
2020,1062,81,8,72,6668,8,75
2023,539,52,0,85,10583,146,75
2015,572,62,8,9,5004,158,75
2024,58,62,0,7,3843,158,75
2021,814,54,0,1,4876,158,60
2020,1062,61,0,9,9147,158,75
2017,1062,62,0,0,3295,158,75
2020,507,22,7,9,7015,158,29
2021,1062,68,8,85,5011,158,75
2022,1079,45,0,0,11743,122,75
2017,412,51,7,0,11174,154,60
2022,888,63,0,0,7165,149,75
2022,806,59,0,0,9656,21,75
2019,1062,52,0,63,11299,100,75
2022,1062,92,6,85,9641,158,75
2014,1062,51,8,9,3723,158,75
2014,1062,61,8,9,11570,157,75
2023,1062,92,8,85,2567,158,75
2014,921,51,8,9,7649,158,75
2022,592,54,0,0,7904,69,75
2016,130,92,4,63,4538,106,50
2017,650,61,0,35,4718,158,75
2023,996,58,0,6,5767,137,75
2023,1062,54,0,85,7669,158,75
2020,1062,62,0,4,4011,158,75
2020,1062,61,0,9,10268,157,75
2023,578,92,4,85,8260,27,36
2016,1014,52,8,63,3914,157,73
2023,1062,62,0,9,4226,25,75
2016,1062,81,8,63,5638,158,75
2020,1062,61,0,14,11473,157,75
2021,1062,51,0,85,6306,24,75
2021,1062,61,0,85,4449,157,75
2020,840,53,0,17,7659,143,69
2016,135,92,4,72,4537,5,58
2022,1062,53,0,0,7967,157,75
2023,1133,59,0,0,5231,158,60
2023,58,54,0,9,1315,158,60
2021,1062,62,8,85,6076,158,75
2021,121,52,0,4,8265,37,64
2022,726,48,4,69,5957,117,60
2022,1062,92,3,85,6337,158,75
2015,34,61,8,9,82,68,75
2015,1085,61,8,72,164,61,27
2015,1062,51,8,63,3332,8,75
2020,184,92,0,9,522,61,75
2023,615,81,0,0,9264,154,75
2021,1062,54,0,85,6365,31,75
2021,1062,56,8,85,5235,157,75
2021,1062,70,7,85,5349,158,75
2022,1062,46,0,85,241,108,75
2022,528,39,2,75,1046,91,66
2023,107,92,4,9,1545,68,75
2020,1062,51,0,0,6581,105,75
2022,1110,22,3,85,9745,154,60
2023,1062,75,8,85,8046,155,75
2022,781,52,0,0,6418,151,75
2022,726,48,4,69,6024,117,60
2023,1062,58,7,85,852,158,75
2021,1062,31,0,85,7801,136,75
2022,492,51,4,72,4357,154,74
2014,1062,92,3,9,2199,157,75
2019,1062,52,0,33,4965,137,75
2022,1062,53,8,85,3284,89,75
2023,784,42,0,0,9539,158,75
2017,431,81,8,9,4734,69,75
2023,784,54,0,2,9559,158,75
2022,760,60,0,1,8570,26,75
2018,1062,52,0,40,7103,158,75
2022,1062,91,0,85,9630,23,75
2021,1062,48,7,85,771,157,75
2020,1062,56,8,70,873,122,75
2021,1062,61,0,85,4429,157,75
2023,497,33,0,8,1783,149,75
2022,1062,46,0,85,8929,155,75
2023,1031,48,4,84,123,117,75
2023,1062,51,3,9,7044,146,75
2020,902,51,0,9,3783,155,75
2016,727,51,7,72,3357,155,62
2022,688,85,0,0,6905,83,75
2021,1062,62,0,37,2341,25,75
2023,990,80,6,85,8990,41,75
2023,622,56,0,0,1249,69,75
2020,814,46,0,1,6949,157,60
2023,1062,62,0,85,11836,158,75
2020,1062,62,0,0,1225,158,75
2020,607,57,0,1,4455,158,75
2022,412,52,7,9,658,154,60
2020,959,80,0,0,9556,92,75
2023,856,54,0,0,3894,141,75
2020,742,51,8,72,4010,158,62
2022,1062,62,0,85,11252,155,75
2016,1062,52,0,9,4270,28,75
2023,303,60,0,9,9015,143,75
2015,1174,92,8,72,11340,21,11
2023,726,48,4,69,6017,86,60
2015,1062,54,0,9,11249,158,75
2023,412,50,2,0,752,154,60
2023,1062,53,6,85,6774,86,75
2021,1062,62,0,42,6352,158,75
2020,1062,92,0,0,10039,158,75
2021,1062,37,3,85,2096,157,75
2016,120,42,4,63,4495,35,19
2020,1062,48,8,72,9456,158,75
2021,1062,52,0,9,10940,93,75
2023,1062,52,0,85,11694,158,75
2018,989,31,0,9,11116,158,77
2022,726,34,4,69,6034,117,60
2022,1062,92,4,85,3754,122,75
2021,1062,61,0,85,2738,152,75
2023,1008,32,0,0,7567,48,62
2016,1062,71,8,72,7248,16,75
2022,569,57,0,0,9193,53,72
2022,995,52,0,0,1087,99,73
2022,1062,59,3,85,7240,85,75
2014,947,86,7,70,1650,67,30
2022,276,44,0,0,3108,158,75
2022,1062,53,3,0,11938,142,75
2022,554,67,1,7,9292,157,72
2014,1062,92,8,42,10334,163,75
2016,425,51,4,63,5440,158,78
2022,276,53,0,0,3108,158,75
2022,1062,52,3,9,5636,154,75
2022,1011,60,0,85,10627,63,73
2022,1062,24,0,85,3284,59,75
2022,58,47,0,0,970,125,60
2022,1062,62,0,0,7399,158,75
2020,1062,31,0,0,3187,158,75
2016,1062,54,8,9,1101,158,75
2023,1062,59,8,85,3003,155,75
2023,1062,53,8,85,8920,111,75
2021,1052,62,0,0,5448,158,57
2022,558,92,4,63,10890,158,60
2021,1062,65,8,85,592,158,75
2016,545,81,8,9,10778,123,75
2019,1000,61,3,73,11707,158,75
2020,902,71,0,9,7570,158,75
2022,1062,54,0,41,2597,158,75
2023,1062,63,8,85,2745,155,75
2015,691,22,8,13,9927,77,38
2018,604,81,4,9,5223,69,34
2017,411,92,7,9,7479,97,60
2019,1062,62,0,0,3849,158,75
2022,558,52,4,69,4947,49,60
2022,1062,39,5,85,2623,158,75
2015,392,78,3,25,6375,150,77
2023,951,52,4,69,4502,61,27
2020,704,62,0,1,5557,158,60
2021,1062,92,0,0,10124,158,75
2022,1062,54,0,9,1879,158,75
2021,1002,73,4,75,6067,61,59
2018,1062,81,0,9,7501,158,75
2021,1062,54,1,85,5467,158,75
2015,1062,51,0,42,6931,158,75
2017,691,88,0,0,898,124,38
2020,530,55,0,0,6506,158,75
2019,1062,92,0,42,6607,158,75
2022,1062,92,0,85,9631,21,75
2023,622,62,0,8,6415,158,75
2020,490,61,0,1,5884,157,60
2022,558,92,4,63,6737,22,60
2023,1062,51,0,9,7921,158,75
2023,816,47,2,85,9236,149,75
2023,477,47,0,9,8968,97,75
2021,1062,92,0,0,10034,158,75
2023,1062,54,0,0,3383,65,75
2020,1062,62,0,0,4818,158,75
2019,969,92,4,72,4828,109,52
2023,1062,72,0,52,3507,158,75
2021,1062,62,0,1,11705,158,75
2023,1062,92,8,9,10138,157,75
2022,901,71,0,0,8947,142,75
2020,1062,76,0,23,6419,155,75
2022,1062,43,1,85,8423,157,75
2022,605,56,0,3,11261,137,75
2017,412,31,7,0,11174,158,60
2020,1062,61,0,15,5302,158,75
2022,1062,62,0,41,1925,158,75
2022,463,56,4,69,4167,123,74
2022,726,51,4,69,5943,85,60
2022,1062,81,8,85,1938,16,75
2023,316,92,0,9,10525,115,75
2021,1062,53,2,85,5418,158,75
2018,1062,71,0,9,11209,158,75
2023,1062,61,5,85,7844,158,75
2020,1062,92,3,9,8805,158,75
2022,826,92,0,0,6814,69,75
2017,1062,40,1,59,10497,140,75
2022,1079,61,0,0,11743,158,75
2023,1062,62,8,70,8912,158,75
2022,1062,77,6,85,8034,151,75
2022,692,66,5,85,10736,46,47
2020,489,53,0,1,2604,45,60
2014,1062,51,8,9,6441,77,75
2023,141,92,4,63,1604,68,67
2022,1079,58,0,0,11743,109,75
2017,742,51,0,72,7529,158,62
2023,1062,61,4,85,7246,87,75
2021,1062,88,5,85,5406,113,75
2023,1051,56,5,85,8484,80,67
2015,750,92,8,72,3961,61,27
2023,1133,62,0,9,4190,158,60
2019,1062,61,0,0,5515,158,75
2022,927,56,0,64,6951,158,75
2022,1062,41,0,85,1643,126,75
2014,132,92,8,72,12012,109,52
2018,1062,62,0,0,5519,65,75
2020,1062,61,0,9,8178,157,75
2015,418,51,8,72,3722,68,33
2020,902,99,0,9,7428,158,75
2021,1062,92,0,64,8539,158,75
2020,1062,61,0,0,3528,158,75
2022,1062,61,5,85,4243,158,75
2021,276,43,0,0,3108,97,75
2021,1062,44,0,86,10856,22,75
2021,1062,61,1,85,11871,158,75
2015,1062,51,8,9,6885,158,75
2015,1108,51,7,9,4481,126,82
2022,1079,72,0,0,11743,21,75
2022,1062,92,5,85,10450,144,75
2021,649,70,1,27,3758,52,75
2023,1085,68,0,0,11944,112,69
2022,1062,52,0,85,3739,136,75
2022,770,57,4,69,6507,149,72
2023,233,44,0,9,2738,139,75
2023,1133,52,0,9,8339,158,60
2021,1062,92,6,85,8925,11,75
2019,1062,61,4,0,935,158,75
2019,1077,69,3,22,7635,83,66
2018,1062,62,0,9,3424,158,75
2022,1062,63,8,85,4187,70,75
2023,271,61,4,70,11086,68,55
2023,1062,51,0,85,281,157,75
2022,795,66,0,0,8336,48,75
2022,1062,54,0,9,11988,158,75
2023,1062,79,0,85,2748,157,75
2022,1062,44,2,85,8423,157,75
2022,1079,31,0,0,6856,78,75
2020,225,52,8,9,7643,158,75
2020,849,62,8,13,7208,158,75
2022,1062,77,0,5,1497,157,75
2020,1062,99,8,0,2638,158,75
2023,1062,52,0,9,8010,158,75
2023,362,46,0,0,8705,69,64
2016,989,62,0,9,465,158,77
2019,1062,62,8,42,3839,158,75
2023,1062,41,8,85,2477,156,75
2014,593,81,8,69,10899,126,40
2021,1062,61,8,85,2844,158,75
2023,58,61,0,8,5142,151,60
2020,1062,62,0,9,1989,158,75
2014,1062,51,0,42,1187,158,75
2016,962,51,8,28,5443,158,65
2021,188,92,4,37,1550,15,8
2019,501,81,0,9,109,103,12
2019,1062,52,8,63,8779,42,75
2014,988,83,7,72,11960,157,77
2023,1062,72,8,85,9163,58,75
2021,1062,66,8,85,8872,34,75
2014,1062,81,8,63,4102,154,75
2022,923,54,0,0,7361,156,75
2023,1062,68,0,85,6895,158,75
2019,1062,54,0,64,6618,158,75
2017,1062,92,0,9,6172,158,75
2015,940,76,8,66,7089,158,70
2021,1062,27,8,85,2306,157,75
2020,1089,62,0,1,11837,158,60
2022,82,61,0,0,8204,158,73
2020,1062,61,8,63,5729,157,75
2020,1062,53,0,0,9713,119,75
2021,1079,61,0,6,3632,158,75
2015,1062,52,0,9,9556,109,75
2016,1062,81,8,63,5638,158,75
2021,599,34,0,0,5201,120,75
2023,1062,61,2,85,8561,51,75
2019,1062,89,0,4,10155,158,75
2022,1062,99,0,63,6960,155,75
2022,1062,92,0,0,11296,21,75
2019,1062,62,0,1,387,158,75
2016,1062,62,8,9,11706,158,75
2022,1062,81,0,85,1879,58,75
2022,1062,54,0,85,6126,158,75
2023,58,62,0,0,1975,157,60
2022,1062,31,0,9,5366,158,75
2022,1062,68,0,85,346,131,75
2023,1062,92,3,9,7041,52,75
2023,1133,51,0,39,1694,158,60
2022,1062,62,0,0,2662,103,75
2020,385,48,3,9,7397,158,60
2022,203,99,0,0,2081,25,60
2023,559,53,0,0,2549,128,75
2022,1062,76,8,85,3018,158,75
2020,1018,92,8,42,1830,158,75
2021,1062,70,2,85,9386,95,75
2023,13,33,0,9,8146,69,75
2022,1034,51,0,0,2969,36,75
2023,725,51,0,0,12056,8,75
2022,1062,53,5,85,2736,93,75
2022,1059,60,8,85,11356,147,75
2022,1102,31,4,85,11982,154,60
2020,1062,77,4,33,5592,129,75
2022,1079,62,0,0,11743,45,75
2021,1062,62,0,1,8100,158,75
2023,1062,44,0,85,11830,158,75
2020,814,72,0,1,3563,158,60
2015,124,78,4,63,4537,95,57
2021,1062,61,0,0,3517,155,75
2022,203,34,0,0,2081,158,60
2023,1062,44,8,85,7804,145,75
2020,1062,99,0,1,4208,140,75
2016,21,92,8,9,77,136,75
2022,806,86,0,0,9656,111,75
2015,345,92,8,72,9947,137,66
2021,1062,57,3,25,3760,112,75
2022,923,54,0,85,8997,136,75
2016,234,22,4,72,3983,157,77
2020,1062,72,0,9,861,146,75
2023,1062,61,0,0,703,158,75
2020,627,55,0,1,6471,158,75
2021,460,24,4,79,1336,117,75
2023,84,22,0,9,8189,21,75
2023,1062,39,8,85,6632,86,75
2022,1062,32,6,85,8422,155,75
2022,1062,74,3,85,11250,158,75
2022,1062,62,8,41,1428,158,75
2022,1062,53,0,85,315,139,75
2022,1062,53,0,85,5072,158,75
2018,1062,22,0,0,7307,123,75
2021,1060,92,7,85,9296,137,73
2022,1062,81,8,85,1936,16,75
2023,923,54,0,0,9898,157,75
2023,1062,71,8,85,5212,25,75
2020,1062,92,0,0,8562,158,75
2022,646,34,4,64,10914,151,62
2016,1122,71,8,72,1501,157,75
2022,1062,88,6,85,2412,141,75
2018,1062,71,0,9,3819,28,75
2023,717,42,5,65,3491,26,64
2023,867,61,6,0,10057,157,75
2022,657,60,0,5,9343,119,75
2021,1062,61,0,0,7443,157,75
2016,977,92,8,72,8056,158,2
2017,806,55,6,22,10973,158,64
2023,1068,57,0,40,10268,158,75
2021,1062,63,0,85,4542,158,75
2021,1062,61,7,85,11586,158,75
2023,109,60,0,1,10336,158,61
2019,969,92,4,72,4828,109,52
2022,740,38,0,0,2190,97,75
2020,1062,92,8,9,297,158,75
2021,935,56,0,0,7385,157,75
2023,1062,52,0,85,11291,158,75
2022,1079,24,0,0,11743,51,75
2019,1062,48,0,0,6867,158,75
2017,684,59,2,20,5664,140,75
2021,1062,75,8,85,9113,106,75
2022,77,54,4,9,393,28,75
2022,1062,83,8,85,5796,158,75
2021,1062,48,6,85,2291,41,75
2023,576,69,2,3,11159,142,74
2014,954,71,3,71,10740,136,68
2022,1079,62,0,0,11742,158,75
2023,412,51,3,0,747,154,60
2021,1062,58,1,85,7776,138,75
2019,1062,61,8,63,10234,50,75
2023,1062,92,8,85,8688,101,75
2022,1062,48,2,85,10715,141,75
2022,1017,33,1,85,7386,84,61
2022,1062,41,1,85,3355,158,75
2022,592,61,0,0,5177,38,75
2022,1062,27,0,85,2254,119,75
2023,1062,22,2,85,7781,32,75
2022,1062,40,0,85,1685,123,75
2020,883,52,0,1,7632,126,75
2024,776,99,0,0,10130,158,75
2023,439,61,0,0,3637,69,65
2023,592,62,0,0,6443,158,75
2023,486,81,0,3,8988,158,75
2023,1062,51,0,85,7982,158,75
2022,1062,52,2,85,3305,158,75
2023,809,48,0,0,7669,69,71
2022,1062,71,0,85,10840,141,75
2022,1062,76,3,85,9117,137,75
2017,748,31,1,13,5382,61,52
2023,1133,62,0,9,10653,158,60
2023,1062,61,0,0,8972,158,75
2022,777,62,4,69,9841,71,74
2021,1065,60,0,40,3072,158,74
2023,1062,74,8,85,4034,158,75
2021,1005,92,6,72,10234,108,75
2023,984,58,0,6,5745,133,75
2023,1062,61,1,85,6941,158,75
2022,768,89,0,1,8837,61,75
2021,1089,54,0,0,11223,69,60
2023,1133,61,0,0,9277,158,60
2021,1062,45,5,85,6401,108,75
2017,728,61,0,7,883,38,41
2021,996,23,0,0,7920,140,75
2023,1062,73,3,85,9217,140,75
2015,1062,62,8,9,1111,158,75
2022,1062,59,0,85,6198,120,75
2022,473,61,0,1,8961,157,60
2018,1062,67,1,10,2433,158,75
2023,1062,56,4,85,8640,39,75
2020,902,99,0,9,7573,158,75
2023,941,69,0,6,9001,135,75
2016,845,71,8,9,528,158,75
2020,1062,61,0,0,5489,158,75
2022,1062,43,7,85,2031,71,75
2023,595,52,4,85,9235,119,35
2023,710,42,0,85,3702,131,75
2023,878,55,0,7,8272,157,75
2022,1062,43,0,85,3180,143,75
2022,1062,84,4,85,5746,57,75
2022,1062,74,3,85,9577,158,75
2021,1062,61,0,1,5518,158,75
2019,1062,92,8,42,7168,13,75
2018,1120,52,0,9,381,155,75
2017,691,51,0,0,898,146,38
2020,848,39,1,1,9688,29,75
2020,277,55,7,12,2740,151,63
2022,1050,60,0,0,10341,157,75
2020,1062,62,0,0,7115,25,75
2020,1078,76,3,11,3579,123,65
2021,1052,54,0,9,8138,158,75
2023,881,62,4,85,9137,79,75
2022,1062,44,0,85,8171,146,75
2021,1062,92,8,9,8883,49,75
2020,714,54,0,1,11518,45,75
2024,1062,61,0,85,2563,158,75
2021,1062,92,0,64,10146,157,75
2022,112,53,4,9,4450,123,75
2014,93,71,8,9,1197,62,75
2022,1062,52,0,85,4318,158,75
2022,1062,44,1,85,8399,121,75
2017,1062,92,0,0,1542,158,75
2017,1062,44,0,61,11918,158,75
2020,1062,50,0,15,3390,158,75
2014,1062,81,3,69,10899,157,75
2023,1066,60,7,0,3878,158,73
2020,1062,85,0,6,3874,144,75
2018,1062,52,0,9,5005,158,75
2022,1062,33,0,85,1872,62,75
2023,745,45,0,7,9512,94,75
2022,1079,61,0,0,11743,42,75
2020,1091,54,0,0,3572,8,75
2019,1062,61,8,42,3534,158,75
2021,1062,75,2,85,6596,65,75
2022,1062,84,1,85,10062,114,75
2022,1062,58,4,85,1563,75,75
2022,1062,62,0,0,5127,158,75
2015,314,61,8,0,2680,158,75
2023,1062,86,1,85,8712,94,75
2023,1062,62,0,9,2691,158,75
2022,1079,61,0,0,11742,157,75
2015,271,69,8,19,3038,117,56
2021,1089,61,0,0,8428,158,60
2022,1062,52,3,85,3204,158,75
2014,1107,92,8,72,219,39,0
2024,1062,92,0,72,12031,157,75
2022,694,92,4,63,5776,122,72
2022,1062,43,0,85,1589,131,75
2016,715,57,8,72,1451,74,37
2021,1062,92,6,85,9458,130,75
2018,1062,52,0,42,7581,71,75
2020,1062,61,8,63,10350,158,75
2020,742,57,0,0,10730,149,75
2020,607,54,0,1,9267,158,75
2019,1062,51,8,9,3525,158,75
2020,1062,77,8,50,5787,86,75
2023,58,53,0,0,8386,8,60
2022,302,71,4,66,4232,93,74
2017,1062,75,3,28,7333,158,75
2021,442,61,0,85,11744,158,60
2022,1062,61,0,85,9485,158,75
2022,1062,60,0,85,273,153,75
2021,1062,42,8,85,2398,99,75
2023,1062,50,8,85,7979,156,75
2022,1062,48,8,85,1508,123,75
2017,412,52,7,0,11174,154,60
2023,1062,51,0,9,6680,158,75
2020,1062,61,0,9,10288,157,75
2022,726,49,4,69,6017,86,60
2018,1062,61,0,0,7773,158,75
2023,1062,48,0,85,7749,87,75
2022,1062,73,1,85,5612,104,75
2018,1062,62,0,9,668,158,75
2016,653,51,4,80,4528,10,6
2021,1062,92,8,0,10427,49,75
2016,1062,92,8,63,10155,157,75
2017,412,44,7,0,11174,154,60
2023,796,62,0,4,4521,158,75
2023,1062,84,0,85,8636,79,75
2022,726,23,4,69,10496,86,60
2014,840,52,4,63,9683,151,71
2020,1062,62,0,0,3603,158,75
2022,1062,27,6,85,4704,77,75
2021,1062,45,0,86,10507,26,75
2023,233,53,0,0,10918,157,75
2022,1062,62,0,9,7852,158,75
2021,1062,52,5,85,2230,75,75
2022,1003,50,4,0,7322,121,75
2022,1062,50,5,85,10006,121,75
2020,878,81,2,42,1415,158,62
2022,203,51,0,0,2081,146,60
2022,923,54,0,0,7361,157,75
2023,1062,57,8,85,2624,110,75
2015,1062,61,8,63,11429,157,75
2021,1062,92,3,85,3776,110,75
2020,1062,28,8,85,1840,157,75
2020,1062,92,0,0,8590,42,75
2016,424,92,4,72,4099,0,78
2022,1062,79,3,85,8944,74,75
2022,268,54,0,0,1954,148,61
2019,1062,92,0,42,676,158,75
2020,829,53,3,37,9683,158,75
2018,1062,92,0,9,10485,158,75
2022,203,31,0,0,2081,51,60
2021,1062,54,0,37,5641,135,75
2020,508,84,0,0,3386,126,65
2020,1072,82,0,4,2268,138,75
2016,112,81,4,63,4490,166,75
2016,1062,52,0,9,1270,158,75
2014,653,92,4,72,1728,10,6
2018,974,57,0,6,3178,143,68
2023,558,52,4,69,10878,155,60
2020,1062,62,8,42,11247,158,75
2020,1062,92,7,63,10201,158,75
2022,1062,52,0,9,10547,158,75
2023,1062,88,0,85,3143,151,75
2021,1062,62,3,0,6340,158,75
2020,1062,54,0,1,11219,158,75
2021,1062,59,5,85,6721,41,75
2022,1062,92,4,0,7312,123,75
2023,1079,61,0,0,10321,157,75
2020,735,51,0,1,11531,55,75
2020,488,57,0,1,2218,152,75
2023,677,60,0,0,1021,135,75
2019,1062,53,8,72,12041,158,75
2022,868,71,0,85,11419,43,75
2017,1062,52,0,63,11421,157,75
2022,112,51,4,72,10618,123,75
2022,1046,85,2,85,9439,113,64
2021,1062,51,0,6,2776,158,75
2021,1062,87,0,85,7995,125,75
2023,478,51,4,85,10924,1,29
2020,1062,69,0,1,3808,158,75
2015,218,51,4,72,4293,116,56
2022,467,62,0,0,7347,158,60
2014,701,51,0,9,3605,158,78
2023,1062,56,0,72,8042,158,75
2023,1062,53,0,85,3397,157,75
2020,1062,81,8,72,4032,158,75
2023,1062,85,1,85,7650,158,75
2022,592,31,0,0,2017,69,75
2020,1062,92,8,18,10723,86,75
2021,1062,61,0,37,3292,158,75
2022,976,75,0,47,4866,52,75
2021,1062,41,6,85,3486,145,75
2021,1062,62,8,42,5356,158,75
2022,1062,51,0,85,11073,157,75
2022,1062,58,7,85,2437,69,75
2024,1062,51,7,85,11501,154,60
2022,1079,60,0,0,11743,155,75
2020,1062,44,0,42,2794,157,75
2021,948,34,0,0,8790,68,75
2023,1062,55,0,9,2265,158,75
2022,1054,52,3,56,7299,126,74
2021,660,92,3,50,9326,157,63
2020,1062,92,0,13,11251,158,75
2023,592,42,0,0,3349,158,75
2022,1062,62,4,69,10185,154,75
2023,1133,62,0,9,8976,25,60
2023,1133,52,0,9,1532,158,60
2022,1062,63,0,85,2212,144,75
2023,1062,92,5,85,3058,157,75
2021,1062,76,3,85,6189,84,75
2015,712,51,8,72,11194,89,7
2022,730,54,0,8,8890,66,75
2021,1062,48,0,9,7705,158,75
2023,1062,62,0,0,2847,158,75
2022,1079,92,0,0,11743,62,75
2014,1062,53,0,9,6871,158,75
2014,327,51,8,9,3023,158,75
2018,1062,52,7,63,3172,103,75
2020,1062,44,0,42,10956,155,75
2019,1062,54,0,9,5601,158,75
2019,827,51,6,63,1470,154,75
2014,1012,92,5,72,1377,130,61
2023,549,37,0,6,7654,80,73
2020,1062,44,0,9,7229,157,75
2022,1062,78,0,85,10019,158,75
2023,592,52,0,4,1841,49,75
2022,1062,80,0,85,8751,115,75
2021,1062,47,8,85,2292,84,75
2020,1053,52,0,1,9784,121,75
2020,607,54,0,1,3511,158,75
2023,762,48,0,7,9714,158,75
2023,104,56,0,8,8160,156,61
2018,1062,62,0,9,11591,158,75
2022,1062,62,0,9,7219,158,75
2021,72,88,3,1,4036,72,32
2022,1062,69,5,85,6916,158,75
2022,1062,62,0,42,11874,158,75
2021,967,46,0,0,2892,98,75
2023,1062,54,0,9,10570,158,75
2022,1062,38,0,0,5100,158,75
2023,1062,52,0,85,3358,155,75
2015,26,81,8,9,8000,157,75
2016,1062,54,8,9,1101,158,75
2016,218,83,4,66,4534,128,61
2015,1062,71,2,42,2130,61,75
2021,1062,92,4,85,7953,66,75
2023,412,51,3,0,747,154,60
2022,1089,31,0,1,8658,158,60
2016,135,92,4,72,4537,5,58
2015,1062,81,8,72,5723,158,75
2021,954,68,0,85,1580,63,66
2022,58,33,0,0,970,38,60
2019,1062,22,0,64,4693,69,75
2021,1062,88,8,85,5885,158,75
2021,1062,40,4,85,2383,36,75
2023,1062,52,0,9,2622,158,75
2021,1062,77,5,85,9413,104,75
2023,1062,61,0,85,2974,157,75
2020,339,51,8,9,10821,136,75
2021,1062,42,8,85,6220,157,75
2015,1062,51,8,63,1206,157,75
2016,1062,54,8,63,3514,68,75
2022,76,61,0,8,1303,155,60
2023,1062,52,0,85,2071,155,75
2022,806,31,0,0,9656,158,75
2019,1062,61,0,0,7900,158,75
2023,1133,52,0,9,8609,158,60
2021,1062,52,0,9,11137,93,75
2014,1062,62,0,9,2693,158,75
2022,1062,44,0,42,2869,157,75
2022,643,51,2,85,8413,88,39
2021,1062,54,0,1,11967,157,75
2021,599,54,0,0,5201,158,75
2018,1062,52,0,42,3521,158,75
2023,1062,51,4,71,6854,123,75
2023,1062,92,0,9,8554,158,75
2015,45,92,8,63,4555,157,75
2015,89,92,8,72,172,158,78
2023,473,46,0,2,8967,108,75
2020,902,51,8,9,490,158,75
2022,781,62,3,85,7385,130,63
2022,1062,62,0,0,5365,158,75
2020,691,51,8,72,4422,61,38
2022,1062,61,0,0,3077,158,75
2017,1062,54,0,42,3340,158,75
2022,818,55,0,4,5267,158,75
2023,1062,54,0,85,12033,158,75
2023,1062,62,0,9,286,158,75
2021,1089,22,0,1,1865,8,60
2017,1062,51,8,40,3177,103,75
2014,1062,51,8,13,1198,155,75
2022,1047,53,0,85,316,136,73
2021,779,65,5,38,1169,28,66
2017,1062,54,0,9,11748,158,75
2021,1062,55,0,85,9226,105,75
2020,1062,52,8,9,3354,158,75
2021,1062,54,0,0,9580,45,75
2022,1053,81,5,85,9147,116,76
2021,1062,33,4,85,3039,116,75
2022,1079,62,0,0,11743,158,75
2022,1062,92,0,85,9712,84,75
2022,1062,62,0,0,6614,158,75
2023,1062,85,0,85,10390,139,75
2022,1062,73,4,85,6741,158,75
2022,1062,99,0,9,8573,158,75
2022,806,54,0,0,9656,155,75
2022,1079,70,0,0,11743,65,75
2023,58,44,0,0,4911,74,60
2020,559,63,2,18,3750,45,75
2021,1062,92,4,85,8854,76,75
2021,1062,61,2,85,8634,98,75
2021,1062,92,7,72,11348,117,75
2021,1062,92,8,85,10137,157,75
2021,1062,92,0,0,8563,158,75
2019,1062,62,0,42,152,158,75
2018,133,80,4,2,8282,102,75
2022,1062,23,0,85,2311,87,75
2021,1062,48,8,85,798,158,75
2020,1062,92,8,72,10068,158,75
2022,866,78,4,72,587,123,75
2021,1062,62,0,85,10613,121,75
2021,1062,48,8,85,2318,88,75
2016,1062,81,8,9,537,158,75
2022,1043,57,1,3,1606,142,75
2021,1062,48,3,85,1633,98,75
2019,403,54,2,72,11015,28,16
2023,760,36,0,85,9548,131,75
2022,649,51,1,70,5859,137,67
2023,1062,52,0,85,1978,154,75
2018,1062,51,4,0,930,158,75
2023,923,72,0,9,9137,158,75
2023,502,52,0,9,8800,158,75
2024,1062,62,0,0,8296,45,75
2022,518,92,4,85,9067,111,28
2014,152,92,4,72,1471,115,55
2023,1062,31,0,41,12029,158,75
2019,893,92,0,63,8559,135,75
2023,1062,83,0,85,7641,158,75
2021,1062,61,0,0,7443,157,75
2022,850,58,0,0,11947,144,71
2017,1062,58,0,21,1824,145,75
2022,612,63,0,7,1187,158,63
2022,1062,64,0,85,6392,104,75
2023,1062,63,8,85,2249,105,75
2022,58,22,0,0,8396,69,60
2021,1062,67,8,85,8873,33,75
2023,412,51,3,0,747,154,60
2023,1062,61,2,76,2755,158,75
2022,1062,92,0,85,8930,22,75
2022,1062,60,0,85,10268,73,75
2023,637,51,1,85,10176,148,75
2022,251,45,0,0,2867,158,73
2022,1062,64,0,3,11684,150,75
2023,1133,52,0,9,4147,158,60
2023,784,53,0,9,9587,25,75
2023,725,61,0,0,4156,158,75
2022,1054,71,4,63,7533,123,74
2023,1133,61,0,9,10232,158,60
2022,1062,53,0,4,3938,158,75
2020,1062,52,8,64,268,25,75
2023,484,53,0,9,4264,158,75
2022,599,23,0,0,5198,158,75
2022,923,31,0,0,7361,45,75
2023,691,54,3,85,6957,77,38
2021,1062,46,5,85,10619,142,75
2014,310,51,7,59,10961,157,74
2022,1056,61,0,8,1678,157,75
2019,1062,71,0,42,11029,158,75
2020,1062,52,0,9,333,61,75
2022,1062,22,0,9,3712,158,75
2022,1062,53,0,85,5484,158,75
2016,1062,54,0,42,5311,8,75
2023,1062,89,0,85,8639,93,75
2023,1062,62,0,63,11175,131,75
2023,1062,62,0,0,1791,158,75
2021,1062,92,0,18,8543,128,75
2023,1062,62,2,85,6392,158,75
2020,1062,61,0,13,7059,158,75
2019,958,57,0,64,5714,149,70
2016,765,57,8,64,8856,158,72
2021,1062,64,5,85,1879,25,75
2022,1056,68,8,85,11102,140,76
2021,751,47,0,0,2770,151,73
2018,112,92,4,72,8265,123,75
2022,1033,58,0,7,7908,130,75
2014,458,92,6,72,3542,76,41
2022,1079,88,0,0,11743,25,75
2017,1062,51,0,9,98,158,75
2019,131,61,3,27,4450,69,34
2023,1062,55,5,85,2665,156,75
2014,965,31,8,72,8918,56,52
2023,847,33,0,0,9705,69,75
2016,928,54,8,9,7720,158,75
2017,1062,54,0,9,6801,8,75
2018,1062,92,0,0,1242,158,75
2021,1062,92,0,0,6851,113,75
2022,1109,23,4,85,9776,154,60
2021,1062,81,8,9,8742,123,75
2020,1062,81,0,9,9553,158,75
2021,1062,62,0,1,5567,158,75
2022,112,56,4,9,4476,123,75
2022,112,92,4,9,8258,123,75
2021,1062,61,0,0,11569,136,75
2022,1062,49,0,85,11093,149,75
2018,1062,81,2,9,3609,158,75
2023,592,54,0,0,9421,136,75
2022,726,54,4,69,5999,85,60
2020,362,61,0,1,8755,158,75
2023,1062,54,8,85,9914,131,75
2021,1062,87,1,85,7316,158,75
2018,1062,72,0,9,3508,158,75
2016,757,51,7,68,6383,158,62
2022,1062,60,0,85,2839,158,75
2022,1062,61,0,85,4197,157,75
2022,789,56,0,0,4268,97,75
2014,953,92,4,72,9990,126,68
2022,1062,99,0,9,814,146,75
2021,787,61,0,5,11937,158,75
2022,1062,51,0,9,6241,158,75
2022,1062,56,0,9,7714,158,75
2021,1062,76,3,85,5886,157,75
2021,1062,61,0,85,4346,157,75
2023,1062,78,0,85,9291,82,75
2023,135,60,0,1,10660,157,62
2021,1062,54,8,9,7214,158,75
2016,254,52,6,72,1162,158,75
2020,1062,24,8,85,2031,157,75
2016,1062,81,8,72,659,158,75
2023,797,74,0,0,8384,110,75
2022,1062,46,1,85,7970,138,75
2023,1062,62,0,9,7816,158,75
2018,1062,71,0,9,10589,158,75
2023,1062,59,1,85,8922,67,75
2022,962,47,2,85,7222,134,45
2022,1062,68,0,85,4464,125,75
2022,1079,92,0,0,11743,6,75
2023,1062,52,0,85,10421,83,75
2023,558,22,4,63,9640,154,60
2020,513,81,3,14,9054,157,29
2023,1130,90,0,0,1935,24,60
2022,150,55,2,5,1834,105,68
2014,1062,71,0,9,1722,158,75
2021,1062,89,0,85,7116,36,75
2017,1062,52,8,63,2072,28,75
2022,388,57,0,2,1918,158,35
2023,1062,62,0,85,6493,158,75
2016,135,92,4,72,4537,5,58
2022,1062,54,8,9,6659,158,75
2023,648,56,0,7,9338,158,75
2021,1062,73,2,85,6969,158,75
2021,1062,56,0,41,2466,158,75
2021,1062,61,0,0,9559,158,75
2022,112,53,4,9,8255,123,75
2017,1062,92,0,9,10387,158,75
2018,1062,62,0,0,9684,158,75
2016,614,60,7,63,8587,150,75
2023,847,68,0,0,9149,129,75
2022,1062,68,7,85,5535,38,75
2019,742,54,0,0,782,54,75
2023,1062,62,0,0,1029,158,75
2020,1062,61,8,72,693,158,75
2020,1061,31,0,1,5066,157,75
2020,913,61,8,13,4669,25,75
2022,701,31,0,0,8027,64,63
2019,1062,54,0,9,3952,158,75
2022,1062,61,0,85,5794,158,75
2021,1062,75,3,85,1762,42,75
2022,585,52,4,69,130,107,60
2021,1062,92,8,85,9383,48,75
2023,1062,62,0,9,6539,41,75
2023,567,61,0,0,6739,157,75
2023,84,62,0,0,9330,25,75
2022,1062,63,0,85,6363,110,75
2023,488,31,0,9,8992,69,75
2015,713,51,8,9,5807,61,75
2023,1062,63,2,85,8861,65,75
2020,746,75,0,1,5606,158,75
2016,160,61,8,9,385,158,75
2021,1062,11,0,1,5503,158,75
2022,1062,44,0,85,5943,124,75
2022,492,52,4,69,4371,123,73
2018,1062,52,0,42,11663,158,75
2017,1062,92,3,42,9135,77,75
2021,1062,75,8,85,766,157,75
2023,1062,31,0,9,3263,158,75
2021,1062,92,0,85,9549,19,75
2017,1062,57,3,25,7831,147,75
2016,488,52,7,7,11192,150,61
2023,692,83,4,63,10043,133,60
2022,1062,36,6,85,2606,158,75
2018,176,81,8,72,10932,107,77
2020,902,54,0,9,7566,158,75
2015,112,81,8,72,5446,155,75
2021,1062,93,0,85,9561,75,75
2017,1062,62,0,0,6418,158,75
2023,1062,31,8,85,4378,158,75
2016,116,81,4,63,10792,21,11
2014,1062,44,0,61,4257,158,75
2020,385,81,3,42,9767,7,60
2022,722,76,0,0,9786,69,75
2022,726,74,4,69,5995,154,60
2014,394,55,7,64,10957,157,75
2022,886,50,2,35,5826,120,67
2014,1062,51,0,13,11791,68,75
2019,1062,70,5,47,5014,64,75
2021,1062,61,7,85,11571,157,75
2022,865,35,2,45,9692,131,65
2016,135,92,4,72,4537,5,58
2022,1062,56,1,85,2730,158,75
2021,1062,44,0,85,2676,158,75
2023,1062,60,8,85,9180,74,75
2017,1062,51,0,9,305,28,75
2021,1062,52,0,9,5577,61,75
2022,1062,62,0,41,9571,158,75
2023,651,62,0,9,2190,158,75
2023,1011,61,8,85,6929,158,75
2022,1062,31,8,69,11059,123,75
2021,1062,44,6,85,3630,157,75
2018,1062,61,0,0,9943,158,75
2016,788,62,8,9,6689,158,75
2020,490,51,0,1,3658,45,60
2022,1062,92,0,85,9919,110,75
2023,1062,57,0,0,9625,122,75
2022,599,52,0,0,5201,158,75
2022,1062,81,0,41,3277,158,75
2020,1062,71,0,9,329,158,75
2022,558,23,4,69,4941,140,60
2023,1034,92,7,85,8536,150,72
2023,592,61,0,0,5173,158,75
2024,1062,52,0,72,10098,158,75
2017,1062,54,0,9,6792,8,75
2021,1062,54,0,0,1905,69,75
2023,1062,52,8,41,2784,158,75
2017,1062,54,0,45,8933,119,75
2022,1128,34,0,0,8666,148,60
2022,1062,43,4,85,3528,158,75
2022,1062,92,6,85,10961,150,75
2024,1062,92,0,0,720,158,75
2022,1062,95,0,85,1661,18,75
2022,1062,22,0,85,3318,8,75
2023,1062,55,6,85,8505,26,75
2022,1053,81,7,85,10382,134,77
2021,1062,65,0,85,4104,146,75
2021,1062,62,0,1,2113,85,75
2020,958,84,7,12,4647,151,74
2022,1050,89,7,85,10414,126,77
2020,823,30,0,1,1853,73,75
2021,167,91,4,63,4749,74,32
2021,812,75,0,3,1845,158,68
2023,363,29,0,7,8505,158,62
2016,892,92,8,9,1352,158,60
2016,1016,64,0,67,10625,156,73
2021,1062,92,0,42,5828,158,75
2022,726,22,4,69,6013,86,60
2019,1062,54,0,9,1411,158,75
2024,58,52,0,7,6764,158,75
2022,726,92,4,69,5980,117,60
2022,210,31,0,8,5377,51,60
2020,1062,59,1,12,5962,37,75
2020,1021,54,0,1,6427,158,73
2023,805,31,0,9,9655,28,75
2022,1062,92,0,85,9278,37,75
2021,1035,61,0,85,7709,134,73
2019,238,92,3,85,4656,63,78
2023,1062,35,8,85,4069,157,75
2021,1062,61,0,1,4299,158,75
2021,1062,52,0,9,2369,158,75
2021,1062,22,8,63,5224,158,75
2016,928,54,8,9,4418,112,75
2015,977,92,8,72,8057,158,2
2022,1062,90,0,85,9756,28,75
2022,1125,49,0,0,11562,158,61
2021,1061,92,7,85,9332,136,74
2018,1062,92,0,0,6860,158,75
2022,1062,70,5,85,6736,158,75
2020,1062,24,7,85,2122,157,75
2022,1062,43,0,85,6243,158,75
2022,1062,75,8,85,477,158,75
2020,1062,62,8,9,5774,158,75
2016,716,51,8,63,9452,158,75
2022,1062,61,0,0,8092,158,75
2022,1079,61,0,0,11743,91,75
2023,1062,87,0,85,7621,157,75
2023,1062,32,7,85,2629,158,75
2021,986,68,0,0,7799,81,75
2017,360,49,3,85,1533,37,20
2022,1062,44,4,85,2401,69,75
2017,1062,59,1,49,3412,151,75
2018,869,53,7,68,1779,39,75
2015,138,92,4,72,235,39,22
2022,1062,45,0,86,10982,21,75
2022,1079,61,0,0,11743,157,75
2014,192,52,8,72,491,60,75
2023,1062,51,8,71,7213,158,75
2022,203,31,0,0,2081,49,60
2023,1079,61,0,0,10310,49,75
2022,1062,44,0,85,229,101,75
2022,1128,53,0,1,7972,152,60
2021,1062,73,3,85,10546,149,75
2021,1062,67,6,85,6326,135,75
2022,577,53,3,68,4562,128,74
2019,1062,62,8,42,2349,158,75
2023,1058,56,4,63,5110,123,74
2020,1062,99,8,42,4731,69,75
2020,678,62,0,1,11701,158,75
2020,1069,51,0,1,1623,8,71
2021,1062,54,0,2,4158,158,75
2018,1129,81,8,9,920,158,75
2015,1062,51,8,70,2067,158,75
2022,112,92,4,9,1612,123,75
2014,1062,81,3,42,6939,28,75
2023,1062,41,3,85,3626,158,75
2023,830,54,0,0,9679,151,75
2017,1062,72,0,61,2252,158,75
2023,61,53,0,0,2347,158,62
2021,1062,60,3,85,1206,110,75
2021,1062,92,0,42,7741,8,75
2023,222,66,0,0,1994,157,62
2022,758,54,0,7,9515,146,75
2021,1062,58,5,85,1907,27,75
2020,436,53,0,9,11950,158,75
2022,865,71,2,85,7446,138,66
2023,1062,48,5,85,7635,157,75
2019,1062,54,0,0,7975,158,75
2021,1062,67,8,85,1414,101,75
2022,1062,85,0,85,6766,137,75
2020,883,89,0,2,4453,158,75
2022,1062,92,0,9,10004,143,75
2023,1062,77,4,85,280,158,75
2016,120,58,4,64,4468,139,75
2021,347,61,4,37,1027,68,75
2022,1062,83,0,85,8979,128,75
2021,949,78,0,0,8563,158,75
2020,1062,62,8,9,3102,158,75
2018,1062,61,8,9,5520,166,75
2021,1062,62,0,0,1250,158,75
2022,1062,92,0,85,10448,108,75
2022,321,53,0,0,2005,131,64
2022,1062,55,3,85,6969,97,75
2020,742,71,8,72,8820,158,62
2022,1062,62,0,41,3379,158,75
2017,1062,71,0,23,1919,158,75
2018,593,86,5,32,10039,42,38
2017,438,71,2,19,8462,150,75
2023,726,99,4,63,9644,69,60
2020,1062,62,0,85,11332,158,75
2020,362,61,0,1,8757,158,75
2022,726,92,4,69,6027,117,60
2022,1079,69,0,0,11743,157,75
2018,1062,54,8,9,7817,158,75
2021,1062,56,0,9,136,103,75
2021,611,53,0,1,5856,106,75
2023,1062,51,4,69,8713,36,75
2015,1023,52,8,63,11324,123,71
2023,1062,50,3,0,5538,158,75
2020,742,71,8,72,10092,158,62
2018,1062,61,0,9,11902,158,75
2022,1062,63,0,85,10488,157,75
2022,1062,74,5,85,7975,147,75
2019,1062,61,0,0,8415,158,75
2022,1062,64,0,85,6292,158,75
2022,1062,45,8,85,8659,50,75
2022,827,62,0,0,7450,157,75
2021,1062,76,8,85,5518,123,75
2022,1062,52,0,9,7352,158,75
2022,1062,51,0,85,6181,158,75
2023,1133,62,0,9,10652,158,60
2021,1062,50,6,85,1311,21,75
2020,1062,92,2,72,132,158,75
2016,1062,54,5,50,12035,158,75
2015,1062,92,5,41,8656,77,75
2019,1076,62,8,63,273,104,78
2014,904,92,4,72,10757,78,40
2020,1062,61,8,0,7228,158,75
2017,1062,92,8,9,11923,158,75
2023,1133,62,0,0,6873,158,60
2017,1062,51,3,13,894,158,75
2021,1062,74,8,85,972,132,75
2023,733,66,5,85,8765,129,47
2020,1062,62,8,9,6841,158,75
2015,375,84,8,72,681,121,57
2022,726,48,4,69,6047,117,60
2017,191,71,0,9,5797,158,75
2023,1062,62,0,9,8177,69,75
2020,1062,92,8,63,5611,158,75
2016,1062,72,0,9,9711,158,75
2022,1062,90,8,85,2490,140,75
2023,709,54,0,9,9442,128,75
2021,1062,54,8,85,724,158,75
2021,1062,62,8,85,5970,158,75
2020,1062,61,0,9,5380,65,75
2020,1062,81,0,9,5182,8,75
2015,1062,81,0,9,6559,158,75
2018,1062,61,0,42,6537,158,75
2014,953,81,8,72,9994,158,68
2022,709,32,0,85,9367,140,75
2023,534,52,4,85,10147,138,47
2021,958,77,3,85,7513,158,75
2023,1133,62,0,9,2360,158,60
2021,267,61,0,0,7529,158,75
2017,691,31,0,0,901,157,38
2017,1062,62,0,9,11449,158,75
2023,58,54,0,7,3109,158,75
2022,826,62,0,0,6814,158,75
2020,1062,22,0,64,2355,152,75
2021,1062,52,0,9,11672,158,75
2020,1062,51,3,54,115,96,75
2022,1012,45,7,85,7865,152,72
2023,606,77,0,0,9323,69,75
2023,1056,90,0,85,8092,156,73
2022,1079,52,0,0,11743,61,75
2022,1062,91,0,85,8575,93,75
2019,1062,48,8,0,10160,158,75
2021,1062,62,0,1,6427,158,75
2022,1079,72,0,0,11743,157,75
2020,1062,92,0,18,4025,25,75
2023,1062,52,0,9,2070,143,75
2022,1062,55,0,85,403,132,75
2019,1062,92,2,42,6773,158,75
2016,977,92,8,72,8056,158,2
2023,1062,70,8,85,7983,156,75
2021,1062,67,4,85,1863,23,75
2020,1062,71,8,9,1057,158,75
2021,1062,99,0,0,6251,107,75
2023,750,78,2,85,9136,32,50
2021,1062,92,2,85,9553,53,75
2022,147,49,4,69,1573,126,60
2021,174,25,0,0,2545,153,75
2019,644,61,3,13,2511,158,16
2021,1062,92,8,9,1004,151,75
2023,870,22,3,41,9754,158,16
2022,795,53,0,0,4940,90,75
2022,185,33,0,0,2119,158,60
2022,1062,71,8,85,8871,85,75
2023,885,57,0,0,9293,111,75
2022,1062,74,8,85,484,158,75
2020,1062,51,8,85,8861,48,75
2023,1062,53,0,9,5239,158,75
2015,1140,81,8,9,12072,158,75
2022,1062,54,0,0,5416,158,75
2021,1062,44,0,9,7818,158,75
2022,1062,92,4,85,10543,102,75
2017,1097,51,8,9,1052,158,75
2015,343,81,8,9,452,98,75
2022,1062,58,0,34,5362,158,75
2022,1062,50,7,85,8421,157,75
2022,558,92,4,41,4940,158,60
2022,203,45,0,0,2081,32,60
2023,1062,62,0,85,7843,8,75
2023,1133,44,0,0,11366,158,60
2020,724,54,0,9,499,158,75
2019,1062,51,0,0,10595,103,75
2016,112,48,4,63,8239,71,75
2023,622,92,0,0,9377,45,75
2016,1062,51,0,9,597,139,75
2023,1062,71,8,9,11239,158,75
2016,1062,92,8,9,10356,158,75
2022,1062,48,0,85,251,115,75
2017,1062,52,0,79,4879,21,75
2019,1062,92,0,72,6380,158,75
2020,917,55,3,30,5300,158,66
2021,1062,65,1,85,11222,48,75
2020,1062,92,0,9,1045,25,75
2020,1051,69,0,2,3561,157,72
2023,576,67,2,0,11145,158,75
2014,1062,92,3,54,11005,158,75
2023,1062,52,0,9,1958,158,75
2022,1062,61,7,85,1142,158,75
2023,659,35,0,7,9218,81,75
2021,1062,58,3,85,1020,108,75
2023,1133,61,0,0,10269,158,60
2021,1062,62,0,1,6509,158,75
2022,1062,54,8,85,6556,158,75
2023,1062,67,0,0,10096,157,75
2015,346,92,4,72,3142,158,75
2022,726,31,4,69,5975,117,60
2022,853,61,0,0,4708,33,75
2023,1062,78,0,85,7678,158,75
2019,1062,52,0,9,8032,158,75
2022,1062,92,0,63,11018,22,75
2016,1153,54,0,48,431,130,75
2020,1062,61,0,9,10260,158,75
2023,148,54,4,69,1599,65,60
2021,825,70,0,4,6858,31,72
2023,784,49,0,0,9560,138,75
2019,1062,92,8,13,809,12,75
2021,1062,55,0,85,10491,91,75
2020,1009,86,7,73,1412,143,75
2018,1062,84,5,46,7612,139,75
2020,1062,65,0,26,7545,115,75
2021,1062,59,8,85,11687,158,75
2016,157,92,8,72,4003,7,6
2023,1062,56,0,85,7822,100,75
2022,1037,88,0,85,6872,158,75
2021,1062,61,2,85,7784,142,75
2023,845,32,0,0,9642,69,75
2022,1062,54,5,85,7564,157,75
2022,579,70,0,0,5011,119,73
2021,1062,58,5,85,6711,41,75
2023,632,81,0,1,9290,41,75
2021,1062,92,1,85,8947,121,75
2022,1062,61,0,0,6088,158,75
2015,1062,72,0,9,4321,158,75
2022,741,71,2,0,8545,64,75
2021,1020,61,0,0,5619,158,75
2020,931,99,8,9,7171,151,75
2023,1062,81,8,85,3015,157,75
2020,1062,92,0,0,6218,158,75
2022,1062,82,0,85,2262,75,75
2014,1062,52,0,9,377,28,75
2021,1062,44,0,37,3565,157,75
2022,1074,22,7,85,8672,43,71
2021,1062,85,0,85,3904,90,75
2021,1062,52,0,1,2731,158,75
2022,1062,53,0,85,4895,158,75
2022,1062,66,8,85,6419,103,75
2021,1062,71,8,9,9516,158,75
2023,1008,60,0,85,9105,88,70
2020,1062,62,8,0,8425,35,75
2015,741,51,0,9,11135,45,75
2022,1062,92,1,85,9488,35,75
2022,641,81,1,0,11374,155,65
2023,880,55,0,7,8271,157,75
2022,689,51,4,9,9393,123,74
2023,1062,78,4,85,9028,157,75
2022,981,58,0,5,11209,158,75
2020,349,44,0,2,1942,13,60
2023,1062,90,8,85,3721,158,75
2021,868,55,0,4,7512,158,63
2017,545,92,4,9,6283,162,75
2023,875,48,0,0,5111,122,75
2022,1062,25,0,85,2610,106,75
2021,814,54,0,9,6819,158,60
2022,762,68,4,67,9783,70,70
2020,1062,92,8,9,8777,41,75
2020,1062,81,0,42,11127,158,75
2019,1014,81,3,42,4084,147,70
2021,1062,61,0,42,5665,158,75
2023,1133,99,0,0,6484,158,60
2022,1062,73,0,85,2593,157,75
2023,1062,54,0,9,4617,69,75
2016,1062,72,8,9,2408,25,75
2016,126,62,4,72,4480,69,34
2016,1062,51,0,42,2889,158,75
2017,1062,54,8,9,5661,158,75
2023,1133,21,0,9,11155,158,60
2022,726,48,4,69,6018,93,60
2015,1062,61,8,72,252,158,75
2023,1062,54,8,85,2712,130,75
2020,869,92,3,9,10161,158,60
2023,1062,64,1,85,9079,99,75
2022,1062,78,0,85,9780,158,75
2020,1062,54,8,9,4079,158,75
2023,668,73,0,0,8941,158,75
2019,1005,92,1,8,3280,137,65
2022,1062,81,4,63,4966,155,75
2021,1062,49,4,85,1338,157,75
2023,787,48,0,0,2055,83,75
2022,706,54,4,85,7330,123,60
2017,412,52,7,0,11174,154,60
2021,1062,60,0,85,10627,118,75
2017,1115,52,8,9,8799,158,75
2022,112,51,4,72,1617,123,75
2023,252,61,0,9,9554,158,60
2021,1108,40,0,0,2008,158,60
2019,1062,44,0,42,11014,157,75
2022,872,67,0,12,7413,150,75
2021,1062,61,0,0,9887,158,75
2017,1062,22,7,13,3493,158,75
2023,1062,61,0,9,7912,158,75
2017,1062,92,3,26,9165,158,75
2020,1062,92,3,9,8879,48,75
2020,1062,61,8,42,2566,158,75
2017,243,81,8,9,1009,155,75
2022,1062,54,0,85,5282,152,75
2016,851,92,8,72,11347,61,27
2021,1087,54,0,1,6815,158,60
2023,1062,54,0,9,6788,8,75
2023,1062,57,8,85,1626,156,75
2023,1062,91,0,85,2353,157,75
2021,1062,92,8,63,8905,45,75
2021,1062,60,0,85,4218,157,75
2022,1062,62,0,0,2528,158,75
2022,1062,71,0,85,9447,138,75
2018,1062,62,8,9,7616,131,75
2020,814,61,0,1,7617,157,60
2021,1062,31,0,85,2409,53,75
2023,1062,61,5,85,8943,130,75
2021,1062,62,0,85,4423,158,75
2021,1062,62,0,1,6555,146,75
2016,112,92,4,9,5435,158,75
2024,203,52,0,7,1173,158,60
2020,1062,34,8,85,1689,157,75
2018,1062,35,5,40,4431,113,75
2022,1062,92,0,85,9715,51,75
2023,824,45,0,2,10094,138,71
2023,463,71,2,5,1456,99,69
2017,989,92,5,44,9992,144,70
2021,1062,38,4,85,2406,35,75
2017,1062,99,0,42,7681,158,75
2018,820,46,0,15,1348,157,70
2021,729,31,0,0,1521,28,68
2020,1062,81,0,0,9140,158,75
2023,1042,88,0,85,8626,95,75
2021,1062,56,2,85,4307,157,75
2021,1062,90,8,85,4771,158,75
2024,694,99,3,85,7139,77,38
2023,1062,62,0,9,11636,158,75
2016,761,54,8,13,575,158,75
2023,1047,62,0,8,8941,155,75
2024,1062,92,0,85,2634,157,75
2019,1062,52,0,9,2075,155,75
2022,1062,52,0,9,4260,158,75
2022,1062,52,0,9,1323,155,75
2021,1062,51,1,85,10260,116,75
2020,1062,44,8,9,5167,131,75
2021,1062,87,1,85,7051,44,75
2023,1062,56,0,87,2989,155,75
2020,696,53,0,1,2781,158,75
2018,1062,44,0,42,3143,158,75
2020,1062,61,8,72,5226,158,75
2018,1062,92,0,9,10442,158,75
2023,1062,62,8,85,9060,84,75
2018,604,92,8,9,10860,69,34
2022,1062,39,0,85,6463,158,75
2022,959,63,4,65,7245,105,75
2023,1062,61,0,85,5450,25,75
2022,558,48,4,63,10893,158,60
2022,1062,82,6,85,3413,157,75
2021,1062,45,6,85,1965,142,75
2019,1062,92,0,0,10335,158,75
2022,1062,61,0,0,10502,49,75
2021,1062,84,6,85,8810,26,75
2022,1062,88,2,85,5308,38,75
2021,1062,51,0,63,11808,158,75
2020,1062,84,5,69,8676,120,75
2021,1062,92,8,63,5868,104,75
2021,599,37,0,0,5201,70,75
2020,1062,89,7,2,2758,67,75
2021,1062,62,0,1,3544,158,75
2022,1062,80,0,85,8762,90,75
2022,411,92,3,87,11505,154,60
2020,1062,81,0,9,10304,158,75
2019,1062,81,5,67,3572,156,75
2022,1062,72,0,9,4769,71,75
2016,1062,54,8,9,6624,158,75
2023,590,32,0,0,9741,61,60
2022,1062,52,0,9,6866,155,75
2022,1062,54,5,85,7701,157,75
2024,1062,92,0,9,11183,146,75
2022,850,46,0,85,9298,152,75
2021,1062,52,0,9,4408,104,75
2023,1062,62,8,85,8974,108,75
2022,58,72,0,0,970,96,60
2022,574,51,4,85,11034,26,36
2022,1062,92,1,85,7989,131,75
2015,988,86,8,70,7982,158,11
2023,763,37,0,0,8543,146,75
2017,615,44,3,45,7202,79,66
2022,1062,48,0,9,9765,123,75
2015,163,51,0,63,238,140,60
2020,800,92,0,0,8574,128,75
2017,412,52,7,0,11174,154,60
2020,1062,54,0,9,1321,104,75
2023,592,44,0,9,2055,155,75
2023,882,37,6,85,8609,141,59
2022,998,87,0,1,8701,158,60
2016,1126,71,8,9,12057,158,75
2016,1062,71,8,63,7957,8,75
2016,1062,52,0,42,11034,158,75
2020,894,28,0,1,2254,130,75
2022,1062,44,0,61,6304,158,75
2020,1062,54,0,0,3260,158,75
2016,135,92,4,72,4537,5,58
2021,1062,62,0,9,3422,158,75
2023,763,52,4,69,9791,154,60
2019,1062,61,0,65,7238,158,75
2021,1062,54,0,85,6099,158,75
2019,1062,92,8,84,544,158,75
2022,726,62,0,0,6620,158,75
2021,1062,81,0,0,4885,151,75
2024,215,56,4,61,2090,123,74
2022,1079,78,0,0,11743,59,75
2015,1062,52,0,9,4181,158,75
2022,1062,54,0,41,3419,158,75
2021,1062,52,0,42,1954,158,75
2021,1062,34,0,85,152,56,75
2019,1062,54,0,76,2969,157,75
2021,1062,45,8,85,6438,54,75
2018,382,72,0,23,2237,158,60
2024,1062,52,0,9,1297,158,75
2018,647,92,1,13,8176,158,16
2021,1067,49,0,1,3869,66,72
2021,1062,45,3,86,11091,66,75
2021,1062,80,0,85,6649,39,75
2021,773,51,7,63,11351,116,56
2022,123,48,0,7,1257,134,63
2019,1062,44,0,72,8110,157,75
2023,1062,61,8,9,6703,158,75
2019,1062,52,8,9,11527,69,75
2023,517,92,3,67,9341,110,33
2023,1062,36,0,85,6976,158,75
2023,1062,61,0,85,8950,153,75
2023,725,52,0,0,10511,69,75
2017,1062,61,0,0,7526,158,75
2020,1062,62,0,13,754,157,75
2022,522,58,0,4,9053,108,66
2023,622,61,0,9,9290,158,75
2023,1062,66,0,85,6027,138,75
2016,1062,92,0,9,8993,158,75
2019,1062,22,0,0,3595,158,75
2020,814,99,0,1,1080,8,60
2020,1062,54,8,42,9453,158,75
2023,1133,61,0,9,9962,158,60
2020,1062,58,1,0,2693,24,75
2020,1062,52,0,0,6243,109,74
2022,1062,59,8,85,10391,82,75
2022,1049,89,8,85,10505,125,77
2022,726,61,4,69,5996,157,60
2022,1062,75,0,85,2638,157,75
2022,1062,24,0,85,2458,89,75
2022,276,31,0,0,3108,158,75
2023,1062,92,8,85,11167,158,75
2019,1062,62,8,42,11676,158,75
2023,1054,31,7,85,8430,154,74
2021,1068,62,0,1,5366,158,71
2023,193,92,0,0,8603,158,75
2023,13,31,0,9,8148,69,75
2020,714,53,0,1,10960,45,75
2023,1133,54,0,9,7792,158,60
2017,1062,92,3,42,896,15,75
2017,412,62,7,0,11174,158,60
2023,1062,62,0,9,3381,158,75
2020,1062,51,0,63,2289,103,75
2022,691,51,3,41,7125,158,38
2020,1062,61,0,0,6861,158,75
2023,1062,61,6,85,7855,158,75
2022,726,61,4,69,5982,117,60
2020,1062,61,8,72,11049,158,75
2016,1092,81,2,72,1635,155,75
2022,1079,61,0,0,11743,157,75
2023,784,49,0,2,9607,118,75
2023,1062,45,7,85,7827,157,75
2022,599,45,0,0,5197,158,75
2021,902,51,0,9,10626,158,75
2021,1062,69,8,85,5629,158,75
2023,592,59,0,6,9896,157,75
2023,1062,57,4,85,2279,157,75
2020,504,62,0,1,1672,158,60
2022,1062,62,0,85,8864,50,75
2022,1062,63,8,85,4478,158,75
2022,1036,64,0,0,2310,24,73
2019,1062,54,8,9,4406,68,75
2021,1062,64,2,85,9325,64,75
2021,1062,59,5,85,1904,27,75
2022,751,83,4,85,11088,114,76
2015,1062,67,8,68,11647,156,75
2018,1062,92,0,9,1388,158,75
2020,1062,53,0,59,2074,155,75
2022,1062,92,5,85,10603,107,75
2021,667,46,0,0,8467,66,69
2015,973,92,8,72,163,61,75
2023,927,57,0,6,10317,132,75
2022,1062,27,0,85,2256,118,75
2021,806,51,2,66,4303,65,67
2020,1062,62,0,9,3372,158,75
2020,673,41,0,1,8959,14,75
2016,785,51,8,72,6666,158,75
2023,563,44,0,72,7684,123,75
2015,921,81,8,9,7277,155,75
2019,1062,65,6,54,7337,158,75
2022,1062,35,8,85,2205,149,75
2015,1158,51,8,9,12091,158,75
2022,1054,56,4,9,10634,123,74
2021,1089,44,0,0,2204,157,60
2023,1062,62,0,85,6215,158,75
2023,1062,31,0,85,7346,158,75
2022,1062,31,0,0,3667,158,75
2022,1062,61,0,85,11780,158,75
2019,1062,59,0,17,2177,158,75
2021,967,51,0,85,9979,44,75
2022,1062,92,0,85,10451,124,75
2015,1062,51,0,9,10714,158,75
2022,1062,64,0,85,9562,158,75
2017,412,86,7,0,11174,42,60
2022,609,63,0,0,10396,69,75
2021,1035,62,0,3,9280,150,74
2019,1062,31,8,42,3223,158,75
2023,1062,62,0,52,4978,158,75
2023,619,73,0,5,8888,158,75
2020,1062,54,0,0,5757,158,75
2023,1062,55,1,85,2341,158,75
2023,897,92,0,0,9869,65,75
2021,1062,61,0,0,11785,158,75
2021,952,92,0,3,5032,13,75
2014,373,61,8,72,11022,158,75
2017,1062,92,0,0,5275,158,75
2022,592,54,0,0,10910,158,75
2022,502,31,0,11,1920,144,75
2015,1062,92,8,63,8690,36,75
2022,1062,31,0,85,3510,158,75
2019,1062,92,0,0,10455,158,75
2021,1062,52,0,42,3906,157,75
2021,1062,62,0,85,3052,158,75
2023,58,62,0,0,8174,158,60
2023,1062,61,0,85,7764,18,75
2020,1062,81,8,9,9727,157,75
2023,592,68,0,5,9189,157,75
2014,1062,44,0,9,11124,158,75
2024,1062,92,0,9,1417,109,75
2022,664,78,0,0,9407,154,75
2020,1062,51,8,31,781,158,75
2019,1062,61,0,64,11827,158,75
2022,1062,60,0,85,9150,72,75
2015,921,81,8,9,7277,155,75
2022,502,62,0,0,4959,158,63
2023,1062,61,0,85,6049,158,75
2020,1062,54,0,1,7834,8,75
2019,428,51,7,72,3787,86,8
2022,1062,92,0,0,10678,54,75
2021,730,44,0,0,9659,28,72
2022,923,31,0,0,7361,158,75
2019,1062,92,8,9,10036,158,75
2022,516,56,0,0,8901,92,75
2017,412,22,7,0,11174,154,60
2014,1062,51,8,9,4061,158,75
2016,1062,51,0,2,1348,93,75
2022,1062,38,0,85,1739,118,75
2020,742,71,8,72,10088,158,62
2022,1062,86,0,0,10778,105,75
2021,1062,80,3,3,9655,25,75
2022,1062,67,0,85,5669,129,75
2022,112,51,4,69,7548,59,75
2016,674,79,5,29,11249,119,66
2022,923,54,0,0,7361,158,75
2023,1037,60,0,0,7642,155,74
2019,1062,61,0,9,7996,8,75
2023,1062,71,0,85,7723,158,75
2016,157,92,8,72,4003,7,6
2022,203,56,0,0,2081,9,60
2019,1062,54,0,9,3950,158,75
2022,1062,75,8,85,2152,21,75
2020,1062,52,8,63,1176,155,75
2022,412,48,0,0,9333,154,60
2022,1062,52,0,86,10304,85,75
2022,1062,51,3,85,487,146,75
2022,1062,60,2,85,1982,115,75
2021,1062,70,8,85,8710,99,75
2023,1062,86,8,85,2602,157,75
2022,415,60,0,0,5048,139,60
2021,1062,92,0,85,7218,25,75
2023,1062,86,8,85,8910,79,75
2022,590,62,0,0,8014,158,60
2022,112,54,4,9,4469,123,75
2022,1062,52,0,85,2425,157,75
2022,769,71,5,85,9709,116,52
2023,252,52,0,9,978,157,60
2022,203,59,0,0,2081,99,60
2017,412,51,7,0,11174,156,60
2023,1062,52,0,9,5691,131,75
2021,964,50,0,0,9510,79,67
2023,961,50,0,0,9802,157,75
2022,1062,56,0,85,6126,158,75
2022,1054,52,4,63,7293,123,74
2021,1062,44,0,1,3910,158,75
2017,1062,71,0,9,10805,158,75
2020,1113,44,0,1,2179,59,75
2023,58,76,0,0,8194,150,60
2020,748,28,0,1,8735,102,75
2022,759,64,0,0,2326,133,71
2014,840,92,4,72,10668,151,71
2023,784,23,0,0,9543,157,75
2023,422,52,0,5,8295,85,65
2023,868,89,0,0,10720,157,75
2020,878,51,3,35,1167,148,56
2016,1062,81,3,42,9315,93,75
2021,172,52,0,6,8322,45,60
2020,1089,62,0,1,3714,158,60
2014,953,81,8,72,10000,158,68
2020,212,50,0,0,401,69,30
2021,1062,52,0,1,7741,158,75
2018,1062,61,0,9,5789,158,75
2021,1062,91,7,83,7538,98,75
2015,346,92,4,72,3140,160,75
2022,752,92,5,85,8877,64,48
2016,1164,54,8,9,12093,157,75
2022,1062,92,0,0,9391,69,75
2019,1062,71,8,63,11933,45,75
2022,708,61,3,9,2494,28,78
2023,1062,54,0,52,3356,131,75
2023,1062,33,8,0,9017,61,75
2020,954,57,0,1,11238,157,68
2020,1062,52,8,47,1008,68,75
2014,1062,92,4,63,10198,157,75
2021,1062,62,0,0,5311,158,75
2022,1062,59,0,0,11925,158,75
2022,233,55,0,0,8407,67,61
2022,763,72,4,69,9828,154,60
2021,1062,60,0,85,5740,158,75
2022,1062,26,0,85,2645,110,75
2021,1062,92,0,0,5711,133,75
2022,726,31,4,69,6019,86,60
2019,1062,52,0,13,5725,103,75
2020,1062,92,8,63,630,52,75
2022,1062,67,4,85,9238,135,75
2021,490,48,0,0,6955,158,60
2020,1062,62,0,0,3324,158,75
2022,1062,54,0,0,5416,158,75
2017,1062,52,0,9,4243,61,75
2022,1062,31,7,85,4407,157,75
2016,1005,81,8,42,11195,158,75
2016,949,56,3,29,7175,158,75
2019,616,92,8,72,9245,158,75
2022,1062,92,5,85,10450,138,75
2015,567,92,8,28,508,158,75
2023,1062,70,8,85,3009,156,75
2022,1079,69,0,0,11743,22,75
2023,829,53,0,9,9674,157,75
2018,1062,81,7,65,11006,85,75
2022,203,50,0,0,2081,158,60
2022,1062,60,0,85,6653,131,75
2018,1062,61,0,9,5613,158,75
2023,581,46,0,2,10176,76,70
2023,1062,54,0,72,7599,158,75
2022,956,56,3,85,7154,90,75
2021,1062,44,0,61,2761,158,75
2023,1062,51,8,85,9459,106,75
2014,1062,51,8,20,1851,8,75
2024,1062,56,0,85,11100,49,75
2023,578,48,4,85,8927,117,33
2020,1062,59,0,1,3053,85,75
2021,1062,23,0,85,2392,75,75
2016,116,92,4,63,10792,21,11
2022,1062,68,8,85,4878,39,75
2023,1062,56,0,85,2480,8,75
2021,805,47,0,0,3866,133,75
2023,1062,82,0,85,2364,138,75
2016,1062,72,0,61,8930,158,75
2022,1062,92,8,69,11108,154,75
2023,847,92,0,0,9701,118,75
2022,1062,62,0,9,2684,158,75
2023,858,65,0,0,9675,158,75
2021,1062,92,0,85,2956,6,75
2020,604,62,8,9,3989,69,34
2020,1062,62,0,42,5011,158,75
2021,1062,67,2,85,7837,140,75
2022,726,48,4,69,5947,80,60
2016,921,66,8,65,9453,129,75
2023,1133,52,0,9,7799,158,60
2021,1062,61,0,1,4386,158,75
2019,501,81,0,9,109,69,12
2021,955,61,0,9,10217,158,75
2023,1056,52,0,0,1792,156,75
2018,647,56,1,13,8176,158,16
2023,1062,39,0,85,3214,158,75
2018,1062,62,0,9,7427,158,75
2022,1062,61,0,85,4891,158,75
2022,668,51,0,0,7807,158,75
2020,1062,62,8,9,2429,158,75
2017,412,62,7,0,11174,154,60
2016,759,71,8,9,528,158,75
2016,928,51,8,9,7718,43,75
2023,1062,42,0,41,6907,158,75
2021,953,59,0,0,2243,41,73
2021,1062,92,0,0,10431,16,75
2023,691,52,0,9,3806,58,38
2017,1062,61,0,19,6331,158,75
2015,953,51,4,72,9996,158,68
2022,628,45,0,4,1401,96,67
2021,1062,62,0,37,11477,158,75
2016,157,92,8,72,4003,7,6
2021,1062,61,0,34,7000,151,75
2022,1062,51,7,72,11510,154,75
2020,1062,62,0,9,9895,158,75
2014,993,71,4,9,189,131,75
2022,1079,76,0,0,11743,89,75
2021,929,82,0,85,7788,146,63
2017,1027,92,8,63,11322,7,75
2015,783,92,4,63,4434,116,56
2022,1062,51,0,85,6705,30,75
2023,847,62,0,0,9706,6,75
2024,1062,44,0,42,3368,59,75
2021,1062,61,0,0,2426,158,75
2020,1062,62,8,9,10842,158,75
2022,516,52,7,0,3933,68,29
2014,965,31,8,72,8918,56,52
2023,423,83,0,0,8561,158,75
2023,762,35,0,0,9568,148,75
2022,1059,80,8,69,8880,49,74
2022,726,48,4,69,5964,117,60
2021,1062,59,2,85,2629,128,75
2022,1062,47,0,85,3372,157,75
2022,1062,56,8,85,1430,123,75
2023,1046,51,0,0,8067,158,75
2022,590,99,0,0,9209,25,60
2021,1062,62,0,9,6723,158,75
2019,1062,92,8,13,809,12,75
2022,1051,87,5,85,10022,105,77
2023,1062,62,8,41,1026,158,75
2021,880,59,2,0,11500,158,64
2022,1062,51,1,85,3107,158,75
2021,1062,61,0,43,3049,158,75
2020,1062,61,0,0,5324,158,75
2022,1062,61,8,41,3417,158,75
2019,1062,61,8,72,9304,157,75
2021,1062,51,0,37,169,109,75
2023,1062,42,3,85,3070,158,75
2021,599,47,0,0,5200,158,75
2019,748,92,7,33,3992,61,52
2018,1062,61,0,9,9565,158,75
2022,1062,33,6,85,8422,155,75
2022,1062,51,0,85,8065,156,75
2024,1062,92,8,63,6514,158,75
2015,112,81,4,9,4548,71,75
2015,508,31,7,12,7102,151,61
2016,742,81,8,72,6376,158,62
2022,1062,26,0,85,2696,116,75
2023,1062,66,2,85,9063,104,75
2023,784,48,0,9,9588,158,75
2022,634,61,0,0,396,12,75
2023,725,71,0,0,8872,45,75
2023,662,71,3,0,11092,158,75
2019,1062,54,8,42,1978,158,75
2019,1062,64,0,6,10717,154,75
2022,708,51,0,85,10615,133,75
2023,927,55,0,5,3497,59,75
2023,571,57,0,0,9158,146,75
2022,810,42,0,0,9661,77,65
2022,203,48,0,0,2081,158,60
2023,1062,52,0,9,8953,158,75
2023,1073,92,4,69,9757,157,60
2014,1062,54,8,9,3081,158,75
2023,846,61,0,8,9706,157,75
2021,1062,71,8,85,6046,158,75
2017,424,52,7,1,11172,152,60
2016,977,92,8,72,8056,158,2
2022,712,61,0,0,9056,158,75
2021,1062,92,8,63,8552,45,75
2018,797,31,8,72,9681,9,75
2023,1062,92,2,85,3099,157,75
2023,1062,61,0,72,7488,158,75
2015,401,61,2,64,1170,157,63
2021,1062,77,3,85,1812,17,75
2020,1062,61,8,63,2865,158,75
2022,894,43,0,0,7919,144,75
2022,1079,92,0,0,11743,136,75
2022,188,48,4,1,8351,15,8
2018,989,61,0,9,8642,158,77
2023,147,92,4,69,1574,133,60
2020,1062,62,8,42,1098,158,75
2022,1062,60,0,85,2336,158,75
2022,1062,92,0,85,8584,158,75
2023,628,58,1,85,10560,148,75
2016,48,71,8,72,4883,158,75
2015,1062,81,0,1,7628,157,75
2022,749,56,0,0,11908,137,69
2022,203,35,0,0,2081,55,60
2022,1062,62,0,0,2662,103,75
2020,1062,61,0,0,7499,158,75
2021,1062,61,8,85,8882,82,75
2019,1062,92,0,9,6210,158,75
2016,765,92,8,72,1207,115,55
2023,58,54,0,0,8387,8,60
2022,1062,55,8,85,1444,121,75
2022,147,45,4,69,1569,129,60
2016,1062,81,0,9,1649,158,75
2021,1062,86,1,85,10194,118,75
2023,251,47,0,9,7384,63,79
2021,1062,61,0,0,2231,158,75
2019,1062,55,2,65,3431,91,75
2022,1059,22,7,85,8292,11,74
2023,605,35,0,0,7929,28,75
2022,1020,67,0,0,7852,157,75
2021,651,56,0,13,187,158,66
2019,1062,81,8,9,11977,158,75
2017,10,54,7,76,154,158,75
2017,1062,92,3,9,10641,49,75
2020,7,51,8,42,96,157,75
2020,1062,52,0,9,2823,51,75
2016,1062,92,8,9,10466,158,75
2020,1062,62,0,9,4252,158,75
2017,1062,62,0,0,11953,158,75
2021,1062,51,2,85,9940,123,75
2022,1062,52,0,85,1933,28,75
2022,1062,92,3,41,5162,157,75
2020,1040,81,7,71,6629,10,74
2023,1133,62,0,9,10648,158,60
2022,314,38,0,0,2074,158,61
2016,1062,62,8,9,3951,158,75
2014,965,31,8,72,8918,56,52
2018,1062,81,2,9,10677,157,75
2019,1062,54,0,61,6095,158,75
2017,1062,81,0,9,2971,157,75
2022,1062,57,0,85,9671,92,75
2015,1062,54,8,9,6463,158,75
2023,1062,68,3,85,3577,158,75
2022,1079,41,0,0,11743,150,75
2014,1062,51,8,63,10367,158,75
2021,487,95,0,0,9473,49,60
2023,592,35,0,1,9105,70,75
2020,1062,83,0,0,6625,55,75
2021,307,50,0,0,3310,158,75
2022,212,43,0,0,1854,113,75
2023,1062,53,8,85,7990,156,75
2016,1062,92,8,63,5532,8,75
2023,1062,26,0,85,2617,40,75
2015,1062,81,0,9,11670,158,75
2017,1062,62,0,0,3361,158,75
2019,1062,92,0,0,3708,158,75
2022,1062,52,3,9,5636,154,75
2016,844,81,0,12,10726,158,75
2015,523,61,8,9,4750,158,75
2021,1062,48,0,85,11243,25,75
2015,1062,81,8,72,101,12,75
2022,1079,72,0,0,11743,157,75
2022,1062,71,0,85,9433,158,75
2020,1062,51,8,63,9433,157,75
2022,1079,61,0,0,11743,9,75
2021,1062,91,8,85,5855,158,75
2021,1089,22,0,0,6142,107,60
2021,1062,60,1,85,6364,124,75
2017,1062,71,0,9,2255,117,75
2023,463,69,0,9,8616,158,75
2021,1062,53,8,85,2267,157,75
2021,538,86,0,5,1898,145,61
2014,675,92,7,72,9421,153,51
2021,1062,72,4,85,10341,102,75
2014,416,81,8,72,10783,116,28
2016,1062,51,8,9,1474,45,75
2021,1062,47,8,85,6350,64,75
2016,1062,81,2,72,5043,158,75
2021,757,92,0,6,9387,69,75
2023,1062,72,5,85,8898,114,75
2016,604,51,8,9,5222,69,34
2015,653,92,8,9,1732,10,6
2018,1062,81,8,72,8712,143,75
2023,352,46,0,0,8692,69,75
2023,304,33,0,0,8989,59,75
2020,1062,92,8,9,917,158,75
2016,1023,92,8,63,408,7,71
2022,203,42,0,0,2081,158,60
2016,419,68,5,63,10226,84,40
2022,1062,52,0,0,1956,21,75
2014,840,92,8,9,9024,151,71
2016,680,51,8,9,5730,154,74
2023,1062,61,6,85,9736,123,75
2015,518,92,8,9,10012,157,35
2015,119,57,4,67,4481,68,52
2021,997,77,0,2,1768,158,75
2018,1062,62,0,9,6211,158,75
2020,792,57,0,1,9825,149,61
2014,1033,61,8,0,11368,28,75
2022,1062,92,0,0,10979,93,75
2023,1062,84,5,85,7954,155,75
2017,1062,92,3,42,10346,155,75
2019,1062,51,8,63,691,135,75
2023,1062,61,0,85,9685,158,75
2022,1018,87,0,85,7558,153,73
2018,1062,81,8,9,1853,8,75
2020,1062,58,0,0,11356,37,75
2020,1062,62,8,9,343,61,75
2023,1062,54,0,85,3364,157,75
2022,1098,39,3,85,9361,154,63
2022,1079,21,0,0,11743,158,75
2015,1062,81,8,63,12073,61,75
2015,413,22,7,66,4407,154,60
2019,1062,34,0,21,8033,142,75
2018,1062,71,0,9,2245,157,75
2022,558,48,4,69,4929,158,60
2023,1062,81,5,85,8877,20,75
2014,66,92,4,9,1762,109,52
2017,762,71,0,0,1059,155,45
2020,1062,54,0,64,3181,158,75
2015,783,92,6,72,11175,78,40
2015,1062,42,0,9,2744,158,75
2016,167,52,8,63,11326,9,5
2022,1062,83,6,85,262,142,75
2021,1062,80,2,0,8514,104,75
2021,1062,50,4,85,3884,157,75
2015,787,71,8,9,488,158,75
2020,1062,92,3,14,11325,64,75
2016,1062,44,0,61,1288,158,75
2022,777,51,2,85,7866,68,50
2020,913,61,8,13,4679,157,75
2022,708,54,3,85,7331,123,60
2022,1062,45,0,85,2398,67,75
2020,1062,62,0,42,4195,158,75
2022,1062,27,0,85,2247,123,75
2019,1062,88,0,0,8505,158,75
2022,687,66,5,85,10740,45,46
2022,1062,52,0,85,1350,41,75
2023,1062,50,0,85,2830,120,75
2023,1133,54,0,9,11892,158,60
2020,256,52,0,1,4717,68,32
2022,1062,35,1,85,2220,146,75
2019,616,52,0,11,7760,158,65
2021,1062,56,5,85,2406,81,75
2022,393,31,0,0,4047,123,75
2022,1062,62,0,9,3429,158,75
2014,1062,51,8,9,6389,69,75
2015,653,92,8,9,1730,10,6
2015,50,92,8,9,90,155,75
2021,830,22,7,83,5739,61,16
2022,1062,57,0,85,2772,157,75
2022,726,48,4,69,6018,86,60
2021,521,86,2,1,6752,122,15
2022,1062,51,4,72,10789,123,75
2014,764,51,7,63,637,146,64
2021,1062,61,0,63,7442,157,75
2017,1062,51,0,9,305,28,75
2023,1062,51,8,85,8449,157,75
2022,1062,54,0,41,3086,158,75
2022,726,92,4,69,5978,117,60
2019,1062,58,0,11,11677,158,75
2022,1062,36,3,85,2123,122,75
2015,687,92,8,73,4547,113,75
2016,1062,51,0,42,5310,158,75
2016,1172,81,8,9,6558,28,75
2021,1062,55,0,0,2320,158,75
2020,1062,89,5,72,3981,113,75
2021,745,85,0,4,1923,43,60
2022,1079,59,0,0,11743,12,75
2021,1062,92,0,0,9257,158,75
2018,1062,92,0,9,10671,158,75
2022,840,43,0,85,9881,108,75
2023,1077,62,0,1,5370,158,62
2020,607,61,0,1,11230,158,75
2020,1062,92,8,63,11071,9,75
2019,1062,62,0,9,6724,158,75
2022,743,32,0,0,9035,95,70
2022,1062,92,0,85,8751,158,75
2021,1062,62,0,1,6916,158,75
2020,1062,31,8,9,4627,158,75
2023,1062,62,0,85,5038,158,75
2022,552,44,0,9,4895,69,75
2019,1062,92,0,0,6311,158,75
2014,131,51,4,63,1557,107,51
2021,599,52,0,0,5200,158,75
2021,1062,54,8,85,3085,158,75
2022,693,63,0,85,10543,133,75
2021,778,39,0,1,8511,132,75
2021,1062,35,1,85,633,71,75
2024,538,31,0,7,7545,67,75
2021,1062,64,0,85,4521,158,75
2017,691,62,0,0,898,62,38
2022,754,92,5,85,9671,116,50
2023,1062,74,1,85,8181,120,75
2021,907,80,6,85,8795,36,61
2022,800,14,0,0,9642,61,75
2022,1062,58,6,85,6715,127,75
2022,806,92,0,0,9656,158,75
2017,691,44,0,0,5469,131,38
2022,1062,62,0,85,6325,118,75
2021,1062,92,0,85,3830,79,75
2017,1062,52,0,9,8441,77,75
2016,851,92,8,72,11347,61,27
2021,1062,30,3,85,2832,103,75
2021,1062,47,1,85,2157,127,75
2022,1062,62,8,85,5714,158,75
2022,210,36,0,0,8026,64,62
2022,592,52,0,0,4961,157,75
2022,58,54,0,0,970,158,60
2020,428,51,7,72,3787,117,8
2022,203,23,0,0,2081,158,60
2021,1062,62,8,85,6020,158,75
2016,157,92,8,72,4003,7,6
2021,1069,37,0,0,5845,158,73
2020,1062,81,8,63,10855,155,75
2019,1083,86,0,52,10149,136,62
2022,1062,61,0,85,9305,158,75
2021,1062,62,0,1,1843,158,75
2023,1121,51,0,0,2556,157,60
2020,953,51,8,42,9999,158,68
2021,1146,71,0,54,5317,155,75
2022,1128,52,0,0,7989,158,61
2017,1062,82,4,49,11621,155,75
2022,809,49,3,51,5918,103,63
2021,276,31,0,0,3108,158,75
2016,38,54,8,9,12094,158,75
2022,726,63,4,69,6022,121,60
2015,801,50,8,65,4004,120,46
2021,1062,81,8,9,10302,123,75
2023,1062,52,0,41,6282,140,75
2022,58,61,0,0,6093,158,60
2018,1062,52,0,9,1453,155,75
2014,698,71,8,67,10292,109,51
2020,1062,50,8,85,1400,157,75
2020,1062,51,8,85,8859,45,75
2016,653,92,8,63,4008,10,6
2022,806,63,0,0,9656,80,75
2022,58,11,0,0,970,158,60
2015,1062,52,8,9,4157,158,75
2022,1062,52,0,85,11262,158,75
2020,641,92,3,9,4021,44,16
2015,378,61,7,1,3371,156,77
2015,1062,72,0,61,3971,158,75
2022,1062,23,1,85,3504,67,75
2018,997,55,0,2,5308,158,75
2022,1062,92,3,85,9048,158,75
2022,1062,61,0,9,2034,158,75
2021,571,82,0,4,2073,158,64
2019,719,71,8,9,355,158,78
2022,1168,48,4,69,4654,63,74
2024,1062,71,0,42,7244,158,75
2018,1062,48,0,0,3523,157,75
2023,1062,53,0,9,4955,158,75
2020,1062,62,8,9,1926,158,75
2022,1062,72,0,85,4753,158,75
2022,147,48,4,69,1570,117,60
2017,412,92,7,0,11174,154,60
2022,858,92,4,69,7305,94,60
2022,1062,69,7,85,5216,33,75
2019,1062,71,8,9,2092,158,75
2020,1062,61,8,0,7416,25,75
2022,1062,92,8,69,9510,41,75
2023,1062,74,2,85,7718,157,75
2023,1062,52,0,85,11188,158,75
2017,994,79,4,42,10910,100,75
2017,1062,71,8,63,11013,158,75
2024,815,92,4,9,431,123,75
2021,1062,86,1,85,7026,48,75
2017,1062,81,2,9,3432,158,75
2019,1062,54,0,0,7958,158,75
2018,1062,62,0,9,6119,158,75
2016,135,92,4,72,4537,5,58
2017,989,81,0,9,8698,158,77
2023,1062,52,0,85,4635,158,75
2023,1062,56,5,85,3941,158,75
2020,599,51,0,0,5201,158,75
2023,549,78,0,0,7677,137,73
2022,1062,51,0,41,2609,158,75
2020,1062,52,0,9,1251,69,75
2022,1062,63,0,85,9452,155,75
2021,1062,62,0,9,2312,158,75
2022,445,21,4,9,6805,27,75
2020,913,61,8,13,4670,158,75
2022,1062,62,0,0,11923,158,75
2022,1062,51,8,85,1327,47,75
2020,490,92,0,1,8737,158,60
2021,1062,22,0,54,2205,157,75
2021,205,14,0,0,11368,158,60
2022,1062,62,0,85,8956,155,75
2019,1062,51,3,42,5712,152,75
2015,284,92,8,72,8673,48,75
2022,1062,55,1,85,2712,158,75
2022,519,55,0,0,3430,148,72
2021,1062,75,5,85,10553,157,75
2015,1062,61,8,9,10229,158,75
2020,896,81,4,37,9818,147,68
2022,381,53,0,0,3158,129,60
2017,1062,81,8,72,961,8,75
2020,814,62,0,1,17,158,60
2021,356,99,3,85,6938,143,16
2020,1062,54,0,64,5408,8,75
2022,839,53,0,0,3150,69,75
2021,1062,61,8,85,7742,158,75
2023,1062,62,0,9,2743,158,75
2023,107,56,4,9,1546,68,75
2024,1062,92,0,0,10430,158,75
2014,1062,54,8,63,11517,158,75
2021,924,61,0,0,3117,158,75
2021,1012,52,0,0,6242,139,75
2023,1058,48,4,63,9766,123,74
2023,1062,86,1,85,2160,135,75
2016,962,92,8,28,5444,136,65
2021,103,92,0,9,3918,6,75
2022,827,92,0,0,9677,21,75
2020,525,81,3,42,945,158,38
2023,1062,52,0,85,1087,158,75
2016,1062,48,0,9,1924,50,75
2021,599,42,0,0,5199,59,75
2020,552,75,0,1,5832,95,68
2023,1062,77,8,85,9001,40,75
2017,1062,44,0,9,5721,65,75
2022,331,52,0,9,2910,146,75
2019,955,61,0,0,5268,103,75
2020,336,54,8,9,7316,123,60
2022,789,52,6,71,3574,156,69
2018,1062,92,0,9,10523,158,75
2023,1062,69,0,85,7941,121,75
2024,84,54,0,0,3486,44,75
2015,953,51,8,9,10866,158,68
2015,1055,81,8,72,642,158,69
2021,930,47,0,0,788,140,75
2020,1062,99,0,0,11476,158,75
2023,1062,33,0,85,2852,158,75
2020,1062,62,0,0,3451,158,75
2016,545,92,8,9,4988,84,75
2021,1062,54,1,42,6950,123,75
2022,1062,88,8,85,2361,111,75
2019,1062,61,0,0,5670,158,75
2023,933,61,0,0,9128,158,75
2017,1062,62,0,9,6655,157,75
2019,1062,54,8,9,6485,45,75
2023,1062,35,0,85,6973,158,75
2015,137,92,4,63,10617,25,14
2023,73,92,8,85,7099,104,75
2022,648,51,4,69,5551,158,60
2023,1062,54,8,85,2265,69,75
2022,1062,51,7,63,11855,154,75
2021,490,52,0,0,4623,158,60
2022,1062,52,0,41,2701,158,75
2018,1062,72,0,9,10662,158,75
2021,1062,49,7,85,11264,125,75
2024,1062,92,0,72,8638,29,75
2023,58,62,0,0,5200,158,60
2019,1062,51,8,63,11328,151,75
2023,1062,54,8,85,3268,158,75
2023,1053,90,0,8,8556,158,75
2015,363,81,4,28,6360,155,78
2014,691,71,7,32,11172,158,38
2022,1062,90,2,85,5472,32,75
2021,806,81,0,0,9656,158,75
2022,1079,52,0,0,11743,89,75
2016,862,44,8,9,7338,158,75
2022,1062,54,4,9,1363,68,75
2020,1062,52,0,9,2820,45,75
2021,1062,82,5,85,9801,129,75
2020,1062,92,8,63,630,52,75
2021,1062,68,8,85,5030,158,75
2022,1062,78,0,85,5708,158,75
2021,1062,61,8,85,10253,158,75
2022,972,86,7,85,10492,106,71
2020,1089,61,0,1,10990,158,60
2020,742,81,8,72,10081,158,62
2023,545,59,0,6,11914,121,75
2023,1062,51,8,85,10019,157,75
2021,1062,88,8,85,4905,149,75
2020,1062,48,8,9,10535,103,75
2021,1062,92,0,9,2313,158,75
2022,153,43,2,4,1806,111,67
2019,1062,54,8,9,10984,157,75
2020,1062,48,0,9,5175,31,75
2017,1062,62,0,0,5766,158,75
2023,58,62,0,0,8158,158,60
2016,1062,54,8,9,9504,158,75
2018,1062,92,0,0,3573,158,75
2023,1062,46,4,85,1845,158,75
2022,1062,75,3,85,9623,103,75
2022,1062,60,0,85,9230,75,75
2021,514,40,5,0,3619,23,63
2015,112,51,4,72,1406,158,75
2023,1062,52,0,9,3091,157,75
2021,1062,62,8,85,6123,158,75
2020,910,92,1,10,9080,156,71
2014,1062,54,8,9,10973,35,75
2023,801,51,4,85,9496,151,75
2017,691,21,0,0,898,28,38
2015,1062,61,8,72,10253,158,75
2022,1062,26,0,85,2239,108,75
2020,323,31,0,1,1083,65,74
2020,821,48,0,1,11462,158,75
2021,1062,72,0,54,8906,45,75
2021,795,75,4,69,9939,154,62
2022,1062,92,4,0,7312,123,75
2016,1062,81,8,63,11925,155,75
2023,1062,52,0,9,1033,27,75
2022,1062,45,5,85,2713,122,75
2016,545,92,8,9,4987,158,75
2021,1062,31,0,0,2895,25,75
2020,1062,51,0,9,337,158,75
2019,1062,67,8,16,10120,158,75
2014,1062,52,0,9,3111,155,75
2017,1062,79,0,21,8550,52,75
2022,58,49,0,0,970,38,60
2020,599,42,0,0,5201,158,75
2023,828,99,0,0,9678,158,75
2023,571,92,4,85,8256,26,36
2021,814,44,0,1,6820,157,60
2015,262,44,8,9,258,158,75
2021,1062,61,4,85,3003,158,75
2022,558,92,4,69,4942,158,60
2022,1059,22,7,85,8294,10,74
2023,1133,54,0,9,8327,157,60
2021,963,43,7,85,6710,149,66
2021,1062,92,1,85,7145,129,75
2021,895,92,7,63,8792,58,75
2020,1063,61,0,0,10795,151,75
2020,1062,92,0,0,3164,158,75
2023,704,52,0,0,11000,149,75
2023,832,61,0,0,2127,158,74
2019,1062,51,7,63,9884,92,75
2021,1062,61,0,9,8124,158,75
2021,1062,51,4,72,626,137,75
2022,1079,61,0,0,11743,157,75
2020,492,61,1,1,7771,158,75
2022,1062,71,8,85,6313,113,75
2023,847,62,8,85,7619,158,75
2022,1062,51,0,85,1631,158,75
2021,1062,92,5,85,4191,158,75
2023,1062,31,8,69,10413,118,75
2022,1062,57,5,85,1477,60,75
2021,410,84,0,0,9675,79,60
2021,1062,86,0,85,7131,27,75
2022,644,67,0,0,9111,54,75
2018,1062,62,0,9,7860,158,75
2023,1062,52,0,85,11551,158,75
2022,1079,81,0,0,11735,136,75
2023,1044,92,0,4,10550,155,74
2023,559,68,2,85,8658,56,46
2015,269,92,8,9,2778,158,78
2022,1062,72,4,85,7936,145,75
2022,477,72,4,69,4257,123,74
2022,1062,23,0,85,2398,82,75
2022,1079,32,0,0,11736,139,75
2022,558,52,4,69,4933,157,60
2022,1062,61,0,85,9514,158,75
2020,762,92,3,19,9266,155,68
2018,1062,92,0,9,3551,158,75
2023,1133,51,0,0,11796,158,60
2016,1062,31,0,42,3400,71,75
2016,1094,54,8,9,498,158,75
2017,1062,54,0,9,11729,158,75
2023,1062,33,0,86,2762,69,75
2021,1062,22,0,1,7549,158,75
2021,647,99,1,9,7009,61,16
2022,1062,73,4,85,8586,102,75
2022,1062,58,2,85,5264,120,75
2017,860,62,3,0,620,25,54
2023,1057,70,2,85,9733,42,75
2021,1062,57,1,85,9465,52,75
2023,592,92,0,0,9198,69,75
2023,1062,79,0,85,7670,158,75
2020,1062,81,8,9,11470,158,75
2022,1062,54,0,9,1128,158,75
2023,1057,75,0,0,10037,117,63
2015,1062,81,8,9,980,25,75
2021,955,61,0,9,10218,158,75
2015,1062,62,8,9,7857,158,75
2014,327,92,8,9,10616,155,75
2022,615,25,0,8,9220,75,75
2019,1062,44,0,61,2733,158,75
2022,1062,31,0,85,5653,158,75
2024,925,51,0,72,6330,136,75
2014,1062,51,8,28,6270,158,75
2022,203,54,0,0,2081,158,60
2023,58,59,0,2,8171,158,60
2015,1062,51,0,9,7475,61,75
2017,691,61,0,0,898,69,38
2022,629,39,4,69,4208,105,74
2020,1062,92,0,0,2122,158,75
2020,1062,92,1,15,8334,130,75
2020,552,54,0,9,11383,158,75
2022,65,71,0,0,5265,158,60
2022,1062,52,0,9,6750,157,75
2023,1062,62,0,9,2705,158,75
2017,1062,80,5,40,7372,158,75
2022,1062,92,5,85,9064,158,75
2021,1062,92,0,85,4290,59,75
2016,1062,71,8,72,4890,157,75
2020,1062,62,0,9,6744,158,75
2022,558,92,4,63,6737,22,60
2014,1062,61,8,9,1442,158,75
2022,606,61,0,0,5203,158,75
2021,1062,92,8,85,9412,50,75
2016,1062,62,8,9,11040,61,75
2019,1062,92,0,42,683,158,75
2022,1062,71,0,41,539,158,75
2022,1062,56,0,85,8591,39,75
2022,1062,88,8,85,2381,116,75
2017,412,51,7,0,11174,154,60
2021,1062,69,0,85,7020,84,75
2022,639,60,4,52,3177,111,62
2021,1062,61,5,85,11677,158,75
2022,988,69,1,85,7550,155,52
2022,1062,81,8,85,409,158,75
2022,457,51,0,4,9479,160,60
2021,1062,62,0,1,6402,158,75
2015,470,48,8,9,476,157,75
2016,1062,81,8,9,1670,158,75
2016,424,92,4,72,4099,0,78
2022,1062,48,0,85,2356,157,75
2022,1062,62,0,0,4255,158,75
2023,58,52,0,9,7492,162,60
2022,1079,61,0,0,11740,45,75
2021,599,31,0,0,5201,158,75
2020,807,78,3,4,9336,84,75
2021,1062,31,0,0,3243,49,75
2021,1062,80,8,85,653,154,75
2023,870,22,3,41,9755,158,16
2023,330,73,0,0,8790,43,67
2023,58,62,0,9,1287,158,60
2023,764,48,7,84,1859,8,16
2020,1062,57,4,38,9600,119,75
2022,203,42,0,0,1934,49,60
2020,943,33,5,78,9599,135,69
2020,1062,88,0,0,9298,23,75
2021,1062,92,0,9,10460,45,75
2022,558,48,4,69,4944,157,60
2023,1062,72,8,9,2863,25,75
2023,592,42,0,0,10983,93,75
2017,1062,92,8,63,129,139,75
2021,1062,61,0,28,8492,158,75
2020,703,53,0,1,2834,145,75
2023,1062,65,1,85,9291,41,75
2014,953,92,4,72,9990,126,68
2022,1062,57,0,85,9891,125,75
2021,1062,54,0,37,5374,158,75
2022,112,52,4,61,8248,15,75
2021,1062,99,0,0,695,103,75
2021,1062,68,0,85,4401,158,75
2022,1062,72,0,85,9497,137,75
2023,1062,44,0,9,1293,158,75
2022,1062,53,6,85,8882,31,75
2023,1062,61,0,0,9249,157,75
2023,203,51,0,9,1277,158,60
2016,221,52,8,9,10059,137,75
2019,1062,92,2,17,8142,121,75
2021,854,82,0,4,7814,158,75
2021,1062,48,0,6,5359,158,75
2020,1062,31,0,0,3199,158,75
2016,112,92,4,63,8275,126,75
2022,1062,92,0,85,8424,22,75
2023,643,62,0,7,9491,151,75
2022,1062,61,0,85,9368,158,75
2022,511,59,0,0,676,158,75
2021,527,69,0,0,2750,149,75
2016,179,53,0,28,411,158,75
2019,1062,61,0,42,1854,8,75
2020,1062,78,0,32,3127,150,75
2022,1062,29,1,16,3203,71,75
2022,956,60,0,0,9658,110,75
2018,412,92,7,66,6785,77,60
2021,670,79,0,0,1399,72,74
2022,1062,51,0,9,6834,158,75
2015,111,81,8,9,8232,68,75
2021,410,45,0,0,9675,158,60
2024,1062,52,7,63,5598,154,60
2021,172,61,0,1,7711,158,60
2018,1062,62,0,42,3869,158,75
2022,1062,61,0,85,5729,158,75
2017,112,92,4,9,4098,158,75
2022,486,59,4,69,4316,123,74
2017,1062,61,0,9,11987,131,75
2018,1062,92,0,13,231,25,75
2023,1057,36,0,85,7752,67,71
2022,932,92,4,72,1643,15,75
2022,726,56,4,69,5937,117,60
2015,1164,51,8,9,6811,158,75
2022,133,57,4,66,1128,71,66
2022,1062,55,8,85,11543,157,75
2014,611,92,4,72,1917,158,78
2020,754,70,7,69,4060,134,62
2021,1062,92,8,63,8867,45,75
2020,642,77,0,0,826,95,68
2022,1062,61,0,0,5976,158,75
2022,1062,59,0,85,8896,58,75
2021,1062,51,4,85,2394,89,75
2016,1062,92,8,80,4553,116,75
2020,1062,61,8,63,5492,158,75
2022,1062,52,0,85,4036,158,75
2016,111,92,8,36,8231,158,75
2018,1127,62,8,9,3903,158,75
2019,1062,52,8,9,1273,158,75
2018,1062,56,0,9,4070,158,75
2022,1062,35,8,85,8512,32,75
2022,1062,53,0,85,9722,158,75
2022,864,66,0,0,8799,120,75
2021,1062,61,0,85,4376,157,75
2023,334,31,0,5,8776,47,69
2021,1062,71,0,1,7826,71,75
2022,203,53,0,0,2081,156,60
2023,1062,92,0,85,8585,93,75
2017,1022,55,4,39,570,124,58
2021,625,92,0,1,8628,122,75
2023,1062,54,8,9,966,158,75
2021,1062,81,0,85,3946,102,75
2020,1062,57,8,85,8811,62,75
2020,322,44,0,1,3885,150,60
2020,1006,54,0,1,4470,137,75
2022,1062,88,1,85,7661,138,75
2021,1062,92,4,85,8457,89,75
2018,1062,71,0,9,4728,69,75
2022,1062,51,8,9,11179,158,75
2021,935,31,0,1,8021,143,75
2020,869,92,3,9,8723,158,60
2014,1062,54,0,61,2246,158,75
2023,1062,51,7,85,9439,108,75
2017,1062,54,0,9,9976,65,75
2014,157,92,4,72,6260,7,6
2020,869,62,3,9,3546,158,60
2022,858,44,0,85,9939,103,75
2014,1089,76,8,68,377,86,29
2021,1062,54,0,9,3978,158,75
2023,1062,41,0,85,6517,158,75
2022,599,92,0,0,5201,158,75
2017,1062,99,0,9,2406,157,75
2021,653,86,0,6,9468,56,64
2021,1062,78,6,85,1844,19,75
2022,1062,49,3,85,2433,104,75
2022,1062,22,0,85,2335,74,75
2015,878,51,8,63,3800,157,67
2021,564,56,0,5,4180,158,60
2023,691,54,3,9,3780,49,38
2021,1062,62,3,85,6644,36,75
2017,1062,61,0,0,7526,158,75
2016,653,92,8,9,4008,10,6
2023,824,61,0,2,4050,158,75
2016,696,78,5,69,1663,57,28
2024,1062,92,0,0,10440,158,75
2022,815,74,5,85,9827,117,56
2019,1062,62,0,42,7495,158,75
2022,1062,62,0,9,9294,158,75
2018,644,48,1,9,7478,158,16
2024,1062,52,0,85,7712,77,75
2021,381,99,0,54,2932,158,60
2022,1062,60,0,85,11112,21,75
2023,784,51,0,0,9614,140,75
2023,160,45,0,3,7642,99,75
2022,755,92,4,66,7310,115,60
2018,1062,48,0,9,2413,28,75
2022,785,53,0,0,7342,105,75
2023,252,61,0,9,9246,158,60
2020,814,62,0,1,9663,157,60
2015,107,92,4,72,10404,158,75
2022,1062,52,0,85,1365,155,75
2020,1062,88,6,0,704,158,75
2023,919,56,0,0,9910,153,75
2022,558,92,4,63,9748,158,60
2023,1133,62,0,9,8498,158,60
2020,1089,42,0,1,7825,140,60
2022,929,81,0,85,10482,114,75
2021,1062,61,0,85,4377,157,75
2020,1062,62,8,42,6697,158,75
2022,1079,59,0,0,11743,158,75
2023,1062,88,2,85,7774,156,75
2023,883,64,0,0,5483,158,75
2022,1062,92,2,85,10291,124,75
2022,58,31,0,0,2087,45,60
2015,360,51,8,9,3237,158,75
2021,1062,92,3,85,3774,111,75
2022,1062,27,4,85,4006,116,75
2023,888,80,0,4,9232,122,75
2019,1062,61,0,2,716,157,75
2021,920,75,1,72,11389,143,75
2018,1062,66,3,34,650,81,75
2021,1062,48,0,85,9673,35,75
2016,848,66,5,63,3994,142,74
2022,1062,59,0,85,2242,158,75
2020,1062,61,0,9,9880,157,75
2019,1062,81,8,13,7082,158,75
2022,1062,71,0,54,1295,158,75
2022,585,52,4,69,130,107,60
2023,1073,56,0,0,7529,95,75
2015,63,92,3,13,11759,24,81
2020,1062,30,8,85,2015,129,75
2022,112,51,4,72,1617,123,75
2020,1062,61,5,0,9186,158,75
2015,1062,81,0,1,7628,157,75
2022,1062,29,1,85,2456,89,75
2022,1138,51,0,9,11336,158,75
2023,211,53,0,0,1954,155,60
2020,1062,62,0,1,12068,25,75
2019,1062,88,8,10,86,137,75
2023,1062,62,0,41,5030,158,75
2022,1098,57,0,0,2432,81,67
2021,1062,72,0,85,4034,126,75
2020,1062,72,8,0,2579,158,75
2023,784,35,0,0,9549,158,75
2021,1062,51,0,85,10682,106,75
2015,779,51,8,9,81,158,75
2022,599,52,0,0,5195,158,75
2023,1062,86,3,85,7839,156,75
2021,1062,49,3,85,6287,110,75
2024,1062,92,0,0,2230,158,75
2023,1062,59,4,85,8978,48,75
2019,1062,92,3,13,10640,154,75
2022,1062,86,6,85,3779,158,75
2021,1062,27,0,0,3248,49,75
2022,887,78,0,85,10493,118,75
2014,1062,81,0,42,1983,158,75
2021,1062,62,2,85,11229,61,75
2016,412,66,7,30,11288,154,60
2015,1062,51,8,72,674,132,75
2023,544,72,2,85,8572,46,43
2014,942,31,1,9,10166,158,16
2022,726,22,4,69,5951,86,60
2021,1062,55,8,85,2280,157,75
2022,541,78,0,0,9111,157,68
2021,329,54,0,72,6393,158,75
2022,1079,60,0,0,11743,90,75
2022,763,81,4,69,9807,154,60
2015,1062,48,0,9,7339,65,75
2017,1062,62,0,9,275,158,75
2022,915,42,0,57,9489,57,75
2023,1062,72,3,85,7737,157,75
2023,1062,92,0,85,10300,153,75
2017,691,92,0,0,898,61,38
2022,1062,72,0,9,4605,28,75
2023,1004,51,4,69,4121,111,75
2023,1062,61,0,0,11139,157,75
2016,1106,89,6,56,489,137,75
2023,153,61,4,71,11097,68,66
2022,1062,51,8,69,11058,123,75
2020,679,61,0,1,9404,158,60
2023,393,58,0,0,11257,158,75
2022,1062,37,8,85,2196,145,75
2014,1062,92,8,63,7546,158,75
2022,1026,52,1,85,6856,47,75
2022,550,37,0,1,6916,155,67
2017,1062,54,8,70,5252,158,75
2022,1062,83,8,85,3317,158,75
2023,1079,61,0,0,10323,157,75
2022,435,31,0,23,2255,158,64
2019,836,76,0,28,5750,134,65
2022,1062,80,8,85,8141,151,75
2022,1062,44,0,9,2250,158,75
2016,1062,52,0,9,25,158,75
2022,592,72,0,0,7271,69,75
2019,1062,61,0,9,9562,158,75
2022,1062,61,0,85,10226,70,75
2022,1062,49,4,85,2002,119,75
2023,1062,54,7,85,8330,8,75
2022,923,22,0,0,7361,158,75
2022,1062,57,6,85,2587,80,75
2023,1062,29,0,85,2658,51,75
2023,1062,48,0,85,10539,69,75
2021,1062,54,0,85,9618,94,75
2022,858,48,4,69,7298,25,60
2017,1003,56,0,24,5261,41,75
2022,599,44,0,0,5197,158,75
2017,1062,92,7,9,4788,158,75
2021,1062,37,0,85,182,71,75
2020,829,62,0,9,11707,44,75
2021,992,38,1,3,5445,156,75
2021,1062,52,0,85,8176,15,75
2021,599,31,0,0,5201,158,75
2021,1062,44,0,0,11596,122,75
2022,923,62,0,0,7361,25,75
2017,691,61,0,0,898,28,38
2021,433,62,0,0,8885,143,65
2022,1062,64,0,85,11272,105,75
2020,1062,92,8,0,2319,158,75
2022,806,36,0,0,9656,158,75
2022,1062,47,0,0,5311,158,75
2021,935,92,0,1,9686,69,75
2022,375,22,0,0,1255,69,75
2021,1062,61,3,85,11779,158,75
2022,1079,62,0,0,11743,8,75
2017,1062,52,0,9,3687,71,75
2015,363,81,4,28,6360,155,78
2021,1062,92,1,85,4501,53,75
2021,1062,81,0,9,6399,8,75
2021,1062,62,0,42,3398,158,75
2021,758,61,0,1,11778,158,75
2022,1062,50,0,85,9008,155,75
2022,1062,92,0,85,10451,120,75
2023,868,62,0,9,5114,158,72
2022,1062,83,0,85,9034,134,75
2023,1062,62,0,85,5674,158,75
2023,1062,61,3,85,8946,140,75
2022,1062,92,7,85,3697,155,75
2022,295,44,0,0,3022,102,60
2022,1012,92,4,71,11044,150,60
2015,589,92,8,63,9167,157,75
2022,599,75,0,0,5199,155,75
2022,1079,53,0,0,11743,158,75
2023,426,92,4,0,4510,15,75
2023,1062,61,5,85,7130,102,75
2020,172,23,0,9,10590,155,60
2018,779,50,3,35,11477,156,68
2019,911,52,0,61,11202,13,75
2023,1062,86,6,85,8884,18,75
2022,1062,84,1,85,6763,158,75
2020,607,52,0,1,9273,158,75
2021,1062,92,2,85,9737,115,75
2022,1062,52,0,9,5318,155,75
2020,779,56,0,1,6406,158,75
2022,1059,53,1,23,9614,146,74
2023,719,35,0,5,9451,72,69
2017,703,51,0,0,892,127,39
2021,1062,59,0,85,10427,28,75
2020,723,52,0,9,9576,116,56
2023,400,48,0,0,1896,142,63
2020,1062,61,8,0,4964,25,75
2023,1062,51,2,85,2323,158,75
2022,1062,92,5,85,9961,114,75
2023,1062,62,8,41,2364,158,75
2018,1062,81,8,72,3147,25,75
2022,738,92,5,66,10457,154,60
2021,1062,51,8,85,6459,158,75
2020,1062,44,0,42,5802,158,75
2017,874,81,2,18,6882,143,48
2022,1062,52,8,85,1303,44,75
2023,315,52,0,6,11228,120,75
2021,1062,71,5,85,10948,113,75
2020,1062,62,8,85,8774,76,75
2016,1062,66,5,60,9471,118,75
2021,1062,76,2,85,6621,59,75
2015,123,92,4,72,1646,28,75
2022,1062,56,0,41,11865,158,75
2018,691,52,3,13,4877,155,38
2021,1062,61,2,21,10271,157,75
2014,1062,81,8,72,10970,158,75
2023,1062,44,0,85,3619,158,75
2017,691,66,0,15,898,133,38
2021,1062,61,8,85,8897,79,75
2022,1062,89,8,85,310,158,75
2022,1062,60,0,85,4057,158,75
2021,1089,53,0,0,8659,25,60
2021,814,48,0,1,1733,158,60
2022,1062,92,3,41,6924,61,75
2023,376,46,0,3,5429,22,75
2020,814,51,0,0,5313,158,60
2021,1062,29,8,85,3942,87,75
2022,1062,81,2,85,6757,158,75
2022,147,92,4,69,9834,154,60
2016,872,92,0,14,4753,125,71
2016,953,52,6,48,3429,128,75
2022,681,65,0,0,9264,129,75
2022,1062,61,0,0,8092,158,75
2023,516,54,7,0,9061,68,29
2020,1062,62,0,1,5279,158,75
2017,1062,54,8,0,3954,154,75
2021,1062,59,0,0,11554,158,75
2023,1069,61,0,8,9119,158,73
2022,200,62,0,0,2541,158,75
2014,1062,71,8,9,10976,158,75
2023,745,59,0,0,8386,148,66
2023,1079,61,8,0,5113,158,75
2015,1062,81,2,72,12079,158,75
2016,1062,54,8,9,2967,158,75
2016,135,92,4,72,4537,5,58
2022,737,54,4,69,6163,154,63
2022,1062,24,1,85,3582,75,75
2022,1062,81,0,0,8302,49,75
2021,876,92,0,9,3921,68,75
2023,1062,87,0,85,8819,89,75
2022,726,87,4,69,6042,121,60
2023,883,84,0,0,8503,63,75
2022,1062,87,0,85,9620,42,75
2020,513,81,3,14,9053,35,29
2022,492,51,4,69,4367,123,74
2022,1062,62,0,0,5690,158,75
2023,592,92,0,0,8527,158,75
2021,1062,52,0,1,8341,158,75
2021,1062,44,8,85,6491,49,75
2022,58,22,0,1,7070,155,60
2022,1062,61,0,41,7867,158,75
2020,490,61,0,25,11828,158,60
2022,660,50,2,85,10532,11,43
2020,1003,55,0,1,4726,104,75
2022,1062,51,4,72,4711,68,75
2023,1062,63,0,85,10099,74,75
2023,558,48,4,63,11107,49,60
2022,1062,92,7,85,10451,157,75
2019,1062,54,0,0,11780,158,75
2020,970,88,5,65,9650,121,71
2022,1062,54,2,85,6709,68,75
2021,599,76,0,0,5201,158,75
2023,869,92,3,41,6969,155,60
2023,898,85,0,0,9807,153,71
2021,1062,54,0,0,877,101,75
2022,1062,92,3,85,5325,33,75
2017,1062,21,0,0,7623,28,75
2021,806,61,0,0,9656,158,75
2021,1062,92,5,85,8734,104,75
2020,501,53,0,6,1018,53,63
2022,744,54,0,0,8183,69,75
2016,1062,51,8,9,3296,158,75
2022,473,44,0,1,3290,140,60
2023,726,92,4,63,10881,69,60
2022,1062,92,2,85,8043,130,75
2022,209,61,0,0,10203,115,60
2018,1062,51,0,9,10819,45,75
2014,112,92,4,72,8274,158,75
2023,592,48,0,0,9725,157,75
2021,1062,62,8,42,8752,157,75
2020,1062,48,3,5,4856,79,75
2022,1062,55,6,85,2816,157,75
2023,1067,92,0,66,3266,21,73
2022,1079,58,0,0,11743,66,75
2017,245,81,0,13,10582,157,77
2015,110,51,8,72,6434,68,33
2022,1062,53,1,85,3976,157,75
2022,473,31,0,0,5040,69,60
2020,769,72,7,72,8817,150,63
2023,1131,91,0,0,9261,158,60
2021,1062,73,5,85,6541,108,75
2021,504,61,0,1,6496,152,60
2022,1062,54,0,0,205,158,75
2018,407,61,0,9,11198,25,14
2015,770,51,8,72,11335,100,18
2024,1062,54,0,85,7134,68,75
2015,694,88,4,63,3970,151,74
2017,382,49,3,85,1494,40,21
2018,1062,62,0,9,9527,158,75
2019,1062,43,7,61,7893,146,75
2015,100,81,4,63,571,158,78
2022,1062,53,0,85,2514,157,75
2023,1062,48,0,0,10359,158,75
2023,1062,77,0,85,7680,158,75
2020,1062,71,8,72,220,157,75
2017,412,48,7,0,11174,154,60
2022,1062,45,2,85,2418,98,75
2022,956,51,0,9,7123,158,75
2019,1062,61,0,0,8035,158,75
2019,1084,92,6,0,11113,148,62
2021,1062,56,5,85,1559,80,75
2023,1062,92,0,9,832,61,75
2022,259,50,0,0,2118,149,60
2019,1062,52,0,42,6585,158,75
2022,1062,79,0,85,10368,114,75
2022,1062,55,6,85,2796,158,75
2023,1052,91,7,85,10098,157,74
2015,1062,92,0,9,4034,158,75
2022,1062,92,7,85,11093,151,75
2020,1062,59,8,85,1242,157,75
2019,1062,52,0,9,546,112,75
2019,1062,92,0,0,6188,158,75
2020,1062,51,8,72,11070,8,75
2023,948,80,0,0,9552,100,69
2023,1062,44,0,85,3283,158,75
2022,890,81,0,0,6980,123,60
2023,1062,61,0,85,6007,158,75
2018,109,92,4,9,10931,69,34
2021,869,92,3,9,8181,158,60
2022,1062,92,0,41,10516,157,75
2023,1062,62,0,52,2221,158,75
2023,784,51,0,0,9445,155,75
2016,1062,54,0,9,8045,158,75
2023,1062,90,0,85,8597,89,75
2021,501,58,1,16,7456,158,75
2018,1062,25,0,2,7320,119,75
2020,1062,62,0,47,4029,158,75
2016,1062,54,8,63,4924,30,75
2023,622,92,0,0,8873,45,75
2024,214,61,0,85,7764,158,60
2022,577,91,3,66,7311,157,60
2021,1062,61,0,72,8629,158,75
2017,1062,54,8,9,5661,158,75
2021,1062,50,4,85,3881,157,75
2021,1062,71,8,72,10733,158,75
2022,1062,62,0,9,4793,158,75
2016,1062,51,8,9,5071,158,75
2021,1062,74,3,85,10468,148,75
2023,1062,92,8,85,10115,158,75
2022,1062,82,2,85,5027,67,75
2023,1062,81,8,85,8107,155,75
2018,1062,61,8,63,3136,158,75
2017,1062,51,8,9,7327,123,75
2021,1062,72,4,85,10633,157,75
2021,1062,31,0,0,2144,158,75
2021,1062,51,0,0,7964,140,75
2021,1062,48,0,85,755,56,75
2017,1062,61,8,9,8802,158,75
2020,1062,86,0,64,8177,157,75
2023,1062,44,0,85,351,69,75
2016,762,92,4,9,4533,158,78
2019,1062,92,0,72,8571,158,75
2021,1062,61,8,85,11585,158,75
2023,1062,61,0,85,9195,63,75
2023,1062,62,7,85,6748,158,75
2022,203,52,0,0,2081,66,60
2022,1062,30,0,85,2194,150,75
2020,1062,49,3,25,4358,104,75
2017,1062,92,8,42,6193,157,75
2023,1060,64,0,85,9520,18,75
2021,901,73,0,0,9204,157,75
2023,1133,52,0,0,3859,25,60
2019,1062,79,4,72,8720,157,75
2019,1062,71,0,63,3362,69,75
2022,1062,22,0,9,5290,49,75
2018,1062,44,0,42,7582,158,75
2021,1062,59,2,85,1110,158,75
2018,1062,62,0,9,1017,158,75
2020,1062,54,5,1,11490,64,75
2023,615,74,0,2,9264,131,75
2020,1062,44,0,42,2141,157,75
2023,1062,53,0,0,6862,158,75
2016,1062,54,0,9,11633,158,75
2020,607,99,0,1,9275,163,75
2023,1062,51,0,52,2043,158,75
2023,1062,52,8,9,2439,158,75
2022,1062,77,0,85,9746,158,75
2016,157,92,8,72,4003,7,6
2021,1062,62,8,9,5453,158,75
2023,1062,90,8,85,2579,157,75
2021,1062,58,3,85,6945,90,75
2020,1062,81,0,9,9553,158,75
2022,1049,90,8,85,10461,123,77
2021,1062,81,3,85,2111,110,75
2023,13,44,0,0,8144,136,75
2015,425,60,7,71,11374,158,29
2023,1062,71,0,41,3095,158,75
2021,1062,52,0,72,2069,155,75
2022,1062,46,2,85,3433,157,75
2018,1062,92,0,0,2257,158,75
2021,1062,89,0,85,3981,79,75
2020,1062,44,0,9,335,158,75
2015,623,34,4,66,1638,35,67
2020,1062,31,0,1,4637,140,75
2019,1062,72,0,9,3125,158,75
2022,1062,61,8,9,228,158,75
2021,1062,78,4,85,9668,118,75
2020,1062,50,5,69,869,85,75
2020,1089,62,0,1,5841,158,60
2024,1062,52,0,85,5262,25,75
2022,1062,61,0,85,8898,158,75
2019,1061,61,0,0,10681,157,74
2022,1062,89,0,85,9625,32,75
2022,1062,51,7,85,6762,67,75
2020,886,81,2,13,118,157,75
2021,1062,62,0,9,8707,45,75
2021,1062,62,0,42,11812,158,75
2016,743,79,8,71,9501,158,62
2022,1062,79,4,85,9570,31,75
2022,1088,31,0,0,3036,143,60
2023,1062,44,0,9,2030,158,75
2020,742,71,8,72,8818,158,62
2015,45,92,8,63,10927,157,75
2022,558,92,4,69,661,94,60
2014,112,92,8,63,4539,109,75
2017,977,92,8,72,3995,25,2
2021,806,31,0,0,9656,140,75
2023,855,57,1,85,9840,115,68
2019,1062,92,7,9,3842,158,75
2020,1062,76,0,0,11684,158,75
2021,1062,92,0,0,8408,21,75
2022,1079,61,0,0,5145,158,75
2015,957,79,8,72,6733,143,67
2023,831,51,0,0,4413,71,75
2023,999,60,0,85,9362,16,69
2023,1013,92,0,85,10252,144,71
2017,1145,51,7,67,11393,158,75
2023,497,78,4,85,9012,111,27
2019,1062,61,0,0,9854,158,75
2019,1062,83,8,66,11598,158,75
2022,1062,54,0,0,6725,150,75
2023,413,38,0,4,7841,100,69
2023,1062,92,1,85,3112,157,75
2023,1062,52,0,0,9187,61,75
2020,1062,37,0,0,6115,158,75
2015,715,44,8,24,477,61,75
2016,1062,81,3,42,9321,93,75
2022,548,56,0,0,8974,96,75
2022,1062,35,8,85,2500,133,75
2023,910,48,4,9,4105,68,75
2023,515,48,3,9,6981,68,29
2023,1062,48,5,85,7907,157,75
2023,1062,34,8,85,8147,143,75
2022,1062,49,0,85,10954,157,75
2014,201,92,8,72,10518,109,52
2022,1062,34,0,85,3280,68,75
2023,1062,44,8,85,7951,157,75
2021,1083,61,1,0,8430,127,63
2014,1062,44,0,9,5236,158,75
2015,333,51,0,9,451,122,75
2023,807,92,4,65,10616,142,65
2022,1062,55,6,85,2391,87,75
2022,1062,92,5,85,9001,86,75
2021,764,51,3,37,6945,0,16
2020,1062,61,7,68,2316,158,75
2023,1062,53,8,85,2773,144,75
2019,823,54,7,9,3993,155,75
2020,1062,62,0,9,1800,158,75
2022,1062,78,0,85,9798,158,75
2023,847,31,0,0,6759,158,75
2022,1059,68,1,85,8404,32,75
2022,726,52,4,69,6007,86,60
2021,1062,92,8,85,8734,16,75
2023,1062,52,0,85,3903,158,75
2015,544,81,8,9,4854,122,27
2021,1062,61,0,85,11595,157,75
2021,1062,92,8,85,2864,158,75
2022,592,92,4,85,9257,113,35
2019,1062,61,0,9,10211,158,75
2022,1062,92,0,85,7648,38,75
2015,1062,44,0,9,5911,158,75
2022,1062,52,0,9,1825,158,75
2019,752,50,1,20,7816,64,75
2021,1062,53,1,85,4686,157,75
2022,1062,91,8,85,3681,158,75
2021,583,51,3,9,5085,39,41
2022,1062,31,0,9,7394,158,75
2023,1062,68,3,85,3576,158,75
2023,1062,52,0,85,806,155,75
2016,742,51,8,72,6370,158,62
2020,607,62,0,9,1161,8,75
2018,1062,72,0,42,3167,158,75
2018,1062,81,8,63,1047,158,75
2020,840,90,0,1,8203,48,75
2021,1062,61,0,1,4393,157,74
2023,1062,47,8,85,2340,103,75
2023,1044,92,3,41,1804,154,75
2016,135,92,4,72,4537,5,58
2015,953,51,8,9,10866,158,68
2021,1062,52,0,9,1271,158,75
2018,1062,62,0,0,7686,158,75
2020,1052,50,7,85,8872,47,75
2022,1062,63,7,85,6722,158,75
2022,1052,53,0,0,9344,139,75
2022,196,46,0,6,8444,158,60
2022,726,48,4,69,5919,154,60
2023,1062,62,1,85,8844,26,75
2022,726,34,4,69,5938,39,60
2016,628,51,7,21,11163,155,65
2015,1062,81,0,9,8731,158,75
2015,1087,51,0,9,11012,155,60
2022,1062,86,8,85,2761,158,75
2023,13,62,0,0,6341,158,75
2020,125,92,4,72,3982,158,29
2023,1062,74,3,85,1752,90,75
2017,759,68,7,40,11093,33,33
2020,1062,48,8,0,6273,61,75
2023,1047,27,0,0,10226,137,75
2018,1062,61,0,0,2468,158,75
2023,1133,62,0,9,8933,158,60
2022,1104,22,4,85,9575,135,61
2022,937,56,0,0,6825,119,75
2020,1062,50,3,0,8372,105,75
2022,1062,61,0,85,4160,157,75
2022,1062,52,4,63,6736,154,75
2018,1062,71,8,63,11490,45,75
2020,1062,44,0,42,2595,158,75
2015,653,77,4,72,444,143,75
2022,1062,45,8,85,8095,144,75
2022,547,56,0,5,9090,157,69
2021,1062,92,2,85,7940,62,75
2022,1062,92,1,85,6575,158,75
2023,1049,62,1,85,8172,107,66
2022,1062,31,0,85,3061,74,75
2022,203,44,0,0,2081,158,60
2018,892,52,0,9,4011,27,60
2021,1062,57,3,85,200,93,75
2016,545,81,8,9,4865,133,75
2022,1020,32,6,85,6767,69,62
2017,412,92,7,0,11174,154,60
2016,548,92,8,9,7520,61,27
2017,980,51,0,58,3737,158,75
2022,847,62,7,85,7618,158,75
2016,948,32,8,33,10707,127,70
2022,1079,61,0,0,11743,77,75
2023,794,44,0,0,576,158,69
2016,1062,54,8,9,5581,157,75
2015,167,52,8,72,1238,158,75
2023,1062,77,4,85,8985,106,75
2024,488,61,0,0,9155,157,83
2018,1062,56,8,9,1900,8,75
2020,714,61,0,1,9441,158,75
2021,1062,92,1,63,11027,19,75
2015,1062,81,8,42,10508,158,75
2020,1062,66,4,0,4528,110,75
2019,1062,46,8,54,685,118,75
2020,1062,44,8,9,3527,157,75
2019,1062,62,8,42,5498,158,75
2015,139,92,8,72,3242,30,22
2020,1062,92,0,66,8550,158,75
2016,1062,62,8,9,11455,158,75
2017,1062,31,0,70,10501,158,75
2023,1133,52,0,9,3472,158,60
2023,1062,61,0,9,8753,158,75
2024,58,62,0,9,2351,158,60
2017,1062,61,0,9,2848,158,75
2021,1062,67,5,85,6319,122,75
2021,1062,61,0,0,9718,158,75
2020,1062,61,0,9,11572,157,75
2019,1062,22,8,63,751,158,75
2022,283,56,0,0,5098,95,60
2019,1062,72,8,0,4611,158,75
2023,1068,54,0,0,8120,77,73
2022,592,52,0,0,2741,30,75
2023,412,51,3,0,747,154,60
2020,659,62,0,1,8202,158,75
2021,1062,81,0,9,8667,155,75
2019,1062,54,0,0,799,136,75
2018,1062,51,0,12,6890,158,75
2020,1062,51,8,0,285,45,75
2023,1062,83,1,85,8414,157,75
2022,1062,39,4,85,2676,96,75
2022,1062,28,0,85,2620,84,75
2020,1062,58,8,85,8876,73,75
2023,1019,51,4,69,9604,157,72
2017,112,92,8,9,8260,69,75
2018,1062,51,0,9,321,158,75
2023,625,54,4,85,8487,121,37
2021,1062,46,0,85,10191,29,75
2021,1062,72,0,0,2214,158,75
2022,364,71,0,85,11935,102,75
2022,726,48,4,69,5969,80,60
2015,657,92,4,72,10771,102,62
2015,112,31,4,9,8269,68,75
2022,492,51,4,69,4342,123,74
2023,14,54,0,0,5099,69,75
2021,1089,52,0,1,9023,62,60
2019,1062,61,0,0,7785,154,75
2022,1062,60,7,85,2435,72,75
2018,1062,92,8,63,10016,158,75
2023,691,52,0,9,3353,41,38
2022,1062,23,0,85,2384,80,75
2021,1062,61,8,85,5063,157,75
2022,1062,92,0,63,10352,117,75
2021,835,22,7,84,5741,61,16
2022,203,47,0,0,2081,45,60
2022,850,44,0,0,3698,158,71
2015,1062,48,8,72,3030,158,75
2014,961,54,8,72,4051,97,52
2015,1062,61,8,9,6505,158,75
2020,902,51,0,9,7578,158,75
2022,726,52,4,69,6045,41,60
2018,1062,61,0,0,141,158,75
2020,1062,52,0,9,3489,157,75
2015,393,51,8,63,484,155,75
2020,1062,52,8,63,5724,8,75
2023,58,65,0,0,8171,157,60
2023,1062,67,8,85,9081,58,75
2016,99,81,8,9,8223,104,75
2015,1062,81,0,9,8420,157,75
2022,1103,32,3,85,9523,154,62
2022,599,31,0,0,5201,71,75
2017,176,61,8,72,6644,157,77
2022,1079,52,0,1,10916,69,75
2019,1062,92,0,13,9153,158,75
2020,1062,61,0,9,10216,157,75
2020,1062,61,0,13,7053,158,75
2021,1062,61,0,0,10320,157,75
2021,1062,52,8,85,1593,157,75
2023,1133,61,0,0,8634,158,60
2022,1062,61,0,85,2874,157,75
2021,480,52,0,0,4289,38,75
2016,135,92,4,72,4537,5,58
2016,1062,92,0,42,5205,158,75
2016,221,52,8,9,10059,13,75
2021,1062,87,1,85,7039,46,75
2023,1062,62,0,41,5816,158,75
2017,742,71,8,72,6374,158,62
2015,1062,44,8,9,1359,146,75
2021,724,62,0,0,7101,30,75
2019,1062,61,0,0,2039,154,75
2021,1062,64,1,85,7796,138,75
2018,1062,72,0,61,8936,158,75
2021,742,69,0,0,6158,157,75
2015,1062,92,8,63,1203,103,75
2023,1062,59,8,85,2397,69,75
2021,1062,61,8,0,8438,16,75
2022,678,62,3,85,11808,127,75
2015,1062,61,8,9,10576,158,75
2023,686,55,0,2,11629,64,75
2022,434,51,1,0,1273,104,60
2019,969,92,4,72,4828,109,52
2021,576,54,0,4,4494,101,68
2020,742,71,8,72,10084,158,62
2019,1062,54,8,9,6498,157,75
2018,1062,52,0,9,4836,123,75
2023,1062,62,0,41,5755,158,75
2023,1062,60,1,85,7641,145,75
2023,1062,52,0,9,11553,158,75
2023,1062,61,0,9,8416,158,75
2020,1064,92,7,21,8572,158,73
2023,1062,61,0,9,5648,158,75
2018,1062,57,0,0,5019,158,75
2023,1062,27,0,85,6770,158,75
2015,1062,52,0,42,632,21,75
2021,1062,60,4,85,8516,94,75
2023,724,61,0,5,5765,158,75
2022,1062,72,0,9,4291,158,75
2023,679,64,5,85,9367,126,42
2023,847,71,0,9,7726,158,75
2023,1062,92,0,9,9431,13,75
2014,137,92,7,72,10624,59,74
2020,1062,61,4,0,8435,73,75
2022,806,31,0,0,9656,25,75
2023,233,23,0,0,8435,49,75
2014,541,51,8,72,4846,61,27
2023,1062,61,0,85,6076,158,75
2021,1043,50,0,0,753,156,73
2023,1133,31,0,9,7591,158,60
2017,1027,92,8,63,11322,7,75
2022,1062,80,0,85,8959,115,75
2019,914,59,1,17,3776,148,74
2019,1034,71,8,72,2402,21,11
2022,763,52,4,69,9801,154,60
2022,858,92,4,69,7296,94,60
2023,58,32,0,9,2424,56,60
2017,412,52,7,0,11174,154,60
2022,1062,52,0,85,8118,158,75
2022,1062,60,0,85,2699,157,75
2023,726,92,4,63,10875,45,60
2020,1062,78,8,0,10015,126,75
2023,1017,88,2,9,10101,158,75
2022,549,61,0,0,2970,158,75
2022,1123,21,4,72,10872,68,29
2022,765,82,4,69,9805,52,62
2022,1062,77,8,85,8920,141,75
2019,1062,92,0,64,10479,158,75
2022,1062,31,0,9,3088,158,75
2023,203,54,0,0,12003,25,60
2014,634,64,3,67,5690,156,75
2018,1062,92,8,63,9916,135,75
2016,851,92,8,72,11347,61,27
2021,1062,54,0,1,4382,158,75
2020,1062,61,0,9,5883,157,75
2022,1079,39,0,0,11743,27,75
2022,1062,62,0,0,7340,158,75
2019,1062,92,0,72,8601,158,75
2018,1062,62,0,0,5022,158,75
2021,1062,61,0,43,11745,158,75
2021,1062,92,0,85,6769,158,75
2023,906,45,0,0,4317,120,66
2014,1062,48,8,72,1505,158,75
2020,1048,51,0,29,4771,70,75
2022,744,36,0,4,3192,88,66
2022,1062,62,8,85,4297,158,75
2023,193,55,0,0,8361,61,75
2023,141,51,4,72,11016,68,67
2022,1062,92,1,85,9420,43,75
2022,645,63,5,85,10777,36,43
2022,791,51,1,85,7808,66,52
2021,1062,34,0,85,4098,83,75
2021,1062,31,0,85,139,45,75
2022,905,50,0,0,7700,157,75
2020,1062,92,0,9,554,157,75
2021,1062,53,0,1,5552,35,75
2022,1062,73,0,0,3029,158,75
2023,1062,80,0,1,11454,157,75
2018,1062,71,0,0,1760,157,75
2022,1062,53,0,9,3211,158,75
2019,1062,86,6,0,8215,37,75
2022,1062,85,0,85,9584,17,75
2022,1062,92,7,85,10451,151,75
2016,1062,81,3,42,9326,93,75
2020,778,92,4,63,7528,52,71
2019,1062,60,1,0,7955,158,75
2023,1133,52,0,9,11675,158,60
2022,1062,48,0,84,8834,158,75
2022,1062,62,1,0,1858,158,75
2022,1062,52,0,0,1960,45,75
2022,1062,60,8,85,6571,89,75
2023,1133,52,0,9,10010,158,60
2023,1062,34,0,85,2707,67,75
2021,1062,61,0,1,1892,136,75
2023,1062,51,0,85,6830,117,75
2022,1062,76,0,85,9046,114,75
2024,1062,54,0,42,5049,158,75
2022,1062,60,0,2,5001,157,75
2023,558,48,4,63,11107,49,60
2018,1062,62,0,0,2659,158,75
2022,1062,75,8,85,5752,158,75
2017,1062,51,8,51,11349,158,75
2021,1062,71,8,85,5476,158,75
2019,1062,92,7,69,3929,117,75
2019,1062,62,8,9,1245,158,75
2017,730,51,0,7,955,141,41
2022,340,54,0,0,8736,131,75
2015,1062,92,8,13,10807,71,75
2022,777,52,4,69,6593,154,74
2020,1062,92,8,9,8778,41,75
2022,599,31,0,0,5201,158,75
2014,1062,61,8,9,496,158,75
2023,1062,61,0,85,7727,153,75
2020,250,71,8,72,1086,158,75
2022,1062,23,8,85,8338,10,75
2023,726,56,4,69,5965,117,60
2023,223,57,0,5,7547,102,71
2022,1062,68,0,85,355,131,75
2023,402,48,0,7,5193,157,75
2020,596,34,1,4,5098,140,75
2022,592,71,0,0,12024,69,75
2016,1062,52,0,9,5891,151,75
2021,1089,62,0,2,8849,158,60
2021,1062,23,1,85,2395,38,75
2023,193,61,0,9,7774,158,75
2022,1062,90,0,85,10409,158,75
2023,1062,61,0,0,2911,131,75
2022,112,53,4,9,4475,123,75
2023,1062,85,0,85,7629,158,75
2022,1079,31,0,0,11743,69,75
2016,813,75,5,20,1648,158,75
2021,1062,74,4,85,8281,158,75
2023,1048,65,1,85,8228,113,65
2022,1062,63,7,85,6764,158,75
2021,1062,78,0,85,3971,109,75
2023,58,62,0,9,2488,27,60
2021,1062,62,0,9,11848,158,75
2023,1062,56,4,85,8624,37,75
2019,1062,52,0,42,11659,131,75
2022,763,11,4,69,9797,154,60
2019,674,96,0,2,6827,122,72
2023,1062,54,0,85,7587,156,75
2023,1133,71,0,0,3378,158,60
2023,73,61,0,0,8116,152,61
2023,148,54,4,63,6319,158,60
2019,1062,62,0,0,8335,158,75
2020,1062,61,0,0,8810,87,75
2020,1062,71,0,9,5643,155,75
2021,1062,92,3,85,9658,120,75
2023,822,96,2,65,9453,94,64
2022,197,99,0,9,1470,62,75
2018,1062,52,0,9,4625,93,75
2022,1103,26,4,85,10023,154,62
2016,752,92,8,63,4005,40,23
2022,1062,93,1,85,1547,29,75
2023,1062,69,0,85,7211,158,75
2020,691,92,3,13,7071,155,38
2023,257,55,0,0,4872,157,75
2019,1017,68,0,2,2294,26,76
2021,1062,44,5,85,6369,117,75
2022,112,92,4,9,4471,123,75
2022,861,58,0,6,1028,126,71
2018,450,92,3,42,9068,68,53
2022,763,51,4,69,9798,154,60
2023,84,33,0,0,8195,158,75
2023,1062,92,0,85,10205,149,75
2020,1062,62,8,9,5061,158,75
2020,1062,62,0,9,6160,158,75
2022,1062,21,0,85,3679,158,75
2022,1062,52,0,9,2998,143,75
2014,1062,61,8,42,1493,69,75
2023,438,51,0,6,8960,139,70
2016,1062,61,0,9,8773,103,75
2023,252,52,0,9,3499,158,60
2022,288,51,4,71,1392,154,62
2018,112,72,4,66,4193,112,75
2022,1054,79,4,85,8874,115,76
2021,1062,64,2,85,1342,94,75
2021,211,71,0,0,3916,71,63
2023,1062,75,4,85,7739,158,75
2023,509,51,4,85,9039,111,28
2023,1062,92,0,41,9862,25,75
2020,706,57,0,1,3613,158,75
2023,1062,40,4,85,2969,158,75
2021,1062,54,0,1,9279,158,75
2020,814,48,0,1,1097,136,60
2019,1075,60,3,68,11720,158,77
2023,763,51,4,69,9793,154,60
2021,1062,92,6,85,8402,32,75
2022,1062,60,0,85,10288,75,75
2022,242,61,4,68,1627,109,60
2023,1062,90,8,85,8899,34,75
2020,814,56,0,1,1736,158,60
2024,1062,54,3,9,9342,103,16
2016,1062,54,0,9,7661,158,75
2021,1062,92,3,85,7690,87,75
2022,947,56,2,85,7197,153,40
2017,1062,52,0,42,10680,77,75
2023,781,45,0,85,9650,148,75
2024,1062,62,0,72,10393,158,75
2020,1062,61,0,9,5630,158,75
2020,947,31,0,1,5251,90,75
2022,464,51,4,72,435,123,75
2021,1062,61,0,85,2742,153,75
2022,946,90,4,69,10230,123,74
2023,1062,75,8,85,4013,158,75
2021,662,46,0,0,9662,158,69
2021,1062,72,5,85,1040,157,75
2020,607,54,0,1,9267,158,75
2023,1041,88,0,85,10380,157,75
2022,1062,57,0,85,2387,90,75
2020,1062,92,0,0,9451,158,75
2020,1062,61,0,9,7205,158,75
2022,571,44,0,8,2056,155,74
2022,311,54,0,0,4714,49,16
2018,1062,51,0,9,7966,140,75
2018,808,51,6,63,1164,130,75
2022,373,37,0,1,5367,158,64
2022,1062,72,5,85,7097,150,75
2022,558,92,4,63,7332,158,60
2022,412,48,0,0,9332,117,60
2022,593,61,0,0,7339,158,75
2022,1062,60,3,85,5255,103,75
2020,1062,92,8,67,3531,158,75
2023,315,54,0,9,394,21,75
2022,796,89,0,0,8586,98,75
2023,1062,58,2,85,6755,133,75
2023,1133,62,0,9,4811,158,60
2019,1076,62,8,63,273,104,78
2024,590,54,0,85,2796,158,60
2022,1062,44,0,9,1191,158,75
2023,1062,62,0,9,11491,158,75
2019,1062,61,8,9,3752,158,75
2021,1034,88,1,85,7440,158,75
2023,1076,70,1,85,8628,156,70
2023,679,43,0,0,9734,133,72
2017,1062,81,7,9,8871,45,75
2023,982,59,0,85,9393,97,72
2023,1062,88,7,85,3675,158,75
2014,687,90,4,72,10615,128,75
2017,1062,54,0,9,3341,158,75
2017,742,81,8,72,11924,155,62
2021,493,62,0,1,1629,36,75
2020,1062,52,0,9,6600,155,75
2019,989,62,0,9,1002,158,77
2023,252,52,0,9,7919,25,60
2023,1062,88,5,0,10462,158,75
2019,1062,62,8,9,308,25,75
2014,1062,81,8,63,4102,154,75
2023,497,67,4,85,9012,111,27
2023,502,92,3,85,8294,7,30
2023,1062,89,1,85,10123,157,75
2021,1062,92,6,85,9415,109,75
2017,989,62,0,9,1105,158,77
2020,1062,51,8,72,4080,158,75
2015,411,92,3,9,808,103,60
2022,1062,76,0,85,10530,138,75
2021,1062,61,0,0,702,158,75
2022,691,99,3,85,7075,151,38
2014,1062,42,0,9,2564,158,75
2016,1062,81,3,46,9327,93,75
2014,1062,81,8,63,11205,155,75
2019,1062,92,0,0,742,158,75
2020,812,85,0,3,9396,119,68
2021,939,55,0,1,4175,38,75
2021,1062,62,0,9,3548,158,75
2023,1062,71,0,85,5899,158,75
2020,1062,62,8,9,6358,158,75
2017,1062,52,0,9,1659,158,75
2023,1022,58,0,85,10121,77,75
2020,1062,52,0,9,42,136,75
2022,592,92,0,87,8978,158,75
2021,615,62,0,1,7531,158,63
2020,1062,62,0,9,5249,158,75
2022,1062,68,5,85,3121,120,75
2022,1062,67,6,85,6730,158,75
2023,961,62,0,7,4341,158,75
2022,1062,61,7,85,7845,158,75
2022,1062,55,0,85,6892,157,75
2019,1062,61,0,9,1838,158,75
2020,607,56,0,9,2282,158,75
2018,1062,62,0,0,6823,158,75
2020,362,69,0,3,8566,97,60
2019,1062,62,0,42,3032,158,75
2023,209,69,0,0,10729,101,75
2023,58,54,0,0,8389,158,60
2018,1062,51,0,63,3460,158,75
2024,658,92,0,5,10023,157,75
2022,481,54,5,45,4086,100,58
2016,157,92,8,72,4003,7,6
2020,1062,51,0,0,7216,36,75
2022,1062,62,0,41,10717,158,75
2022,1062,23,1,85,3537,70,75
2023,1062,58,6,85,5783,29,75
2016,1062,71,2,9,6265,157,75
2018,1062,62,0,9,3886,158,75
2023,737,83,0,2,8802,158,75
2020,818,89,0,1,8303,52,75
2021,1062,92,1,85,9590,37,75
2020,1062,11,8,9,307,25,75
2022,714,29,0,7,3594,16,71
2022,1062,43,0,85,4247,125,75
2016,545,92,8,9,4866,61,75
2022,850,54,0,0,5771,84,75
2019,1062,92,0,0,5028,158,75
2022,1062,60,0,85,9621,146,75
2021,1062,44,0,9,345,89,75
2023,1062,65,0,85,279,158,75
2023,253,70,0,3,8684,148,65
2023,1062,82,8,85,8440,155,75
2023,1062,81,5,85,9131,126,75
2021,955,62,0,1,11301,158,75
2022,385,92,3,54,7092,154,60
2023,58,52,0,9,3467,158,60
2018,578,36,5,85,3124,32,37
2021,1062,61,8,72,7897,25,75
2022,266,62,0,9,2891,158,75
2023,1108,89,0,0,9362,152,60
2023,556,52,3,85,11354,123,74
2023,94,81,0,72,8212,69,75
2022,1062,92,8,69,11108,154,75
2023,1062,51,0,9,7984,158,75
2022,1062,51,0,85,4168,157,75
2020,814,92,0,1,9881,158,60
2023,634,32,0,0,2378,76,73
2021,1062,54,0,1,4373,52,75
2021,276,51,0,0,3108,158,75
2022,1062,60,0,0,4236,158,75
2021,267,92,8,9,5875,135,75
2017,1062,53,1,23,1009,113,75
2020,1062,22,0,9,6523,157,75
2023,1062,53,8,85,8556,157,75
2015,1081,92,6,72,756,132,69
2016,1023,92,8,63,3997,63,71
2014,999,48,8,69,4125,48,21
2023,1062,51,8,85,9950,157,75
2022,554,92,2,39,10029,21,65
2023,1062,65,0,85,9435,7,75
2021,1083,75,3,12,10100,157,67
2022,525,61,0,0,10881,147,61
2021,1062,52,0,9,7642,158,75
2022,1062,58,4,85,1623,82,75
2016,112,92,4,63,4491,166,75
2014,112,65,4,63,1623,153,75
2024,203,53,0,0,2963,141,60
2023,1062,44,0,0,5371,110,75
2023,1062,84,0,85,10377,134,75
2015,112,53,4,63,8276,158,75
2017,1062,44,0,9,12036,158,75
2023,1062,42,8,38,7977,158,75
2020,857,61,0,5,1818,27,60
2024,1062,92,0,72,10392,25,75
2022,981,61,0,0,11765,148,75
2021,1071,92,2,47,11050,127,69
2021,1013,59,0,0,10427,137,75
2023,1062,71,0,9,2843,158,75
2016,38,54,8,9,12096,25,75
2023,1062,62,1,85,6528,158,75
2022,726,31,4,69,6035,117,60
2023,622,81,0,0,9292,140,75
2023,1062,54,0,0,5692,69,75
2023,1053,89,6,63,10176,154,74
2023,1062,54,0,0,1757,158,75
2022,961,47,0,86,11115,32,75
2022,763,51,4,69,9811,154,60
2021,1062,62,0,9,9850,16,75
2014,529,51,0,9,569,71,75
2019,1034,71,8,72,2402,99,11
2020,869,92,3,9,10340,158,60
2022,1079,61,0,0,11743,157,75
2018,1062,62,0,0,3482,158,75
2021,1062,61,8,72,117,65,75
2023,1062,85,1,85,8720,156,75
2023,938,71,5,85,8831,154,75
2022,349,37,0,0,8387,69,75
2019,1062,62,8,9,1993,158,75
2019,1062,62,0,0,2042,158,75
2022,473,22,0,1,3189,28,60
2021,1062,56,0,9,3616,45,75
2022,877,59,0,0,7102,115,75
2014,1062,92,8,9,762,158,75
2022,1062,50,0,0,6674,158,75
2022,1062,55,1,85,2726,158,75
2023,1062,48,0,0,2085,8,75
2022,227,90,0,0,9370,89,60
2022,276,31,0,0,3108,158,75
2021,1062,77,5,85,1819,26,75
2021,1062,76,4,85,1788,34,75
2023,592,22,0,0,9216,146,75
2024,1062,48,0,72,7735,135,75
2022,1062,59,0,85,2954,158,75
2022,727,40,0,0,4022,60,75
2018,1062,48,1,11,10760,122,75
2019,1062,81,3,42,3830,28,75
2019,1062,57,8,64,2427,158,75
2019,1062,62,0,0,7780,158,75
2022,753,59,0,34,7174,158,75
2022,1062,62,0,41,6395,158,75
2020,1062,48,4,6,4900,83,75
2023,1062,83,8,85,8920,121,75
2023,1062,61,1,85,7796,158,75
2023,833,40,0,7,9712,158,75
2023,1062,52,0,9,2975,158,75
2023,1062,78,4,85,9026,157,75
2022,1062,58,0,85,8834,54,75
2021,814,23,0,1,7170,158,60
2023,497,55,4,85,9012,111,27
2022,1062,28,1,85,3244,72,75
2022,1062,61,0,0,9928,158,75
2023,1133,96,0,0,4686,27,60
2023,868,96,2,36,10049,106,66
2014,942,31,1,9,10166,158,16
2020,1089,62,0,1,3699,158,60
2016,295,92,8,9,210,123,75
2024,590,92,0,0,9210,135,60
2023,1044,62,0,8,8162,158,75
2022,1062,61,0,0,10283,25,75
2023,1062,61,0,85,9310,31,75
2020,1085,63,0,0,3590,15,75
2021,349,31,0,0,3582,95,75
2023,1133,54,0,0,6709,158,60
2021,1062,55,0,85,988,60,75
2020,1062,21,6,55,3456,144,75
2018,1062,92,0,0,10474,158,75
2021,163,52,4,59,10714,129,72
2021,1062,53,0,85,5097,157,75
2016,839,77,8,69,9304,141,65
2020,1062,92,8,9,6557,157,75
2022,1062,52,0,9,2023,158,75
2022,1062,52,5,85,2365,96,75
2014,1062,61,0,9,4608,158,75
2023,404,42,0,0,11622,158,67
2023,1050,58,5,85,8492,84,67
2021,1062,92,0,6,10704,69,75
2023,1062,48,0,85,3898,12,75
2022,1062,70,8,85,5720,158,75
2022,591,52,0,1,5178,158,75
2022,1062,75,3,85,11242,158,75
2022,592,81,0,0,9183,75,75
2021,1062,62,0,9,5501,158,75
2019,127,92,4,9,4513,69,34
2023,571,45,0,0,10525,157,73
2022,1062,39,0,0,6404,85,75
2022,112,44,4,63,4462,123,75
2022,1062,31,0,9,3291,49,75
2014,156,72,3,29,7699,158,29
2022,981,54,0,0,3668,53,70
2022,726,56,4,69,6026,117,60
2023,1062,62,0,41,1137,158,75
2021,1062,60,8,85,5018,157,75
2022,1062,86,8,85,8594,142,75
2022,820,46,0,85,9422,151,75
2020,989,92,0,63,8547,148,75
2016,928,54,8,9,4418,112,75
2023,1062,76,2,85,2320,157,75
2021,1062,62,0,42,7823,158,75
2021,1062,91,0,0,9929,136,75
2022,1062,81,0,85,8418,144,75
2023,1062,92,8,85,9004,158,75
2015,1062,61,3,42,8518,28,75
2021,1062,86,0,85,4175,88,75
2023,600,62,0,85,5208,158,75
2023,417,99,3,85,7147,111,53
2021,490,92,0,0,5647,158,60
2022,1062,45,0,86,10823,35,75
2023,1062,62,4,85,6119,158,75
2023,1062,61,0,85,8433,158,75
2023,592,92,0,0,10429,136,75
2021,1062,59,8,85,2301,157,75
2023,1062,62,0,41,7747,158,75
2021,1062,86,6,34,10636,70,75
2023,1062,82,0,85,8651,75,75
2023,1062,63,7,85,7851,158,75
2022,1051,52,0,0,4644,132,64
2021,1062,58,1,85,1149,158,75
2020,1062,62,8,0,9103,25,75
2022,1062,48,1,85,7656,125,75
2023,830,91,0,0,8734,158,75
2022,1062,61,0,85,7554,158,75
2022,1079,59,0,0,11743,148,75
2018,1053,79,7,63,11932,158,75
2023,788,56,2,85,10207,87,66
2023,639,54,2,85,9109,84,39
2015,1062,52,8,63,5980,137,75
2021,1062,62,0,85,4597,158,75
2022,1062,92,0,85,10507,158,75
2022,1062,54,0,9,9957,158,75
2023,1062,25,0,85,2616,37,75
2023,619,62,0,0,9274,20,75
2018,1062,62,0,0,8927,158,75
2021,1062,61,0,1,6215,158,75
2023,1126,57,0,0,3502,158,61
2023,540,34,0,0,9121,158,69
2018,885,88,2,0,6332,157,64
2017,691,31,0,0,898,143,38
2020,1062,65,0,0,8924,148,75
2019,764,31,1,9,909,49,16
2023,1090,44,0,5,3791,158,68
2015,1062,62,8,63,6630,158,75
2023,1062,61,4,63,3309,52,75
2019,950,52,6,44,932,79,75
2021,1062,53,3,85,8406,87,75
2021,1062,91,8,85,4765,155,75
2022,1062,31,0,9,1244,158,75
2014,1062,54,8,63,3116,158,75
2022,1062,52,0,9,4589,61,75
2022,1062,70,2,85,1601,158,75
2023,422,61,0,3,4014,158,75
2021,199,54,0,0,2153,141,75
2015,63,92,3,13,11759,24,81
2019,1062,62,8,42,8982,158,75
2022,112,54,4,9,4445,123,75
2022,1062,65,7,85,6841,155,75
2022,1062,60,7,85,9193,122,75
2021,1062,68,2,85,7863,141,75
2023,1062,54,8,85,2728,134,75
2023,1062,86,1,85,2437,156,75
2022,1062,84,7,85,3051,146,75
2022,1062,99,0,0,8378,155,75
2021,964,84,2,53,1516,51,75
2023,927,65,0,0,1952,115,75
2022,1062,54,8,85,2763,158,75
2022,1062,61,0,85,9275,158,75
2021,420,81,5,67,10619,82,60
2023,1062,61,8,85,1085,158,75
2022,1062,57,0,0,11928,158,75
2022,1089,54,0,1,2729,49,60
2018,568,71,4,72,11358,158,78
2021,1062,91,7,85,4868,148,75
2014,953,92,4,72,9990,126,68
2023,1133,44,0,9,6613,71,60
2020,742,71,8,72,10090,158,62
2023,1062,76,6,85,9043,118,75
2023,1062,66,0,85,6030,139,75
2021,806,53,0,0,9656,158,75
2015,739,51,0,9,2674,158,75
2023,1062,61,0,0,3713,158,75
2021,1062,42,0,42,11810,158,75
2018,1062,62,0,9,6457,158,75
2022,748,57,0,0,9614,137,72
2021,1062,92,8,85,9287,43,75
2023,486,92,4,85,8205,3,29
2021,1062,56,4,1,6300,102,75
2022,1062,62,0,9,5452,158,75
2020,1062,62,0,21,11985,88,75
2023,1133,54,0,9,3188,158,60
2021,1062,62,3,85,5791,158,75
2023,1062,52,0,85,6515,158,75
2023,1062,54,8,69,1833,29,75
2022,1062,67,8,85,5968,104,75
2023,181,58,0,3,7706,116,68
2021,1062,53,0,85,2283,127,75
2022,203,44,0,0,2081,158,60
2022,1062,51,1,85,2006,157,75
2014,953,51,4,72,9993,158,68
2023,1062,62,8,85,5462,158,75
2023,1062,56,4,85,2603,156,75
2022,1062,48,4,85,2331,107,75
2022,1062,46,6,85,2724,137,75
2022,994,92,8,69,10289,155,75
2024,1062,62,0,72,5115,158,75
2021,815,69,0,6,9597,85,75
2023,1062,63,8,85,8035,155,75
2022,1062,62,0,0,2441,158,75
2023,1062,31,8,85,11258,61,75
2019,1062,52,0,42,10775,155,75
2020,1062,52,0,0,3480,157,75
2022,1062,62,0,41,5095,158,75
2023,885,54,0,8,11964,21,75
2021,1062,62,0,1,7849,158,75
2022,818,62,5,85,7574,133,64
2021,1062,90,0,85,3856,77,75
2023,910,21,4,84,4108,158,75
2023,1062,84,0,85,2919,157,75
2023,719,65,2,85,10537,150,75
2021,762,43,0,0,9658,158,73
2022,1062,92,0,85,9779,75,75
2020,1062,62,8,13,3103,25,75
2020,1062,54,0,9,314,157,75
2014,107,92,4,72,4482,158,75
2023,741,37,1,85,9330,147,75
2020,1062,54,8,9,2576,158,75
2015,1062,51,8,9,11754,158,75
2022,1062,61,0,9,6115,158,75
2017,1062,62,0,0,2651,158,75
2022,1062,62,0,9,6722,158,75
2022,923,72,0,0,7361,158,75
2016,112,52,4,63,1627,149,75
2023,1062,61,8,0,6366,158,75
2019,1062,92,0,0,740,158,75
2019,1062,81,8,9,6084,112,75
2018,1062,51,8,63,11752,45,75
2021,133,53,0,0,1709,157,65
2014,1062,31,8,9,2551,45,75
2022,112,22,4,9,4458,123,75
2020,746,60,0,1,2452,82,68
2014,778,92,4,72,3049,141,70
2021,1062,52,0,42,2575,158,75
2022,1079,92,0,0,11743,49,75
2022,1048,25,7,85,4858,70,71
2023,522,51,1,22,9298,91,71
2022,1075,61,0,1,8363,157,75
2020,1062,81,0,9,2195,157,75
2019,1062,54,8,9,4259,158,75
2022,1062,83,0,85,10034,158,75
2021,1062,51,0,85,2024,157,75
2021,1062,92,1,85,3813,88,75
2022,726,52,4,69,6009,86,60
2022,1062,30,0,85,2008,93,75
2020,1062,62,0,9,3818,158,75
2018,1062,54,0,9,2601,158,75
2014,966,74,1,72,1462,154,63
2022,1062,87,8,85,5823,158,75
2023,1062,54,0,0,8069,69,75
2023,964,66,0,85,9338,23,66
2017,1062,61,0,42,5885,157,75
2017,1015,61,7,65,11567,158,73
2022,558,92,6,85,12108,158,60
2022,203,54,0,0,2081,134,60
2022,828,92,4,66,11101,152,60
2023,1062,76,1,85,5791,93,75
2022,940,52,0,0,5370,69,75
2017,1062,61,0,13,10214,25,75
2022,1062,30,7,85,4408,156,75
2019,1062,61,6,0,12007,49,75
2021,1062,92,0,0,3857,52,75
2023,1062,67,3,85,3503,158,75
2022,726,66,4,69,6001,117,60
2021,1062,62,0,85,3629,158,75
2020,867,52,5,66,9896,155,65
2022,1062,62,0,9,7786,158,75
2022,1062,27,0,85,3064,123,75
2022,642,92,3,85,7163,116,16
2018,1062,61,0,9,2390,158,75
2022,726,42,4,67,5945,144,60
2022,1062,90,2,85,5461,29,75
2018,1062,77,4,32,6889,124,75
2016,716,92,4,63,5442,158,75
2021,1089,51,0,9,3668,8,60
2021,482,94,0,0,9486,51,60
2015,1062,61,8,9,10265,158,75
2023,1062,57,6,85,10362,157,75
2021,1062,51,1,85,6347,28,75
2019,1034,55,0,61,11229,14,74
2023,1062,60,0,85,2429,157,75
2023,1062,62,0,9,3209,158,75
2023,1062,52,0,85,4206,158,75
2016,1066,81,8,72,11547,158,68
2023,1062,57,0,85,8834,28,75
2023,1062,92,0,9,2572,158,75
2016,1062,72,0,61,11457,158,75
2022,1062,51,8,69,805,80,75
2017,691,62,0,0,898,62,38
2017,1062,81,0,42,5203,158,75
2019,411,81,3,9,828,157,60
2022,203,52,0,0,2081,158,60
2018,1062,31,0,13,1861,8,75
2020,1062,92,0,0,8583,49,75
2022,726,92,4,69,2900,117,60
2023,1062,70,0,85,3189,123,75
2021,1062,62,0,1,4395,158,75
2020,1062,92,0,9,9538,25,75
2015,1062,51,6,63,3536,136,75
2020,465,53,8,1,4206,158,75
2020,1062,61,8,9,7908,116,75
2021,1062,31,0,1,4738,71,75
2022,726,51,4,69,6002,80,60
2015,133,92,4,72,1558,116,56
2014,131,52,4,63,1557,107,51
2021,1062,62,0,1,5428,158,75
2022,1062,78,8,85,5767,158,75
2020,1062,92,8,13,9258,116,75
2014,1062,54,0,9,8749,133,75
2022,1062,60,0,85,6333,115,75
2022,1062,41,8,85,10424,101,75
2021,1062,59,4,85,6619,38,75
2014,953,92,4,72,9990,126,68
2021,1062,62,0,85,4346,158,75
2015,718,81,8,72,10698,156,62
2022,1050,86,8,85,10595,127,77
2021,975,40,5,74,6716,99,52
2021,1062,71,8,9,5319,158,75
2023,1062,51,0,9,5576,58,75
2022,1062,51,0,1,7640,134,75
2019,1062,62,0,9,11945,158,75
2017,1062,62,0,0,11907,158,75
2021,1062,47,0,85,9906,32,75
2015,1062,52,8,9,6278,158,75
2021,1062,44,7,85,2007,49,75
2024,1062,92,0,70,2329,25,75
2015,107,31,8,72,10869,89,75
2022,1062,49,6,85,8421,157,75
2023,1062,61,8,85,7254,158,75
2022,1062,66,0,85,9247,154,75
2022,1062,23,0,85,2446,87,75
2022,1062,50,2,85,1691,157,75
2020,1062,81,0,9,879,68,75
2022,577,51,0,42,7981,158,75
2016,1062,54,0,42,6572,158,75
2022,1062,92,8,85,9347,89,75
2017,193,81,5,1,8428,98,75
2022,203,32,0,0,2081,150,60
2015,1062,92,8,9,6313,25,75
2023,1062,62,8,85,5286,158,75
2019,1062,92,8,13,809,12,75
2022,473,61,0,1,10935,157,60
2023,1062,61,0,85,9150,75,75
2022,327,41,4,70,10575,110,69
2022,1062,98,0,85,9418,72,75
2021,1062,62,8,9,2655,158,75
2022,777,81,4,69,9836,36,74
2021,1062,70,0,85,1534,71,75
2023,827,46,0,4,9332,113,75
2020,1062,51,0,63,6310,103,75
2020,1062,48,0,9,1922,158,75
2023,592,31,0,0,2357,69,75
2020,1062,92,8,9,8410,21,75
2023,965,76,0,85,10168,154,75
2022,1062,35,0,85,6481,158,75
2016,422,92,4,9,4486,146,75
2014,1062,92,8,9,11,25,75
2023,1133,72,0,9,11155,103,60
2023,910,21,4,84,4108,158,75
2023,823,37,0,0,9669,59,75
2019,1062,92,0,0,10099,157,75
2022,639,92,0,0,7913,85,60
2018,510,71,0,28,10024,158,75
2022,1062,62,0,0,2683,158,75
2016,112,92,4,9,1749,146,75
2021,1062,51,4,85,3907,157,75
2021,1062,61,0,6,9968,158,75
2023,1062,53,0,85,3392,158,75
2024,1062,52,0,72,4741,158,75
2021,1062,85,8,85,5673,157,75
2018,1062,31,0,9,4618,158,75
2020,1062,62,8,9,6882,158,75
2023,301,62,0,85,745,8,75
2020,829,56,0,1,6115,158,68
2021,1062,62,8,9,10864,8,75
2019,1062,31,8,27,5225,158,75
2022,1062,61,0,85,9476,158,75
2021,1062,71,5,85,6480,116,75
2022,1062,83,6,85,2701,158,75
2023,1062,58,8,85,2776,155,75
2016,973,51,8,72,405,13,75
2022,1070,56,0,0,3557,157,70
2022,569,56,4,85,9198,112,33
2016,950,92,8,72,488,125,75
2021,1062,51,8,9,9341,157,75
2016,157,92,8,72,4003,7,6
2016,551,61,8,9,4892,158,78
2023,1062,22,3,85,7875,28,75
2021,1062,51,0,9,11485,158,75
2019,1062,51,8,0,10132,158,75
2019,1062,61,0,0,6681,158,75
2020,430,81,0,70,255,28,75
2024,1062,92,0,72,5014,158,75
2020,1062,61,0,0,9944,158,75
2016,1062,51,7,63,865,139,75
2021,1062,62,2,72,7748,127,75
2020,98,62,8,42,378,158,75
2020,1062,51,0,9,11722,158,75
2022,1062,64,0,0,2236,145,75
2023,1049,61,1,85,8160,106,66
2021,966,94,0,0,10620,114,69
2023,514,92,4,85,10638,68,29
2023,1062,62,0,41,11299,158,75
2022,1062,92,0,85,10448,104,75
2022,511,50,3,85,10852,2,31
2023,352,52,4,72,1082,123,74
2019,1062,52,8,42,4149,158,75
2023,1062,75,2,85,7713,157,75
2021,803,62,0,9,5819,158,75
2020,1062,75,8,85,738,157,75
2019,1062,62,0,9,7253,158,75
2021,1062,52,2,85,4298,157,75
2021,819,92,0,0,8715,157,71
2021,1076,46,0,0,11582,139,75
2023,1062,62,0,0,3013,158,75
2019,1062,52,0,42,8728,158,75
2021,1062,71,8,32,8962,56,75
2019,1062,55,0,0,1624,65,75
2023,64,58,0,9,8175,137,63
2021,1062,27,8,85,2264,157,75
2022,1062,64,7,85,6791,156,75
2022,1062,90,7,85,2489,149,75
2017,1062,81,3,42,9318,93,75
2022,1062,92,6,85,8904,96,75
2021,1062,92,0,0,9581,61,75
2023,1062,48,8,9,8188,69,75
2021,615,55,0,0,1237,106,75
2022,1062,60,1,85,2044,133,75
2021,1062,53,0,42,1863,8,75
2021,1062,61,0,85,11909,158,75
2019,984,82,2,66,1682,13,52
2023,110,54,0,8,1362,158,60
2021,431,52,0,0,9673,158,60
2016,545,92,8,9,4869,162,75
2021,998,72,0,4,9420,57,75
2015,1062,81,3,42,9316,158,75
2022,1062,51,5,85,6602,52,75
2023,1062,31,0,9,1285,158,75
2022,745,48,0,6,6678,158,75
2023,1062,55,6,85,1141,158,75
2022,1062,90,8,85,10176,158,75
2022,623,60,3,85,8654,121,37
2022,777,56,4,69,9839,71,74
2022,1062,37,1,85,2240,139,75
2022,203,52,0,0,2081,158,60
2022,1097,48,0,0,8950,46,61
2015,107,92,8,72,8229,89,75
2015,1077,54,6,51,5949,158,77
2022,1062,52,0,42,8064,158,75
2021,175,23,0,1,2623,158,75
2022,1062,31,0,85,2653,158,75
2018,1062,52,0,42,1816,158,75
2022,1062,75,1,85,1249,91,75
2021,1062,51,0,85,10489,111,75
2022,726,31,4,69,5938,107,60
2018,739,48,4,15,5021,157,75
2019,1062,61,3,9,11643,8,75
2014,653,52,4,72,1728,10,6
2020,428,51,7,72,3787,86,8
2021,685,48,0,1,11717,68,75
2023,1062,51,3,54,615,123,75
2020,1062,51,8,9,6103,85,75
2022,1062,61,0,0,2679,158,75
2022,1062,60,7,85,2436,71,75
2022,1062,58,6,85,10999,154,75
2023,907,92,3,41,7485,61,52
2021,997,45,0,2,3924,151,62
2022,198,62,0,0,12090,158,75
2022,1062,48,8,85,6232,22,75
2019,1062,81,8,72,11359,158,75
2020,1089,92,0,0,8545,158,60
2017,1132,81,8,72,4996,158,75
2021,1062,52,6,85,2231,70,75
2022,276,31,0,0,3108,158,75
2019,672,51,0,13,10167,158,78
2023,1062,62,8,85,9068,82,75
2021,1076,57,0,0,7751,139,71
2023,710,32,0,85,9440,141,75
2019,764,54,1,9,1988,49,16
2022,1062,63,8,85,1310,136,75
2023,1062,61,3,5,9579,158,75
2018,1062,61,2,24,5441,96,75
2022,1062,46,0,85,8952,155,75
2023,1062,61,0,0,7630,158,75
2016,157,92,8,72,4003,7,6
2020,1062,61,0,9,9880,157,75
2022,1062,76,8,85,5758,158,75
2021,1062,78,0,85,3978,111,75
2021,1062,44,0,9,11829,158,75
2017,1062,92,8,9,11645,157,75
2022,1100,22,4,85,9441,121,63
2023,1133,61,0,9,10266,158,60
2023,1062,61,8,85,10030,158,75
2022,341,56,0,5,4635,150,60
2023,1062,51,4,85,7883,157,75
2022,1062,24,0,85,2298,94,75
2020,428,51,7,72,3787,117,8
2022,1062,61,0,85,8021,156,75
2017,705,63,6,66,10665,119,73
2023,58,62,0,0,5389,158,60
2023,1062,62,0,41,6113,158,75
2020,1062,66,5,46,2086,82,75
2022,763,92,4,69,9800,49,60
2021,1062,65,0,85,4478,158,75
2018,1062,92,0,9,4144,158,75
2016,851,92,8,72,11347,61,27
2018,1062,81,8,72,5111,158,75
2021,1062,54,8,85,12078,158,75
2023,1133,52,0,0,6729,25,60
2019,1062,44,0,9,2596,104,75
2021,1086,52,0,0,6350,158,69
2023,1062,39,4,85,3398,158,75
2019,1062,31,8,9,6287,28,75
2019,1062,92,8,42,646,31,75
2022,1062,79,8,85,1904,12,75
2023,691,62,0,0,9407,158,75
2016,486,92,4,72,1329,109,52
2024,203,31,0,7,2370,49,60
2022,1062,51,0,85,8138,11,75
2022,1060,72,0,85,11037,29,74
2022,1062,54,8,85,8803,68,75
2023,777,56,2,85,9206,58,50
2020,1062,54,8,9,7678,8,75
2015,970,81,8,72,11345,104,49
2023,347,62,0,9,4202,158,75
2016,424,92,4,72,4099,0,78
2023,687,55,0,7,10021,140,75
2020,1062,81,8,72,7383,158,75
2022,656,59,0,85,11549,68,75
2020,1062,51,8,9,2756,52,75
2022,1062,51,0,9,1847,8,75
2022,660,74,1,73,575,139,74
2022,1062,61,2,85,364,158,75
2023,872,72,1,85,8234,42,58
2021,1062,53,3,85,3989,157,75
2017,844,69,5,18,5365,143,68
2023,1062,66,0,0,7763,121,75
2021,1062,62,0,1,5827,158,75
2022,1062,33,8,85,2479,158,75
2018,1062,72,0,0,1802,158,75
2020,1062,83,2,16,9374,141,75
2022,729,53,4,85,7371,125,60
2022,1062,36,0,85,2375,98,75
2023,58,33,0,0,8169,45,60
2022,591,57,0,0,9527,108,68
2022,1029,52,1,85,6841,44,75
2022,1062,59,3,85,3070,158,75
2021,799,84,4,40,11659,115,69
2023,642,51,1,85,10156,148,75
2023,562,54,0,9,9131,69,75
2021,1062,48,0,0,265,69,75
2023,203,54,0,0,1311,158,60
2023,865,45,0,85,9778,109,75
2023,1062,89,1,85,10075,157,75
2023,1133,71,0,9,6640,158,60
2016,1062,51,8,63,11144,157,75
2020,526,71,0,9,7486,157,75
2018,506,49,2,85,2002,65,31
2018,676,58,2,18,5623,142,75
2023,1133,52,0,9,2472,158,60
2022,923,60,0,0,7361,55,75
2022,1062,54,8,9,5104,158,75
2021,740,86,0,1,3376,157,67
2022,992,59,1,6,318,82,71
2020,1062,57,6,15,5024,33,75
2022,58,48,8,85,11341,49,60
2021,1062,80,8,85,622,158,75
2022,1062,92,0,85,2797,139,75
2022,1062,62,2,85,10534,157,75
2023,1062,31,1,85,7117,152,75
2022,428,52,7,41,669,154,8
2016,1062,81,8,13,7882,158,75
2022,1079,61,0,0,10314,157,75
2016,1062,51,0,9,6290,158,75
2022,1062,49,3,85,2687,158,75
2022,1049,92,8,85,10425,123,78
2023,1062,36,8,85,4020,157,75
2020,1062,62,0,42,7086,8,75
2022,1044,79,7,85,8068,153,74
2022,956,64,0,0,8266,135,75
2021,1062,54,0,0,3487,44,75
2021,1089,43,0,1,4794,66,60
2021,696,83,5,63,9966,94,64
2020,1062,81,0,42,8506,157,75
2020,331,68,5,63,11221,82,35
2022,1062,68,0,85,8897,73,75
2023,797,70,1,9,9480,114,75
2023,347,72,0,9,11991,104,75
2023,1003,61,8,85,6961,158,75
2023,1133,52,0,9,1947,158,60
2023,1062,56,0,5,3236,158,75
2023,1119,67,0,0,2498,158,62
2022,695,65,4,69,5854,132,60
2022,810,40,0,0,4317,63,68
2021,276,31,0,0,3108,158,75
2021,1062,92,1,85,4876,41,75
2016,877,58,5,66,9826,58,65
2019,1062,92,0,9,8543,158,75
2021,1062,75,3,85,1765,41,75
2022,1062,62,0,0,5703,158,75
2023,1062,54,0,54,8066,158,75
2017,1027,92,8,63,11322,7,75
2021,932,30,0,0,5296,154,73
2019,1062,92,0,0,4404,158,75
2023,1062,62,0,9,8095,158,75
2022,558,85,4,63,10880,35,60
2023,1062,92,7,85,3023,157,75
2022,1062,79,0,85,828,87,75
2022,726,92,4,69,5982,80,60
2020,1062,48,8,72,583,158,75
2023,1133,52,0,0,2578,158,60
2023,1062,46,0,85,3326,158,75
2022,1062,47,0,85,6269,158,75
2021,1062,46,0,85,2199,157,75
2020,1062,51,8,9,11466,158,75
2019,1062,78,4,34,5692,158,75
2015,663,51,8,72,1662,61,27
2021,1062,70,7,85,5366,158,75
2023,1062,58,1,85,3429,158,75
2020,1008,60,0,1,7168,156,61
2016,236,54,0,9,3577,158,65
2023,691,52,0,9,2104,125,38
2020,1091,54,0,1,7173,45,75
2022,951,50,0,14,11047,158,75
2020,666,92,0,4,9879,96,64
2023,994,58,0,0,4272,52,75
2022,1062,30,3,85,2219,69,75
2021,769,25,7,73,5711,72,21
2022,923,31,0,0,7361,158,75
2023,524,56,0,9,10524,158,75
2022,1062,51,0,85,6706,28,75
2018,1062,76,6,54,3283,58,75
2016,221,52,8,9,10059,13,75
2015,95,92,8,72,10696,50,25
2016,1062,61,8,9,11881,158,75
2018,1062,92,0,9,6401,158,75
2022,1062,40,0,85,8423,156,75
2021,1106,62,0,1,6171,158,75
2023,1062,54,0,9,4141,158,75
2016,1062,92,8,80,4553,116,75
2019,1062,81,3,13,8763,25,75
2022,1062,60,0,85,4135,158,75
2021,1062,61,3,85,3265,158,75
2021,1062,62,0,9,6541,45,75
2014,1062,44,0,9,12000,158,75
2023,1062,25,0,85,6902,158,75
2017,1062,81,2,9,1518,158,75
2022,1062,81,4,63,3799,158,75
2021,1062,31,0,37,5419,158,75
2021,1063,90,0,0,10546,156,75
2020,1062,61,0,9,10230,157,75
2020,598,54,0,42,1029,157,74
2023,1062,92,0,85,3131,157,75
2017,1062,61,8,72,11105,158,75
2016,1062,52,0,9,2636,158,75
2021,1062,37,0,85,2405,51,75
2021,647,64,0,0,5258,52,75
2022,1062,90,0,85,7905,137,75
2016,1062,52,8,63,616,158,75
2022,1079,72,0,0,11743,41,75
2020,1062,92,0,0,2467,158,75
2023,1062,79,1,85,2328,157,75
2015,363,81,4,28,6360,155,78
2022,1062,56,0,86,11079,21,75
2014,666,54,8,72,1335,144,29
2021,1062,71,5,85,6500,113,75
2024,1062,71,0,42,5680,92,75
2020,1062,92,7,69,8520,33,75
2021,513,61,3,72,4689,157,29
2022,1062,52,0,0,4182,8,75
2020,951,60,1,12,4086,150,63
2022,1062,59,2,85,2874,158,75
2021,422,61,3,72,1283,134,75
2022,592,27,0,7,3926,8,75
2023,601,68,0,9,9193,152,75
2022,1062,52,0,9,6131,158,75
2016,135,92,4,72,4537,5,58
2023,1062,82,5,85,8979,128,75
2021,1062,92,3,42,11200,154,75
2021,1062,60,7,0,8441,17,75
2019,428,51,7,72,3787,85,8
2022,558,92,4,63,3352,41,60
2016,1062,92,8,80,4553,116,75
2019,1062,48,8,72,5296,104,75
2021,944,61,0,1,8011,138,73
2022,822,51,6,85,11321,91,56
2022,203,50,0,0,2081,62,60
2021,320,44,0,6,5395,49,60
2022,1062,88,6,85,2400,140,75
2014,344,50,8,63,10953,158,75
2017,1043,51,0,72,3923,158,75
2022,855,71,0,0,7602,157,75
2017,1062,62,0,0,3634,158,75
2021,1062,92,5,85,9430,103,75
2021,831,74,0,3,1841,158,68
2022,1080,82,0,0,4857,46,70
2023,1062,53,0,85,3382,157,75
2015,228,51,6,68,2421,155,75
2021,1062,43,1,85,167,67,75
2023,311,31,0,0,1920,158,16
2014,953,51,2,72,9998,158,68
2021,688,70,0,3,580,118,68
2015,1029,77,8,72,1190,157,75
2021,1062,54,0,37,7463,158,75
2023,1062,54,0,85,3912,158,75
2020,902,72,0,9,6540,146,75
2023,686,52,0,9,903,135,75
2018,1062,44,0,9,4800,158,75
2022,1062,52,0,9,2695,158,75
2023,869,92,3,41,10178,10,60
2022,445,21,4,9,8186,29,75
2022,1062,92,5,85,9068,158,75
2023,1062,62,0,9,5585,158,75
2015,1062,81,8,9,2454,158,75
2021,1062,62,8,9,11871,104,75
2021,1058,48,0,85,9680,34,74
2017,1062,31,0,9,5790,158,75
2020,230,54,8,9,428,28,16
2021,1062,57,4,85,2436,87,75
2015,1062,71,8,72,10086,45,75
2018,1062,61,0,9,2333,25,75
2023,614,48,0,5,9127,127,75
2021,1062,54,7,85,11688,155,75
2023,1062,54,0,0,8968,66,75
2014,518,51,8,63,7723,71,35
2022,1045,92,4,85,8835,149,63
2021,145,85,4,64,4177,71,75
2020,720,54,0,1,318,157,75
2022,1062,62,0,0,8298,69,75
2022,807,54,0,0,3304,29,75
2024,148,61,4,63,10223,157,83
2022,1062,22,4,63,4390,86,75
2019,1062,92,8,72,8284,158,75
2019,1062,61,0,42,4826,158,75
2020,1062,54,8,9,1700,158,75
2022,1062,61,1,85,341,158,75
2023,1062,80,2,85,7693,158,75
2015,921,81,8,9,7277,155,75
2023,1062,52,5,0,9007,92,75
2015,257,52,0,63,7952,139,75
2014,729,81,4,9,5616,25,75
2018,1062,53,0,42,2829,140,75
2022,1062,92,0,85,9664,30,75
2021,1062,51,0,9,2163,21,75
2022,726,48,4,69,6062,80,60
2016,967,51,8,9,8052,158,75
2014,1041,47,8,64,9502,135,70
2023,1062,61,0,0,10943,103,75
2023,787,40,6,85,8709,133,51
2022,726,22,4,69,160,107,60
2022,798,54,0,0,9640,158,75
2022,1079,56,0,0,10309,21,75
2022,826,92,0,0,6831,44,75
2014,123,54,4,65,1551,119,56
2022,1070,65,0,2,10021,93,75
2018,411,81,3,13,893,49,60
2022,932,61,4,9,8283,123,75
2022,1079,64,0,0,11743,42,75
2020,906,49,0,0,2787,115,75
2020,1062,54,0,0,10203,122,75
2014,493,57,8,72,10823,153,75
2015,1062,92,8,72,9163,86,75
2022,1062,92,0,63,11018,22,75
2015,269,92,8,9,801,158,78
2022,197,92,0,9,558,62,75
2024,1062,72,0,0,6442,158,75
2022,1062,88,0,85,10132,115,75
2023,1062,62,0,85,7766,158,75
2023,1062,61,0,0,8689,158,75
2022,1108,48,0,0,7536,99,65
2014,1062,81,8,63,11205,155,75
2017,1062,62,0,42,7657,158,75
2022,1062,62,0,41,1222,158,75
2016,1062,52,8,9,2630,45,75
2022,587,62,0,0,10392,157,74
2016,742,54,8,28,10790,158,62
2022,112,52,4,85,1613,123,75
2022,1062,92,4,69,11508,63,75
2022,1062,59,0,85,10327,78,75
2023,1062,62,0,85,6349,158,75
2015,1062,61,8,9,10380,158,75
2021,1062,67,1,0,7397,120,75
2015,112,52,4,63,1615,151,75
2024,203,56,0,0,2941,140,60
2022,1062,52,0,41,550,155,75
2022,686,47,0,5,1307,108,68
2015,724,51,3,65,2728,148,75
2018,1062,71,0,42,1153,158,75
2014,665,51,8,28,11343,126,62
2020,955,22,0,1,6451,25,75
2022,557,63,0,85,11690,79,75
2016,545,92,8,9,4871,30,75
2022,209,62,0,0,3719,158,60
2018,1062,92,0,9,9094,71,75
2022,1079,61,0,0,11743,158,75
2019,1062,62,0,0,5278,158,75
2015,1062,92,3,9,7462,158,75
2021,1062,27,2,85,2634,91,75
2020,1062,52,0,42,922,155,75
2015,363,81,4,28,6360,155,78
2022,951,53,0,6,3089,127,75
2023,1133,52,0,9,8612,158,60
2022,685,51,0,85,10611,135,75
2023,97,79,0,0,8381,74,60
2022,595,51,0,0,5175,158,75
2021,1062,55,8,85,11941,158,75
2022,1062,80,1,85,5712,77,75
2023,1034,88,0,7,9339,140,75
2023,1062,48,4,85,1677,158,75
2023,874,71,1,85,8232,42,59
2019,1062,62,0,0,3137,158,75
2023,1062,61,0,82,5684,158,75
2021,1062,54,0,9,6838,158,75
2019,1066,84,6,21,9788,157,75
2017,1062,44,0,61,3570,158,75
2023,1062,61,0,0,8487,158,75
2023,713,92,5,85,8342,64,47
2020,985,46,6,85,8969,65,75
2021,1062,60,6,85,9187,14,75
2018,1062,92,7,63,8746,103,75
2022,58,52,0,0,8391,155,60
2021,685,81,0,1,1437,68,75
2020,1062,62,0,68,3653,101,75
2022,1062,52,3,9,5636,154,75
2014,1062,61,0,9,8121,158,75
2023,637,84,4,85,9331,122,38
2022,564,57,0,0,9128,134,71
2021,821,51,0,1,593,143,75
2022,648,51,4,69,5550,139,60
2022,1079,60,0,0,11741,158,75
2019,1062,54,0,0,7806,136,75
2023,1062,61,0,41,6642,157,75
2014,544,99,8,9,4853,61,27
